2025-10-14 18:27:00,561 - meta - WARNING - Meta-model not trained, returning default configuration
2025-10-14 18:27:00,562 - meta - WARNING - Meta-model not trained, returning default configuration
2025-10-14 18:28:42,760 - meta - INFO - Collecting experiment data for meta-learning
2025-10-14 18:28:42,760 - meta - INFO - Collected data from 2 experiments
2025-10-14 18:28:42,761 - meta - INFO - Updating meta-learning model
2025-10-14 18:28:42,761 - meta - INFO - Collecting experiment data for meta-learning
2025-10-14 18:28:42,761 - meta - INFO - Collected data from 2 experiments
2025-10-14 18:31:44,015 - meta - WARNING - Meta-model not trained, returning default configuration
2025-10-14 18:31:44,016 - meta - WARNING - Meta-model not trained, returning default configuration
2025-10-14 18:31:45,564 - meta - WARNING - Meta-model not trained, returning default configuration
2025-10-14 18:31:45,693 - meta - INFO - Collecting experiment data for meta-learning
2025-10-14 18:31:45,693 - meta - INFO - Collected data from 3 experiments
2025-10-14 18:31:45,693 - meta - INFO - Updating meta-learning model
2025-10-14 18:31:45,693 - meta - INFO - Collecting experiment data for meta-learning
2025-10-14 18:31:45,693 - meta - INFO - Collected data from 3 experiments
2025-10-14 18:32:14,718 - meta - WARNING - Meta-model not trained, returning default configuration
2025-10-14 18:32:14,719 - meta - WARNING - Meta-model not trained, returning default configuration
2025-10-14 18:32:14,720 - meta - WARNING - Meta-model not trained, returning default configuration
2025-10-14 18:32:14,830 - meta - INFO - Collecting experiment data for meta-learning
2025-10-14 18:32:14,830 - meta - INFO - Collected data from 3 experiments
2025-10-14 18:32:14,830 - meta - INFO - Updating meta-learning model
2025-10-14 18:32:14,830 - meta - INFO - Collecting experiment data for meta-learning
2025-10-14 18:32:14,830 - meta - INFO - Collected data from 3 experiments
2025-10-14 18:32:35,351 - meta - WARNING - Meta-model not trained, returning default configuration
2025-10-14 18:32:35,351 - meta - WARNING - Meta-model not trained, returning default configuration
2025-10-14 18:32:35,352 - meta - WARNING - Meta-model not trained, returning default configuration
2025-10-14 18:32:35,457 - meta - INFO - Collecting experiment data for meta-learning
2025-10-14 18:32:35,457 - meta - INFO - Collected data from 3 experiments
2025-10-14 18:32:35,458 - meta - INFO - Updating meta-learning model
2025-10-14 18:32:35,458 - meta - INFO - Collecting experiment data for meta-learning
2025-10-14 18:32:35,458 - meta - INFO - Collected data from 3 experiments
2025-10-14 18:32:51,823 - meta - WARNING - Meta-model not trained, returning default configuration
2025-10-14 18:32:51,824 - meta - WARNING - Meta-model not trained, returning default configuration
2025-10-14 18:32:51,825 - meta - WARNING - Meta-model not trained, returning default configuration
2025-10-14 18:32:51,926 - meta - INFO - Collecting experiment data for meta-learning
2025-10-14 18:32:51,926 - meta - INFO - Collected data from 3 experiments
2025-10-14 18:32:51,926 - meta - INFO - Updating meta-learning model
2025-10-14 18:32:51,926 - meta - INFO - Collecting experiment data for meta-learning
2025-10-14 18:32:51,927 - meta - INFO - Collected data from 3 experiments
2025-10-14 18:35:31,198 - meta - WARNING - Meta-model not trained, returning default configuration
2025-10-14 18:35:31,464 - meta - WARNING - Meta-model not trained, returning default configuration
2025-10-14 18:35:31,464 - meta - WARNING - Meta-model not trained, returning default configuration
2025-10-14 18:35:31,614 - meta - INFO - Collecting experiment data for meta-learning
2025-10-14 18:35:31,615 - meta - INFO - Collected data from 3 experiments
2025-10-14 18:35:31,615 - meta - INFO - Updating meta-learning model
2025-10-14 18:35:31,615 - meta - INFO - Collecting experiment data for meta-learning
2025-10-14 18:35:31,615 - meta - INFO - Collected data from 3 experiments
2025-10-14 18:36:38,299 - meta - WARNING - Meta-model not trained, returning default configuration
2025-10-14 18:36:38,300 - meta - WARNING - Meta-model not trained, returning default configuration
2025-10-14 18:36:38,300 - meta - WARNING - Meta-model not trained, returning default configuration
2025-10-14 18:36:38,425 - meta - INFO - Collecting experiment data for meta-learning
2025-10-14 18:36:38,425 - meta - INFO - Collected data from 3 experiments
2025-10-14 18:36:38,425 - meta - INFO - Updating meta-learning model
2025-10-14 18:36:38,425 - meta - INFO - Collecting experiment data for meta-learning
2025-10-14 18:36:38,425 - meta - INFO - Collected data from 3 experiments
2025-10-14 18:37:32,481 - meta - WARNING - Meta-model not trained, returning default configuration
2025-10-14 18:37:32,482 - meta - WARNING - Meta-model not trained, returning default configuration
2025-10-14 18:37:32,482 - meta - WARNING - Meta-model not trained, returning default configuration
2025-10-14 18:37:32,602 - meta - INFO - Collecting experiment data for meta-learning
2025-10-14 18:37:32,602 - meta - INFO - Collected data from 3 experiments
2025-10-14 18:37:32,603 - meta - INFO - Updating meta-learning model
2025-10-14 18:37:32,603 - meta - INFO - Collecting experiment data for meta-learning
2025-10-14 18:37:32,603 - meta - INFO - Collected data from 3 experiments
2025-10-14 18:37:39,216 - meta - WARNING - Meta-model not trained, returning default configuration
2025-10-14 18:37:39,216 - meta - WARNING - Meta-model not trained, returning default configuration
2025-10-14 18:37:39,217 - meta - WARNING - Meta-model not trained, returning default configuration
2025-10-14 18:37:39,338 - meta - INFO - Collecting experiment data for meta-learning
2025-10-14 18:37:39,338 - meta - INFO - Collected data from 3 experiments
2025-10-14 18:37:39,338 - meta - INFO - Updating meta-learning model
2025-10-14 18:37:39,338 - meta - INFO - Collecting experiment data for meta-learning
2025-10-14 18:37:39,338 - meta - INFO - Collected data from 3 experiments
2025-10-14 18:37:43,473 - meta - WARNING - Meta-model not trained, returning default configuration
2025-10-14 18:37:43,620 - meta - WARNING - Meta-model not trained, returning default configuration
2025-10-14 18:37:45,312 - meta - WARNING - Meta-model not trained, returning default configuration
2025-10-14 18:38:03,568 - meta - WARNING - Meta-model not trained, returning default configuration
2025-10-14 18:38:03,569 - meta - WARNING - Meta-model not trained, returning default configuration
2025-10-14 18:38:03,570 - meta - WARNING - Meta-model not trained, returning default configuration
2025-10-14 18:38:03,684 - meta - INFO - Collecting experiment data for meta-learning
2025-10-14 18:38:03,684 - meta - INFO - Collected data from 3 experiments
2025-10-14 18:38:03,684 - meta - INFO - Updating meta-learning model
2025-10-14 18:38:03,684 - meta - INFO - Collecting experiment data for meta-learning
2025-10-14 18:38:03,684 - meta - INFO - Collected data from 3 experiments
2025-10-14 18:39:29,838 - meta - INFO - Collecting experiment data for meta-learning
2025-10-14 18:39:29,838 - meta - INFO - Collected data from 3 experiments
2025-10-14 18:39:29,838 - meta - INFO - Updating meta-learning model
2025-10-14 18:39:29,839 - meta - INFO - Collecting experiment data for meta-learning
2025-10-14 18:39:29,839 - meta - INFO - Collected data from 3 experiments
2025-10-14 18:40:19,840 - meta - WARNING - Meta-model not trained, returning default configuration
2025-10-14 18:40:19,842 - meta - WARNING - Meta-model not trained, returning default configuration
2025-10-14 18:40:19,842 - meta - WARNING - Meta-model not trained, returning default configuration
2025-10-14 18:40:19,947 - meta - INFO - Collecting experiment data for meta-learning
2025-10-14 18:40:19,947 - meta - INFO - Collected data from 3 experiments
2025-10-14 18:40:19,947 - meta - INFO - Updating meta-learning model
2025-10-14 18:40:19,947 - meta - INFO - Collecting experiment data for meta-learning
2025-10-14 18:40:19,947 - meta - INFO - Collected data from 3 experiments
2025-10-14 18:43:18,713 - meta - WARNING - Meta-model not trained, returning default configuration
2025-10-14 18:43:18,714 - meta - WARNING - Meta-model not trained, returning default configuration
2025-10-14 18:43:18,715 - meta - WARNING - Meta-model not trained, returning default configuration
2025-10-14 18:43:18,816 - meta - INFO - Collecting experiment data for meta-learning
2025-10-14 18:43:18,816 - meta - INFO - Collected data from 3 experiments
2025-10-14 18:43:18,817 - meta - INFO - Updating meta-learning model
2025-10-14 18:43:18,817 - meta - INFO - Collecting experiment data for meta-learning
2025-10-14 18:43:18,817 - meta - INFO - Collected data from 3 experiments
2025-10-14 18:46:40,082 - meta - WARNING - Meta-model not trained, returning default configuration
2025-10-14 18:46:40,233 - meta - WARNING - Meta-model not trained, returning default configuration
2025-10-14 18:46:41,951 - meta - WARNING - Meta-model not trained, returning default configuration
2025-10-14 18:48:26,427 - meta - INFO - Collecting experiment data for meta-learning
2025-10-14 18:48:26,427 - meta - INFO - Collected data from 4 experiments
2025-10-14 18:48:26,427 - meta - INFO - Updating meta-learning model
2025-10-14 18:48:26,427 - meta - INFO - Collecting experiment data for meta-learning
2025-10-14 18:48:26,428 - meta - INFO - Collected data from 4 experiments
2025-10-14 23:04:11,909 - meta - WARNING - Meta-model not trained, returning default configuration
2025-10-14 23:04:12,041 - meta - WARNING - Meta-model not trained, returning default configuration
2025-10-14 23:04:13,572 - meta - WARNING - Meta-model not trained, returning default configuration
2025-10-14 23:05:49,603 - meta - INFO - Collecting experiment data for meta-learning
2025-10-14 23:05:49,604 - meta - INFO - Collected data from 4 experiments
2025-10-14 23:05:49,604 - meta - INFO - Updating meta-learning model
2025-10-14 23:05:49,604 - meta - INFO - Collecting experiment data for meta-learning
2025-10-14 23:05:49,604 - meta - INFO - Collected data from 4 experiments
2025-10-15 10:41:41,849 - meta - WARNING - Meta-model not trained, returning default configuration
2025-10-15 10:41:42,030 - meta - WARNING - Meta-model not trained, returning default configuration
2025-10-15 10:41:43,670 - meta - WARNING - Meta-model not trained, returning default configuration
2025-10-15 10:43:24,699 - meta - INFO - Collecting experiment data for meta-learning
2025-10-15 10:43:24,699 - meta - INFO - Collected data from 4 experiments
2025-10-15 10:43:24,699 - meta - INFO - Updating meta-learning model
2025-10-15 10:43:24,699 - meta - INFO - Collecting experiment data for meta-learning
2025-10-15 10:43:24,699 - meta - INFO - Collected data from 4 experiments
2025-10-15 14:58:51,095 - meta - WARNING - Meta-model not trained, returning default configuration
2025-10-15 14:58:51,690 - meta - WARNING - Meta-model not trained, returning default configuration
2025-10-15 14:58:53,525 - meta - WARNING - Meta-model not trained, returning default configuration
2025-10-15 15:00:47,829 - meta - INFO - Collecting experiment data for meta-learning
2025-10-15 15:00:47,829 - meta - INFO - Collected data from 4 experiments
2025-10-15 15:00:47,830 - meta - INFO - Updating meta-learning model
2025-10-15 15:00:47,830 - meta - INFO - Collecting experiment data for meta-learning
2025-10-15 15:00:47,830 - meta - INFO - Collected data from 4 experiments
2025-10-15 15:11:10,377 - meta - WARNING - Meta-model not trained, returning default configuration
2025-10-15 15:11:10,549 - meta - WARNING - Meta-model not trained, returning default configuration
2025-10-15 15:11:12,348 - meta - WARNING - Meta-model not trained, returning default configuration
2025-10-15 15:13:03,747 - meta - INFO - Collecting experiment data for meta-learning
2025-10-15 15:13:03,747 - meta - INFO - Collected data from 4 experiments
2025-10-15 15:13:03,747 - meta - INFO - Updating meta-learning model
2025-10-15 15:13:03,747 - meta - INFO - Collecting experiment data for meta-learning
2025-10-15 15:13:03,747 - meta - INFO - Collected data from 4 experiments
2025-10-15 15:13:47,959 - meta - WARNING - Meta-model not trained, returning default configuration
2025-10-15 15:13:48,091 - meta - WARNING - Meta-model not trained, returning default configuration
2025-10-15 15:13:49,633 - meta - WARNING - Meta-model not trained, returning default configuration
2025-10-15 15:15:36,854 - meta - INFO - Collecting experiment data for meta-learning
2025-10-15 15:15:36,855 - meta - INFO - Collected data from 4 experiments
2025-10-15 15:15:36,856 - meta - INFO - Updating meta-learning model
2025-10-15 15:15:36,856 - meta - INFO - Collecting experiment data for meta-learning
2025-10-15 15:15:36,856 - meta - INFO - Collected data from 4 experiments
2025-10-15 15:19:08,844 - meta - WARNING - Meta-model not trained, returning default configuration
2025-10-15 15:19:09,022 - meta - WARNING - Meta-model not trained, returning default configuration
2025-10-15 15:19:10,724 - meta - WARNING - Meta-model not trained, returning default configuration
2025-10-15 15:19:23,553 - meta - WARNING - Meta-model not trained, returning default configuration
2025-10-15 15:19:23,735 - meta - WARNING - Meta-model not trained, returning default configuration
2025-10-15 15:19:25,525 - meta - WARNING - Meta-model not trained, returning default configuration
2025-10-15 15:20:05,640 - meta - WARNING - Meta-model not trained, returning default configuration
2025-10-15 15:20:05,889 - meta - WARNING - Meta-model not trained, returning default configuration
2025-10-15 15:20:07,814 - meta - WARNING - Meta-model not trained, returning default configuration
2025-10-15 15:21:11,184 - meta - INFO - Collecting experiment data for meta-learning
2025-10-15 15:21:11,184 - meta - INFO - Collected data from 4 experiments
2025-10-15 15:21:11,185 - meta - INFO - Updating meta-learning model
2025-10-15 15:21:11,185 - meta - INFO - Collecting experiment data for meta-learning
2025-10-15 15:21:11,185 - meta - INFO - Collected data from 4 experiments
2025-10-15 15:21:23,911 - meta - INFO - Collecting experiment data for meta-learning
2025-10-15 15:21:23,911 - meta - INFO - Collected data from 4 experiments
2025-10-15 15:21:23,911 - meta - INFO - Updating meta-learning model
2025-10-15 15:21:23,911 - meta - INFO - Collecting experiment data for meta-learning
2025-10-15 15:21:23,911 - meta - INFO - Collected data from 4 experiments
2025-10-15 15:23:35,127 - meta - WARNING - Meta-model not trained, returning default configuration
2025-10-15 15:23:35,275 - meta - WARNING - Meta-model not trained, returning default configuration
2025-10-15 15:23:36,885 - meta - WARNING - Meta-model not trained, returning default configuration
2025-10-15 15:24:55,089 - meta - WARNING - Meta-model not trained, returning default configuration
2025-10-15 15:24:55,276 - meta - WARNING - Meta-model not trained, returning default configuration
2025-10-15 15:24:57,178 - meta - WARNING - Meta-model not trained, returning default configuration
2025-10-15 15:25:29,712 - meta - WARNING - Meta-model not trained, returning default configuration
2025-10-15 15:25:29,878 - meta - WARNING - Meta-model not trained, returning default configuration
2025-10-15 15:25:32,261 - meta - WARNING - Meta-model not trained, returning default configuration
2025-10-15 15:27:15,248 - meta - INFO - Collecting experiment data for meta-learning
2025-10-15 15:27:15,249 - meta - INFO - Collected data from 4 experiments
2025-10-15 15:27:15,249 - meta - INFO - Updating meta-learning model
2025-10-15 15:27:15,249 - meta - INFO - Collecting experiment data for meta-learning
2025-10-15 15:27:15,249 - meta - INFO - Collected data from 4 experiments
2025-10-15 15:38:12,003 - meta - WARNING - Meta-model not trained, returning default configuration
2025-10-15 15:38:12,187 - meta - WARNING - Meta-model not trained, returning default configuration
2025-10-15 15:38:13,932 - meta - WARNING - Meta-model not trained, returning default configuration
2025-10-15 15:39:55,958 - meta - INFO - Collecting experiment data for meta-learning
2025-10-15 15:39:55,958 - meta - INFO - Collected data from 4 experiments
2025-10-15 15:39:55,958 - meta - INFO - Updating meta-learning model
2025-10-15 15:39:55,958 - meta - INFO - Collecting experiment data for meta-learning
2025-10-15 15:39:55,958 - meta - INFO - Collected data from 4 experiments
2025-10-15 17:46:00,595 - meta - WARNING - Meta-model not trained, returning default configuration
2025-10-15 17:46:00,763 - meta - WARNING - Meta-model not trained, returning default configuration
2025-10-15 17:46:02,314 - meta - WARNING - Meta-model not trained, returning default configuration
2025-10-15 17:47:38,906 - meta - INFO - Collecting experiment data for meta-learning
2025-10-15 17:47:38,906 - meta - INFO - Collected data from 4 experiments
2025-10-15 17:47:38,906 - meta - INFO - Updating meta-learning model
2025-10-15 17:47:38,907 - meta - INFO - Collecting experiment data for meta-learning
2025-10-15 17:47:38,907 - meta - INFO - Collected data from 4 experiments
2025-10-15 19:40:59,460 - meta - WARNING - Meta-model not trained, returning default configuration
2025-10-15 19:40:59,460 - meta - WARNING - Meta-model not trained, returning default configuration
2025-10-15 19:40:59,460 - meta - WARNING - Meta-model not trained, returning default configuration
2025-10-15 19:40:59,572 - meta - INFO - Collecting experiment data for meta-learning
2025-10-15 19:40:59,572 - meta - INFO - Collected data from 3 experiments
2025-10-15 19:40:59,572 - meta - INFO - Updating meta-learning model
2025-10-15 19:40:59,572 - meta - INFO - Collecting experiment data for meta-learning
2025-10-15 19:40:59,572 - meta - INFO - Collected data from 3 experiments
2025-10-15 22:52:04,545 - meta - WARNING - Meta-model not trained, returning default configuration
2025-10-15 22:52:04,546 - meta - WARNING - Meta-model not trained, returning default configuration
2025-10-15 22:52:04,546 - meta - WARNING - Meta-model not trained, returning default configuration
2025-10-15 22:52:04,675 - meta - INFO - Collecting experiment data for meta-learning
2025-10-15 22:52:04,675 - meta - INFO - Collected data from 3 experiments
2025-10-15 22:52:04,675 - meta - INFO - Updating meta-learning model
2025-10-15 22:52:04,675 - meta - INFO - Collecting experiment data for meta-learning
2025-10-15 22:52:04,675 - meta - INFO - Collected data from 3 experiments
2025-10-15 22:54:00,649 - meta - WARNING - Meta-model not trained, returning default configuration
2025-10-15 22:54:00,650 - meta - WARNING - Meta-model not trained, returning default configuration
2025-10-15 22:54:00,650 - meta - WARNING - Meta-model not trained, returning default configuration
2025-10-15 22:54:00,755 - meta - INFO - Collecting experiment data for meta-learning
2025-10-15 22:54:00,755 - meta - INFO - Collected data from 3 experiments
2025-10-15 22:54:00,755 - meta - INFO - Updating meta-learning model
2025-10-15 22:54:00,755 - meta - INFO - Collecting experiment data for meta-learning
2025-10-15 22:54:00,755 - meta - INFO - Collected data from 3 experiments
2025-10-15 23:01:07,334 - meta - WARNING - Meta-model not trained, returning default configuration
2025-10-15 23:01:07,334 - meta - WARNING - Meta-model not trained, returning default configuration
2025-10-15 23:01:07,334 - meta - WARNING - Meta-model not trained, returning default configuration
2025-10-15 23:01:07,455 - meta - INFO - Collecting experiment data for meta-learning
2025-10-15 23:01:07,455 - meta - INFO - Collected data from 3 experiments
2025-10-15 23:01:07,455 - meta - INFO - Updating meta-learning model
2025-10-15 23:01:07,455 - meta - INFO - Collecting experiment data for meta-learning
2025-10-15 23:01:07,455 - meta - INFO - Collected data from 3 experiments
2025-10-15 23:11:39,762 - meta - WARNING - Meta-model not trained, returning default configuration
2025-10-15 23:11:39,762 - meta - WARNING - Meta-model not trained, returning default configuration
2025-10-15 23:11:39,762 - meta - WARNING - Meta-model not trained, returning default configuration
2025-10-15 23:11:39,867 - meta - INFO - Collecting experiment data for meta-learning
2025-10-15 23:11:39,867 - meta - INFO - Collected data from 3 experiments
2025-10-15 23:11:39,867 - meta - INFO - Updating meta-learning model
2025-10-15 23:11:39,867 - meta - INFO - Collecting experiment data for meta-learning
2025-10-15 23:11:39,867 - meta - INFO - Collected data from 3 experiments
2025-10-15 23:11:46,026 - meta - WARNING - Meta-model not trained, returning default configuration
2025-10-15 23:11:46,027 - meta - WARNING - Meta-model not trained, returning default configuration
2025-10-15 23:11:46,027 - meta - WARNING - Meta-model not trained, returning default configuration
2025-10-15 23:11:46,132 - meta - INFO - Collecting experiment data for meta-learning
2025-10-15 23:11:46,132 - meta - INFO - Collected data from 3 experiments
2025-10-15 23:11:46,132 - meta - INFO - Updating meta-learning model
2025-10-15 23:11:46,132 - meta - INFO - Collecting experiment data for meta-learning
2025-10-15 23:11:46,132 - meta - INFO - Collected data from 3 experiments
2025-10-15 23:14:46,720 - meta - WARNING - Meta-model not trained, returning default configuration
2025-10-15 23:14:46,721 - meta - WARNING - Meta-model not trained, returning default configuration
2025-10-15 23:14:46,721 - meta - WARNING - Meta-model not trained, returning default configuration
2025-10-15 23:14:46,896 - meta - INFO - Collecting experiment data for meta-learning
2025-10-15 23:14:46,896 - meta - INFO - Collected data from 3 experiments
2025-10-15 23:14:46,896 - meta - INFO - Updating meta-learning model
2025-10-15 23:14:46,896 - meta - INFO - Collecting experiment data for meta-learning
2025-10-15 23:14:46,896 - meta - INFO - Collected data from 3 experiments
2025-10-15 23:14:47,000 - meta - WARNING - Meta-model not trained, returning default configuration
2025-10-15 23:14:47,000 - meta - WARNING - Meta-model not trained, returning default configuration
2025-10-15 23:14:47,000 - meta - WARNING - Meta-model not trained, returning default configuration
2025-10-15 23:14:47,121 - meta - INFO - Collecting experiment data for meta-learning
2025-10-15 23:14:47,121 - meta - INFO - Collected data from 3 experiments
2025-10-15 23:14:47,121 - meta - INFO - Updating meta-learning model
2025-10-15 23:14:47,121 - meta - INFO - Collecting experiment data for meta-learning
2025-10-15 23:14:47,121 - meta - INFO - Collected data from 3 experiments
2025-10-15 23:15:09,678 - meta - WARNING - Meta-model not trained, returning default configuration
2025-10-15 23:15:09,678 - meta - WARNING - Meta-model not trained, returning default configuration
2025-10-15 23:15:09,678 - meta - WARNING - Meta-model not trained, returning default configuration
2025-10-15 23:15:09,780 - meta - INFO - Collecting experiment data for meta-learning
2025-10-15 23:15:09,780 - meta - INFO - Collected data from 3 experiments
2025-10-15 23:15:09,780 - meta - INFO - Updating meta-learning model
2025-10-15 23:15:09,780 - meta - INFO - Collecting experiment data for meta-learning
2025-10-15 23:15:09,780 - meta - INFO - Collected data from 3 experiments
2025-10-15 23:15:09,855 - meta - WARNING - Meta-model not trained, returning default configuration
2025-10-15 23:15:09,856 - meta - WARNING - Meta-model not trained, returning default configuration
2025-10-15 23:15:09,856 - meta - WARNING - Meta-model not trained, returning default configuration
2025-10-15 23:15:09,963 - meta - INFO - Collecting experiment data for meta-learning
2025-10-15 23:15:09,963 - meta - INFO - Collected data from 3 experiments
2025-10-15 23:15:09,963 - meta - INFO - Updating meta-learning model
2025-10-15 23:15:09,963 - meta - INFO - Collecting experiment data for meta-learning
2025-10-15 23:15:09,963 - meta - INFO - Collected data from 3 experiments
2025-10-16 08:14:00,767 - meta - WARNING - Meta-model not trained, returning default configuration
2025-10-16 08:14:00,768 - meta - WARNING - Meta-model not trained, returning default configuration
2025-10-16 08:14:00,768 - meta - WARNING - Meta-model not trained, returning default configuration
2025-10-16 08:14:00,876 - meta - INFO - Collecting experiment data for meta-learning
2025-10-16 08:14:00,876 - meta - INFO - Collected data from 3 experiments
2025-10-16 08:14:00,876 - meta - INFO - Updating meta-learning model
2025-10-16 08:14:00,876 - meta - INFO - Collecting experiment data for meta-learning
2025-10-16 08:14:00,876 - meta - INFO - Collected data from 3 experiments
2025-10-16 08:14:00,946 - meta - WARNING - Meta-model not trained, returning default configuration
2025-10-16 08:14:00,946 - meta - WARNING - Meta-model not trained, returning default configuration
2025-10-16 08:14:00,946 - meta - WARNING - Meta-model not trained, returning default configuration
2025-10-16 08:14:01,053 - meta - INFO - Collecting experiment data for meta-learning
2025-10-16 08:14:01,053 - meta - INFO - Collected data from 3 experiments
2025-10-16 08:14:01,053 - meta - INFO - Updating meta-learning model
2025-10-16 08:14:01,053 - meta - INFO - Collecting experiment data for meta-learning
2025-10-16 08:14:01,053 - meta - INFO - Collected data from 3 experiments
2025-10-16 08:14:14,047 - meta - WARNING - Meta-model not trained, returning default configuration
2025-10-16 08:14:14,047 - meta - WARNING - Meta-model not trained, returning default configuration
2025-10-16 08:14:14,047 - meta - WARNING - Meta-model not trained, returning default configuration
2025-10-16 08:14:14,152 - meta - INFO - Collecting experiment data for meta-learning
2025-10-16 08:14:14,152 - meta - INFO - Collected data from 3 experiments
2025-10-16 08:14:14,152 - meta - INFO - Updating meta-learning model
2025-10-16 08:14:14,152 - meta - INFO - Collecting experiment data for meta-learning
2025-10-16 08:14:14,152 - meta - INFO - Collected data from 3 experiments
2025-10-16 08:14:14,222 - meta - WARNING - Meta-model not trained, returning default configuration
2025-10-16 08:14:14,222 - meta - WARNING - Meta-model not trained, returning default configuration
2025-10-16 08:14:14,222 - meta - WARNING - Meta-model not trained, returning default configuration
2025-10-16 08:14:14,321 - meta - INFO - Collecting experiment data for meta-learning
2025-10-16 08:14:14,321 - meta - INFO - Collected data from 3 experiments
2025-10-16 08:14:14,321 - meta - INFO - Updating meta-learning model
2025-10-16 08:14:14,321 - meta - INFO - Collecting experiment data for meta-learning
2025-10-16 08:14:14,321 - meta - INFO - Collected data from 3 experiments
2025-10-16 08:23:28,109 - meta - WARNING - Meta-model not trained, returning default configuration
2025-10-16 08:23:28,109 - meta - WARNING - Meta-model not trained, returning default configuration
2025-10-16 08:23:28,110 - meta - WARNING - Meta-model not trained, returning default configuration
2025-10-16 08:23:28,222 - meta - INFO - Collecting experiment data for meta-learning
2025-10-16 08:23:28,222 - meta - INFO - Collected data from 3 experiments
2025-10-16 08:23:28,223 - meta - INFO - Updating meta-learning model
2025-10-16 08:23:28,223 - meta - INFO - Collecting experiment data for meta-learning
2025-10-16 08:23:28,223 - meta - INFO - Collected data from 3 experiments
2025-10-16 08:23:47,706 - meta - WARNING - Meta-model not trained, returning default configuration
2025-10-16 08:23:47,707 - meta - WARNING - Meta-model not trained, returning default configuration
2025-10-16 08:23:47,707 - meta - WARNING - Meta-model not trained, returning default configuration
2025-10-16 08:23:47,829 - meta - INFO - Collecting experiment data for meta-learning
2025-10-16 08:23:47,829 - meta - INFO - Collected data from 3 experiments
2025-10-16 08:23:47,830 - meta - INFO - Updating meta-learning model
2025-10-16 08:23:47,830 - meta - INFO - Collecting experiment data for meta-learning
2025-10-16 08:23:47,830 - meta - INFO - Collected data from 3 experiments
2025-10-16 08:24:06,555 - meta - WARNING - Meta-model not trained, returning default configuration
2025-10-16 08:24:06,556 - meta - WARNING - Meta-model not trained, returning default configuration
2025-10-16 08:24:06,556 - meta - WARNING - Meta-model not trained, returning default configuration
2025-10-16 08:24:06,676 - meta - INFO - Collecting experiment data for meta-learning
2025-10-16 08:24:06,676 - meta - INFO - Collected data from 3 experiments
2025-10-16 08:24:06,677 - meta - INFO - Updating meta-learning model
2025-10-16 08:24:06,677 - meta - INFO - Collecting experiment data for meta-learning
2025-10-16 08:24:06,677 - meta - INFO - Collected data from 3 experiments
2025-10-16 08:24:48,648 - meta - WARNING - Meta-model not trained, returning default configuration
2025-10-16 08:24:48,649 - meta - WARNING - Meta-model not trained, returning default configuration
2025-10-16 08:24:48,650 - meta - WARNING - Meta-model not trained, returning default configuration
2025-10-16 08:24:48,762 - meta - INFO - Collecting experiment data for meta-learning
2025-10-16 08:24:48,762 - meta - INFO - Collected data from 3 experiments
2025-10-16 08:24:48,763 - meta - INFO - Updating meta-learning model
2025-10-16 08:24:48,763 - meta - INFO - Collecting experiment data for meta-learning
2025-10-16 08:24:48,763 - meta - INFO - Collected data from 3 experiments
2025-10-16 08:25:03,600 - meta - WARNING - Meta-model not trained, returning default configuration
2025-10-16 08:25:03,601 - meta - WARNING - Meta-model not trained, returning default configuration
2025-10-16 08:25:03,601 - meta - WARNING - Meta-model not trained, returning default configuration
2025-10-16 08:25:03,718 - meta - INFO - Collecting experiment data for meta-learning
2025-10-16 08:25:03,718 - meta - INFO - Collected data from 3 experiments
2025-10-16 08:25:03,718 - meta - INFO - Updating meta-learning model
2025-10-16 08:25:03,718 - meta - INFO - Collecting experiment data for meta-learning
2025-10-16 08:25:03,718 - meta - INFO - Collected data from 3 experiments
2025-10-16 08:25:18,648 - meta - WARNING - Meta-model not trained, returning default configuration
2025-10-16 08:25:18,649 - meta - WARNING - Meta-model not trained, returning default configuration
2025-10-16 08:25:18,649 - meta - WARNING - Meta-model not trained, returning default configuration
2025-10-16 08:25:18,764 - meta - INFO - Collecting experiment data for meta-learning
2025-10-16 08:25:18,764 - meta - INFO - Collected data from 3 experiments
2025-10-16 08:25:18,764 - meta - INFO - Updating meta-learning model
2025-10-16 08:25:18,764 - meta - INFO - Collecting experiment data for meta-learning
2025-10-16 08:25:18,764 - meta - INFO - Collected data from 3 experiments
2025-10-16 08:25:34,857 - meta - WARNING - Meta-model not trained, returning default configuration
2025-10-16 08:25:34,858 - meta - WARNING - Meta-model not trained, returning default configuration
2025-10-16 08:25:34,858 - meta - WARNING - Meta-model not trained, returning default configuration
2025-10-16 08:25:35,038 - meta - INFO - Collecting experiment data for meta-learning
2025-10-16 08:25:35,038 - meta - INFO - Collected data from 3 experiments
2025-10-16 08:25:35,038 - meta - INFO - Updating meta-learning model
2025-10-16 08:25:35,038 - meta - INFO - Collecting experiment data for meta-learning
2025-10-16 08:25:35,038 - meta - INFO - Collected data from 3 experiments
2025-10-16 08:25:51,960 - meta - WARNING - Meta-model not trained, returning default configuration
2025-10-16 08:25:51,961 - meta - WARNING - Meta-model not trained, returning default configuration
2025-10-16 08:25:51,961 - meta - WARNING - Meta-model not trained, returning default configuration
2025-10-16 08:25:52,087 - meta - INFO - Collecting experiment data for meta-learning
2025-10-16 08:25:52,087 - meta - INFO - Collected data from 3 experiments
2025-10-16 08:25:52,087 - meta - INFO - Updating meta-learning model
2025-10-16 08:25:52,087 - meta - INFO - Collecting experiment data for meta-learning
2025-10-16 08:25:52,087 - meta - INFO - Collected data from 3 experiments
2025-10-16 08:26:22,730 - meta - WARNING - Meta-model not trained, returning default configuration
2025-10-16 08:26:22,731 - meta - WARNING - Meta-model not trained, returning default configuration
2025-10-16 08:26:22,731 - meta - WARNING - Meta-model not trained, returning default configuration
2025-10-16 08:26:22,872 - meta - INFO - Collecting experiment data for meta-learning
2025-10-16 08:26:22,872 - meta - INFO - Collected data from 3 experiments
2025-10-16 08:26:22,873 - meta - INFO - Updating meta-learning model
2025-10-16 08:26:22,873 - meta - INFO - Collecting experiment data for meta-learning
2025-10-16 08:26:22,873 - meta - INFO - Collected data from 3 experiments
2025-10-16 08:27:21,861 - meta - WARNING - Meta-model not trained, returning default configuration
2025-10-16 08:27:21,861 - meta - WARNING - Meta-model not trained, returning default configuration
2025-10-16 08:27:21,861 - meta - WARNING - Meta-model not trained, returning default configuration
2025-10-16 08:27:21,969 - meta - INFO - Collecting experiment data for meta-learning
2025-10-16 08:27:21,969 - meta - INFO - Collected data from 3 experiments
2025-10-16 08:27:21,969 - meta - INFO - Updating meta-learning model
2025-10-16 08:27:21,969 - meta - INFO - Collecting experiment data for meta-learning
2025-10-16 08:27:21,969 - meta - INFO - Collected data from 3 experiments
2025-10-16 08:27:22,039 - meta - WARNING - Meta-model not trained, returning default configuration
2025-10-16 08:27:22,039 - meta - WARNING - Meta-model not trained, returning default configuration
2025-10-16 08:27:22,039 - meta - WARNING - Meta-model not trained, returning default configuration
2025-10-16 08:27:22,150 - meta - INFO - Collecting experiment data for meta-learning
2025-10-16 08:27:22,150 - meta - INFO - Collected data from 3 experiments
2025-10-16 08:27:22,151 - meta - INFO - Updating meta-learning model
2025-10-16 08:27:22,151 - meta - INFO - Collecting experiment data for meta-learning
2025-10-16 08:27:22,151 - meta - INFO - Collected data from 3 experiments
2025-10-16 09:53:50,452 - meta - WARNING - Meta-model not trained, returning default configuration
2025-10-16 09:53:50,453 - meta - WARNING - Meta-model not trained, returning default configuration
2025-10-16 09:53:50,453 - meta - WARNING - Meta-model not trained, returning default configuration
2025-10-16 09:53:50,560 - meta - INFO - Collecting experiment data for meta-learning
2025-10-16 09:53:50,560 - meta - INFO - Collected data from 3 experiments
2025-10-16 09:53:50,561 - meta - INFO - Updating meta-learning model
2025-10-16 09:53:50,561 - meta - INFO - Collecting experiment data for meta-learning
2025-10-16 09:53:50,561 - meta - INFO - Collected data from 3 experiments
2025-10-16 09:53:50,637 - meta - WARNING - Meta-model not trained, returning default configuration
2025-10-16 09:53:50,637 - meta - WARNING - Meta-model not trained, returning default configuration
2025-10-16 09:53:50,638 - meta - WARNING - Meta-model not trained, returning default configuration
2025-10-16 09:53:50,744 - meta - INFO - Collecting experiment data for meta-learning
2025-10-16 09:53:50,744 - meta - INFO - Collected data from 3 experiments
2025-10-16 09:53:50,744 - meta - INFO - Updating meta-learning model
2025-10-16 09:53:50,744 - meta - INFO - Collecting experiment data for meta-learning
2025-10-16 09:53:50,744 - meta - INFO - Collected data from 3 experiments
2025-10-16 12:11:24,897 - meta - WARNING - Meta-model not trained, returning default configuration
2025-10-16 12:11:24,898 - meta - WARNING - Meta-model not trained, returning default configuration
2025-10-16 12:11:24,898 - meta - WARNING - Meta-model not trained, returning default configuration
2025-10-16 12:11:25,023 - meta - INFO - Collecting experiment data for meta-learning
2025-10-16 12:11:25,023 - meta - INFO - Collected data from 3 experiments
2025-10-16 12:11:25,024 - meta - INFO - Updating meta-learning model
2025-10-16 12:11:25,024 - meta - INFO - Collecting experiment data for meta-learning
2025-10-16 12:11:25,024 - meta - INFO - Collected data from 3 experiments
2025-10-16 12:11:25,100 - meta - WARNING - Meta-model not trained, returning default configuration
2025-10-16 12:11:25,100 - meta - WARNING - Meta-model not trained, returning default configuration
2025-10-16 12:11:25,100 - meta - WARNING - Meta-model not trained, returning default configuration
2025-10-16 12:11:25,211 - meta - INFO - Collecting experiment data for meta-learning
2025-10-16 12:11:25,211 - meta - INFO - Collected data from 3 experiments
2025-10-16 12:11:25,211 - meta - INFO - Updating meta-learning model
2025-10-16 12:11:25,211 - meta - INFO - Collecting experiment data for meta-learning
2025-10-16 12:11:25,211 - meta - INFO - Collected data from 3 experiments
2025-10-16 12:12:22,753 - meta - WARNING - Meta-model not trained, returning default configuration
2025-10-16 12:12:22,754 - meta - WARNING - Meta-model not trained, returning default configuration
2025-10-16 12:12:22,754 - meta - WARNING - Meta-model not trained, returning default configuration
2025-10-16 12:12:22,854 - meta - INFO - Collecting experiment data for meta-learning
2025-10-16 12:12:22,854 - meta - INFO - Collected data from 3 experiments
2025-10-16 12:12:22,854 - meta - INFO - Updating meta-learning model
2025-10-16 12:12:22,855 - meta - INFO - Collecting experiment data for meta-learning
2025-10-16 12:12:22,855 - meta - INFO - Collected data from 3 experiments
2025-10-16 12:12:22,925 - meta - WARNING - Meta-model not trained, returning default configuration
2025-10-16 12:12:22,925 - meta - WARNING - Meta-model not trained, returning default configuration
2025-10-16 12:12:22,926 - meta - WARNING - Meta-model not trained, returning default configuration
2025-10-16 12:12:23,025 - meta - INFO - Collecting experiment data for meta-learning
2025-10-16 12:12:23,025 - meta - INFO - Collected data from 3 experiments
2025-10-16 12:12:23,026 - meta - INFO - Updating meta-learning model
2025-10-16 12:12:23,026 - meta - INFO - Collecting experiment data for meta-learning
2025-10-16 12:12:23,026 - meta - INFO - Collected data from 3 experiments
2025-10-16 12:12:30,344 - meta - WARNING - Meta-model not trained, returning default configuration
2025-10-16 12:12:30,344 - meta - WARNING - Meta-model not trained, returning default configuration
2025-10-16 12:12:30,344 - meta - WARNING - Meta-model not trained, returning default configuration
2025-10-16 12:12:30,453 - meta - INFO - Collecting experiment data for meta-learning
2025-10-16 12:12:30,453 - meta - INFO - Collected data from 3 experiments
2025-10-16 12:12:30,453 - meta - INFO - Updating meta-learning model
2025-10-16 12:12:30,453 - meta - INFO - Collecting experiment data for meta-learning
2025-10-16 12:12:30,453 - meta - INFO - Collected data from 3 experiments
2025-10-16 12:12:30,531 - meta - WARNING - Meta-model not trained, returning default configuration
2025-10-16 12:12:30,531 - meta - WARNING - Meta-model not trained, returning default configuration
2025-10-16 12:12:30,531 - meta - WARNING - Meta-model not trained, returning default configuration
2025-10-16 12:12:30,637 - meta - INFO - Collecting experiment data for meta-learning
2025-10-16 12:12:30,637 - meta - INFO - Collected data from 3 experiments
2025-10-16 12:12:30,637 - meta - INFO - Updating meta-learning model
2025-10-16 12:12:30,637 - meta - INFO - Collecting experiment data for meta-learning
2025-10-16 12:12:30,637 - meta - INFO - Collected data from 3 experiments
2025-10-16 12:12:46,832 - meta - WARNING - Meta-model not trained, returning default configuration
2025-10-16 12:12:46,832 - meta - WARNING - Meta-model not trained, returning default configuration
2025-10-16 12:12:46,832 - meta - WARNING - Meta-model not trained, returning default configuration
2025-10-16 12:12:46,940 - meta - INFO - Collecting experiment data for meta-learning
2025-10-16 12:12:46,940 - meta - INFO - Collected data from 3 experiments
2025-10-16 12:12:46,940 - meta - INFO - Updating meta-learning model
2025-10-16 12:12:46,940 - meta - INFO - Collecting experiment data for meta-learning
2025-10-16 12:12:46,940 - meta - INFO - Collected data from 3 experiments
2025-10-16 12:12:47,009 - meta - WARNING - Meta-model not trained, returning default configuration
2025-10-16 12:12:47,009 - meta - WARNING - Meta-model not trained, returning default configuration
2025-10-16 12:12:47,009 - meta - WARNING - Meta-model not trained, returning default configuration
2025-10-16 12:12:47,113 - meta - INFO - Collecting experiment data for meta-learning
2025-10-16 12:12:47,113 - meta - INFO - Collected data from 3 experiments
2025-10-16 12:12:47,113 - meta - INFO - Updating meta-learning model
2025-10-16 12:12:47,113 - meta - INFO - Collecting experiment data for meta-learning
2025-10-16 12:12:47,113 - meta - INFO - Collected data from 3 experiments
2025-10-16 12:17:30,500 - meta - WARNING - Meta-model not trained, returning default configuration
2025-10-16 12:17:30,501 - meta - WARNING - Meta-model not trained, returning default configuration
2025-10-16 12:17:30,501 - meta - WARNING - Meta-model not trained, returning default configuration
2025-10-16 12:17:30,607 - meta - INFO - Collecting experiment data for meta-learning
2025-10-16 12:17:30,607 - meta - INFO - Collected data from 3 experiments
2025-10-16 12:17:30,608 - meta - INFO - Updating meta-learning model
2025-10-16 12:17:30,608 - meta - INFO - Collecting experiment data for meta-learning
2025-10-16 12:17:30,608 - meta - INFO - Collected data from 3 experiments
2025-10-16 12:20:45,490 - meta - WARNING - Meta-model not trained, returning default configuration
2025-10-16 12:20:45,490 - meta - WARNING - Meta-model not trained, returning default configuration
2025-10-16 12:20:45,491 - meta - WARNING - Meta-model not trained, returning default configuration
2025-10-16 12:20:45,592 - meta - INFO - Collecting experiment data for meta-learning
2025-10-16 12:20:45,593 - meta - INFO - Collected data from 3 experiments
2025-10-16 12:20:45,593 - meta - INFO - Updating meta-learning model
2025-10-16 12:20:45,593 - meta - INFO - Collecting experiment data for meta-learning
2025-10-16 12:20:45,593 - meta - INFO - Collected data from 3 experiments
2025-10-16 12:20:45,667 - meta - WARNING - Meta-model not trained, returning default configuration
2025-10-16 12:20:45,667 - meta - WARNING - Meta-model not trained, returning default configuration
2025-10-16 12:20:45,667 - meta - WARNING - Meta-model not trained, returning default configuration
2025-10-16 12:20:45,773 - meta - INFO - Collecting experiment data for meta-learning
2025-10-16 12:20:45,773 - meta - INFO - Collected data from 3 experiments
2025-10-16 12:20:45,773 - meta - INFO - Updating meta-learning model
2025-10-16 12:20:45,773 - meta - INFO - Collecting experiment data for meta-learning
2025-10-16 12:20:45,773 - meta - INFO - Collected data from 3 experiments
2025-10-16 12:21:59,696 - meta - WARNING - Meta-model not trained, returning default configuration
2025-10-16 12:22:03,942 - meta - WARNING - Meta-model not trained, returning default configuration
2025-10-16 12:22:05,476 - meta - WARNING - Meta-model not trained, returning default configuration
2025-10-16 12:23:45,527 - meta - INFO - Collecting experiment data for meta-learning
2025-10-16 12:23:45,528 - meta - INFO - Collected data from 3 experiments
2025-10-16 12:23:45,528 - meta - INFO - Updating meta-learning model
2025-10-16 12:23:45,528 - meta - INFO - Collecting experiment data for meta-learning
2025-10-16 12:23:45,528 - meta - INFO - Collected data from 3 experiments
2025-10-16 12:23:45,608 - meta - WARNING - Meta-model not trained, returning default configuration
2025-10-16 12:23:45,727 - meta - WARNING - Meta-model not trained, returning default configuration
2025-10-16 12:23:47,300 - meta - WARNING - Meta-model not trained, returning default configuration
2025-10-16 12:25:25,743 - meta - INFO - Collecting experiment data for meta-learning
2025-10-16 12:25:25,744 - meta - INFO - Collected data from 3 experiments
2025-10-16 12:25:25,744 - meta - INFO - Updating meta-learning model
2025-10-16 12:25:25,744 - meta - INFO - Collecting experiment data for meta-learning
2025-10-16 12:25:25,744 - meta - INFO - Collected data from 3 experiments
2025-10-16 12:27:38,410 - meta - WARNING - Meta-model not trained, returning default configuration
2025-10-16 12:27:39,057 - meta - WARNING - Meta-model not trained, returning default configuration
2025-10-16 12:27:40,666 - meta - WARNING - Meta-model not trained, returning default configuration
2025-10-16 12:29:23,544 - meta - INFO - Collecting experiment data for meta-learning
2025-10-16 12:29:23,545 - meta - INFO - Collected data from 3 experiments
2025-10-16 12:29:23,545 - meta - INFO - Updating meta-learning model
2025-10-16 12:29:23,545 - meta - INFO - Collecting experiment data for meta-learning
2025-10-16 12:29:23,545 - meta - INFO - Collected data from 3 experiments
2025-10-16 12:29:23,626 - meta - WARNING - Meta-model not trained, returning default configuration
2025-10-16 12:29:23,784 - meta - WARNING - Meta-model not trained, returning default configuration
2025-10-16 12:29:25,465 - meta - WARNING - Meta-model not trained, returning default configuration
2025-10-16 12:29:55,549 - meta - WARNING - Meta-model not trained, returning default configuration
2025-10-16 12:29:59,835 - meta - WARNING - Meta-model not trained, returning default configuration
2025-10-16 12:30:01,593 - meta - WARNING - Meta-model not trained, returning default configuration
2025-10-16 12:32:30,908 - meta - INFO - Collecting experiment data for meta-learning
2025-10-16 12:32:30,911 - meta - INFO - Collected data from 3 experiments
2025-10-16 12:32:30,912 - meta - INFO - Updating meta-learning model
2025-10-16 12:32:30,912 - meta - INFO - Collecting experiment data for meta-learning
2025-10-16 12:32:30,912 - meta - INFO - Collected data from 3 experiments
2025-10-16 12:35:37,749 - meta - INFO - Collecting experiment data for meta-learning
2025-10-16 12:35:37,749 - meta - INFO - Collected data from 3 experiments
2025-10-16 12:35:37,750 - meta - INFO - Updating meta-learning model
2025-10-16 12:35:37,750 - meta - INFO - Collecting experiment data for meta-learning
2025-10-16 12:35:37,750 - meta - INFO - Collected data from 3 experiments
2025-10-16 13:05:13,839 - meta - WARNING - Meta-model not trained, returning default configuration
2025-10-16 13:05:14,320 - meta - WARNING - Meta-model not trained, returning default configuration
2025-10-16 13:05:16,188 - meta - WARNING - Meta-model not trained, returning default configuration
2025-10-16 13:05:34,994 - meta - WARNING - Meta-model not trained, returning default configuration
2025-10-16 13:05:35,518 - meta - WARNING - Meta-model not trained, returning default configuration
2025-10-16 13:05:37,210 - meta - WARNING - Meta-model not trained, returning default configuration
2025-10-16 13:07:29,578 - meta - INFO - Collecting experiment data for meta-learning
2025-10-16 13:07:29,579 - meta - INFO - Collected data from 4 experiments
2025-10-16 13:07:29,580 - meta - INFO - Updating meta-learning model
2025-10-16 13:07:29,580 - meta - INFO - Collecting experiment data for meta-learning
2025-10-16 13:07:29,580 - meta - INFO - Collected data from 4 experiments
2025-10-16 13:07:47,415 - meta - INFO - Collecting experiment data for meta-learning
2025-10-16 13:07:47,415 - meta - INFO - Collected data from 4 experiments
2025-10-16 13:07:47,415 - meta - INFO - Updating meta-learning model
2025-10-16 13:07:47,415 - meta - INFO - Collecting experiment data for meta-learning
2025-10-16 13:07:47,415 - meta - INFO - Collected data from 4 experiments
2025-10-16 13:07:47,565 - meta - WARNING - Meta-model not trained, returning default configuration
2025-10-16 13:07:47,766 - meta - WARNING - Meta-model not trained, returning default configuration
2025-10-16 13:07:49,447 - meta - WARNING - Meta-model not trained, returning default configuration
2025-10-16 13:09:55,363 - meta - INFO - Collecting experiment data for meta-learning
2025-10-16 13:09:55,364 - meta - INFO - Collected data from 4 experiments
2025-10-16 13:09:55,364 - meta - INFO - Updating meta-learning model
2025-10-16 13:09:55,364 - meta - INFO - Collecting experiment data for meta-learning
2025-10-16 13:09:55,364 - meta - INFO - Collected data from 4 experiments
2025-10-16 13:10:25,141 - meta - WARNING - Meta-model not trained, returning default configuration
2025-10-16 13:10:25,576 - meta - WARNING - Meta-model not trained, returning default configuration
2025-10-16 13:10:27,157 - meta - WARNING - Meta-model not trained, returning default configuration
2025-10-16 13:12:18,915 - meta - WARNING - Meta-model not trained, returning default configuration
2025-10-16 13:12:19,400 - meta - WARNING - Meta-model not trained, returning default configuration
2025-10-16 13:12:21,086 - meta - WARNING - Meta-model not trained, returning default configuration
2025-10-16 13:12:28,501 - meta - INFO - Collecting experiment data for meta-learning
2025-10-16 13:12:28,501 - meta - INFO - Collected data from 4 experiments
2025-10-16 13:12:28,501 - meta - INFO - Updating meta-learning model
2025-10-16 13:12:28,501 - meta - INFO - Collecting experiment data for meta-learning
2025-10-16 13:12:28,501 - meta - INFO - Collected data from 4 experiments
2025-10-16 13:12:28,687 - meta - WARNING - Meta-model not trained, returning default configuration
2025-10-16 13:12:28,929 - meta - WARNING - Meta-model not trained, returning default configuration
2025-10-16 13:12:30,678 - meta - WARNING - Meta-model not trained, returning default configuration
2025-10-16 13:14:29,364 - meta - INFO - Collecting experiment data for meta-learning
2025-10-16 13:14:29,365 - meta - INFO - Collected data from 4 experiments
2025-10-16 13:14:29,365 - meta - INFO - Updating meta-learning model
2025-10-16 13:14:29,365 - meta - INFO - Collecting experiment data for meta-learning
2025-10-16 13:14:29,365 - meta - INFO - Collected data from 4 experiments
2025-10-16 13:14:29,614 - meta - WARNING - Meta-model not trained, returning default configuration
2025-10-16 13:14:29,878 - meta - WARNING - Meta-model not trained, returning default configuration
2025-10-16 13:14:31,971 - meta - WARNING - Meta-model not trained, returning default configuration
2025-10-16 13:14:38,470 - meta - INFO - Collecting experiment data for meta-learning
2025-10-16 13:14:38,470 - meta - INFO - Collected data from 4 experiments
2025-10-16 13:14:38,470 - meta - INFO - Updating meta-learning model
2025-10-16 13:14:38,470 - meta - INFO - Collecting experiment data for meta-learning
2025-10-16 13:14:38,470 - meta - INFO - Collected data from 4 experiments
2025-10-16 13:16:34,943 - meta - INFO - Collecting experiment data for meta-learning
2025-10-16 13:16:34,943 - meta - INFO - Collected data from 4 experiments
2025-10-16 13:16:34,944 - meta - INFO - Updating meta-learning model
2025-10-16 13:16:34,944 - meta - INFO - Collecting experiment data for meta-learning
2025-10-16 13:16:34,944 - meta - INFO - Collected data from 4 experiments
2025-10-16 13:20:57,768 - meta - WARNING - Meta-model not trained, returning default configuration
2025-10-16 13:20:58,309 - meta - WARNING - Meta-model not trained, returning default configuration
2025-10-16 13:20:59,923 - meta - WARNING - Meta-model not trained, returning default configuration
2025-10-16 13:23:04,365 - meta - INFO - Collecting experiment data for meta-learning
2025-10-16 13:23:04,365 - meta - INFO - Collected data from 4 experiments
2025-10-16 13:23:04,365 - meta - INFO - Updating meta-learning model
2025-10-16 13:23:04,365 - meta - INFO - Collecting experiment data for meta-learning
2025-10-16 13:23:04,365 - meta - INFO - Collected data from 4 experiments
2025-10-16 13:23:04,648 - meta - WARNING - Meta-model not trained, returning default configuration
2025-10-16 13:23:04,940 - meta - WARNING - Meta-model not trained, returning default configuration
2025-10-16 13:23:06,633 - meta - WARNING - Meta-model not trained, returning default configuration
2025-10-16 13:25:11,535 - meta - INFO - Collecting experiment data for meta-learning
2025-10-16 13:25:11,535 - meta - INFO - Collected data from 4 experiments
2025-10-16 13:25:11,535 - meta - INFO - Updating meta-learning model
2025-10-16 13:25:11,535 - meta - INFO - Collecting experiment data for meta-learning
2025-10-16 13:25:11,535 - meta - INFO - Collected data from 4 experiments
2025-10-20 09:15:14,890 - meta - WARNING - Meta-model not trained, returning default configuration
2025-10-20 09:15:15,499 - meta - WARNING - Meta-model not trained, returning default configuration
2025-10-20 09:15:16,931 - meta - WARNING - Meta-model not trained, returning default configuration
2025-10-20 09:17:12,399 - meta - INFO - Collecting experiment data for meta-learning
2025-10-20 09:17:12,399 - meta - INFO - Collected data from 4 experiments
2025-10-20 09:17:12,399 - meta - INFO - Updating meta-learning model
2025-10-20 09:17:12,399 - meta - INFO - Collecting experiment data for meta-learning
2025-10-20 09:17:12,399 - meta - INFO - Collected data from 4 experiments
2025-10-20 09:17:12,655 - meta - WARNING - Meta-model not trained, returning default configuration
2025-10-20 09:17:12,858 - meta - WARNING - Meta-model not trained, returning default configuration
2025-10-20 09:17:14,480 - meta - WARNING - Meta-model not trained, returning default configuration
2025-10-20 09:19:09,959 - meta - INFO - Collecting experiment data for meta-learning
2025-10-20 09:19:09,960 - meta - INFO - Collected data from 4 experiments
2025-10-20 09:19:09,960 - meta - INFO - Updating meta-learning model
2025-10-20 09:19:09,960 - meta - INFO - Collecting experiment data for meta-learning
2025-10-20 09:19:09,960 - meta - INFO - Collected data from 4 experiments
2025-10-20 09:59:21,241 - meta - WARNING - Meta-model not trained, returning default configuration
2025-10-20 09:59:21,297 - meta - WARNING - Meta-model not trained, returning default configuration
2025-10-20 09:59:21,577 - meta - WARNING - Meta-model not trained, returning default configuration
2025-10-20 09:59:37,849 - meta - INFO - Collecting experiment data for meta-learning
2025-10-20 09:59:37,849 - meta - INFO - Collected data from 3 experiments
2025-10-20 09:59:37,849 - meta - INFO - Updating meta-learning model
2025-10-20 09:59:37,849 - meta - INFO - Collecting experiment data for meta-learning
2025-10-20 09:59:37,849 - meta - INFO - Collected data from 3 experiments
2025-10-20 09:59:38,070 - meta - WARNING - Meta-model not trained, returning default configuration
2025-10-20 09:59:38,096 - meta - WARNING - Meta-model not trained, returning default configuration
2025-10-20 09:59:38,379 - meta - WARNING - Meta-model not trained, returning default configuration
2025-10-20 09:59:54,021 - meta - INFO - Collecting experiment data for meta-learning
2025-10-20 09:59:54,021 - meta - INFO - Collected data from 3 experiments
2025-10-20 09:59:54,022 - meta - INFO - Updating meta-learning model
2025-10-20 09:59:54,022 - meta - INFO - Collecting experiment data for meta-learning
2025-10-20 09:59:54,022 - meta - INFO - Collected data from 3 experiments
2025-10-20 10:07:49,008 - meta - WARNING - Meta-model not trained, returning default configuration
2025-10-20 10:07:49,036 - meta - WARNING - Meta-model not trained, returning default configuration
2025-10-20 10:07:49,300 - meta - WARNING - Meta-model not trained, returning default configuration
2025-10-20 10:08:04,628 - meta - INFO - Collecting experiment data for meta-learning
2025-10-20 10:08:04,628 - meta - INFO - Collected data from 3 experiments
2025-10-20 10:08:04,628 - meta - INFO - Updating meta-learning model
2025-10-20 10:08:04,628 - meta - INFO - Collecting experiment data for meta-learning
2025-10-20 10:08:04,628 - meta - INFO - Collected data from 3 experiments
2025-10-20 10:08:04,841 - meta - WARNING - Meta-model not trained, returning default configuration
2025-10-20 10:08:04,875 - meta - WARNING - Meta-model not trained, returning default configuration
2025-10-20 10:16:46,836 - meta - WARNING - Meta-model not trained, returning default configuration
2025-10-20 10:16:46,868 - meta - WARNING - Meta-model not trained, returning default configuration
2025-10-20 10:16:47,126 - meta - WARNING - Meta-model not trained, returning default configuration
2025-10-20 10:17:02,411 - meta - INFO - Collecting experiment data for meta-learning
2025-10-20 10:17:02,412 - meta - INFO - Collected data from 3 experiments
2025-10-20 10:17:02,412 - meta - INFO - Updating meta-learning model
2025-10-20 10:17:02,412 - meta - INFO - Collecting experiment data for meta-learning
2025-10-20 10:17:02,412 - meta - INFO - Collected data from 3 experiments
2025-10-20 10:19:13,471 - meta - WARNING - Meta-model not trained, returning default configuration
2025-10-20 10:19:14,155 - meta - WARNING - Meta-model not trained, returning default configuration
2025-10-20 10:30:20,254 - meta - WARNING - Meta-model not trained, returning default configuration
2025-10-20 10:30:20,878 - meta - WARNING - Meta-model not trained, returning default configuration
2025-10-20 10:30:20,926 - meta - WARNING - Meta-model not trained, returning default configuration
2025-10-20 10:30:21,891 - meta - WARNING - Meta-model not trained, returning default configuration
2025-10-20 10:30:22,555 - meta - WARNING - Meta-model not trained, returning default configuration
2025-10-20 10:30:23,551 - meta - WARNING - Meta-model not trained, returning default configuration
2025-10-20 10:31:58,023 - meta - INFO - Collecting experiment data for meta-learning
2025-10-20 10:31:58,023 - meta - INFO - Collected data from 4 experiments
2025-10-20 10:31:58,024 - meta - INFO - Updating meta-learning model
2025-10-20 10:31:58,024 - meta - INFO - Collecting experiment data for meta-learning
2025-10-20 10:31:58,024 - meta - INFO - Collected data from 4 experiments
2025-10-20 10:31:58,532 - meta - WARNING - Meta-model not trained, returning default configuration
2025-10-20 10:31:58,824 - meta - WARNING - Meta-model not trained, returning default configuration
2025-10-20 10:32:00,506 - meta - WARNING - Meta-model not trained, returning default configuration
2025-10-20 10:32:20,921 - meta - INFO - Collecting experiment data for meta-learning
2025-10-20 10:32:20,921 - meta - INFO - Collected data from 4 experiments
2025-10-20 10:32:20,921 - meta - INFO - Updating meta-learning model
2025-10-20 10:32:20,921 - meta - INFO - Collecting experiment data for meta-learning
2025-10-20 10:32:20,921 - meta - INFO - Collected data from 4 experiments
2025-10-20 10:33:34,009 - meta - INFO - Collecting experiment data for meta-learning
2025-10-20 10:33:34,009 - meta - INFO - Collected data from 4 experiments
2025-10-20 10:33:34,010 - meta - INFO - Updating meta-learning model
2025-10-20 10:33:34,010 - meta - INFO - Collecting experiment data for meta-learning
2025-10-20 10:33:34,010 - meta - INFO - Collected data from 4 experiments
2025-10-20 10:34:05,397 - meta - WARNING - Meta-model not trained, returning default configuration
2025-10-20 10:34:05,990 - meta - WARNING - Meta-model not trained, returning default configuration
2025-10-20 10:34:07,769 - meta - WARNING - Meta-model not trained, returning default configuration
2025-10-20 10:35:39,443 - meta - INFO - Collecting experiment data for meta-learning
2025-10-20 10:35:39,444 - meta - INFO - Collected data from 4 experiments
2025-10-20 10:35:39,444 - meta - INFO - Updating meta-learning model
2025-10-20 10:35:39,444 - meta - INFO - Collecting experiment data for meta-learning
2025-10-20 10:35:39,444 - meta - INFO - Collected data from 4 experiments
2025-10-20 10:35:40,058 - meta - WARNING - Meta-model not trained, returning default configuration
2025-10-20 10:35:40,407 - meta - WARNING - Meta-model not trained, returning default configuration
2025-10-20 10:35:42,108 - meta - WARNING - Meta-model not trained, returning default configuration
2025-10-20 10:37:13,907 - meta - INFO - Collecting experiment data for meta-learning
2025-10-20 10:37:13,908 - meta - INFO - Collected data from 4 experiments
2025-10-20 10:37:13,908 - meta - INFO - Updating meta-learning model
2025-10-20 10:37:13,908 - meta - INFO - Collecting experiment data for meta-learning
2025-10-20 10:37:13,908 - meta - INFO - Collected data from 4 experiments
2025-10-20 10:59:17,143 - meta - WARNING - Meta-model not trained, returning default configuration
2025-10-20 10:59:19,037 - meta - WARNING - Meta-model not trained, returning default configuration
2025-10-20 10:59:22,307 - meta - WARNING - Meta-model not trained, returning default configuration
2025-10-20 11:01:22,251 - meta - WARNING - Meta-model not trained, returning default configuration
2025-10-20 11:01:24,082 - meta - WARNING - Meta-model not trained, returning default configuration
2025-10-20 11:01:27,060 - meta - WARNING - Meta-model not trained, returning default configuration
2025-10-20 11:01:55,903 - meta - INFO - Collecting experiment data for meta-learning
2025-10-20 11:01:55,903 - meta - INFO - Collected data from 4 experiments
2025-10-20 11:01:55,904 - meta - INFO - Updating meta-learning model
2025-10-20 11:01:55,904 - meta - INFO - Collecting experiment data for meta-learning
2025-10-20 11:01:55,904 - meta - INFO - Collected data from 4 experiments
2025-10-20 11:19:16,585 - meta - WARNING - Meta-model not trained, returning default configuration
2025-10-20 11:19:18,204 - meta - WARNING - Meta-model not trained, returning default configuration
2025-10-20 11:19:21,290 - meta - WARNING - Meta-model not trained, returning default configuration
2025-10-20 11:21:31,533 - meta - INFO - Collecting experiment data for meta-learning
2025-10-20 11:21:31,533 - meta - INFO - Collected data from 4 experiments
2025-10-20 11:21:31,533 - meta - INFO - Updating meta-learning model
2025-10-20 11:21:31,533 - meta - INFO - Collecting experiment data for meta-learning
2025-10-20 11:21:31,533 - meta - INFO - Collected data from 4 experiments
2025-10-20 11:21:32,294 - meta - WARNING - Meta-model not trained, returning default configuration
2025-10-20 11:21:33,412 - meta - WARNING - Meta-model not trained, returning default configuration
2025-10-20 11:21:36,395 - meta - WARNING - Meta-model not trained, returning default configuration
2025-10-20 11:23:45,535 - meta - INFO - Collecting experiment data for meta-learning
2025-10-20 11:23:45,536 - meta - INFO - Collected data from 4 experiments
2025-10-20 11:23:45,536 - meta - INFO - Updating meta-learning model
2025-10-20 11:23:45,536 - meta - INFO - Collecting experiment data for meta-learning
2025-10-20 11:23:45,536 - meta - INFO - Collected data from 4 experiments
2025-10-20 12:20:41,961 - meta - WARNING - Meta-model not trained, returning default configuration
2025-10-20 12:20:43,453 - meta - WARNING - Meta-model not trained, returning default configuration
2025-10-20 12:20:46,283 - meta - WARNING - Meta-model not trained, returning default configuration
2025-10-20 12:22:57,359 - meta - INFO - Collecting experiment data for meta-learning
2025-10-20 12:22:57,360 - meta - INFO - Collected data from 4 experiments
2025-10-20 12:22:57,360 - meta - INFO - Updating meta-learning model
2025-10-20 12:22:57,360 - meta - INFO - Collecting experiment data for meta-learning
2025-10-20 12:22:57,360 - meta - INFO - Collected data from 4 experiments
2025-10-20 12:22:58,250 - meta - WARNING - Meta-model not trained, returning default configuration
2025-10-20 12:22:59,382 - meta - WARNING - Meta-model not trained, returning default configuration
2025-10-20 12:23:02,455 - meta - WARNING - Meta-model not trained, returning default configuration
2025-10-20 12:25:13,775 - meta - INFO - Collecting experiment data for meta-learning
2025-10-20 12:25:13,776 - meta - INFO - Collected data from 4 experiments
2025-10-20 12:25:13,776 - meta - INFO - Updating meta-learning model
2025-10-20 12:25:13,776 - meta - INFO - Collecting experiment data for meta-learning
2025-10-20 12:25:13,776 - meta - INFO - Collected data from 4 experiments
2025-10-20 13:46:18,147 - meta - WARNING - Meta-model not trained, returning default configuration
2025-10-20 13:46:19,668 - meta - WARNING - Meta-model not trained, returning default configuration
2025-10-20 13:46:22,688 - meta - WARNING - Meta-model not trained, returning default configuration
2025-10-20 13:48:30,293 - meta - INFO - Collecting experiment data for meta-learning
2025-10-20 13:48:30,293 - meta - INFO - Collected data from 4 experiments
2025-10-20 13:48:30,294 - meta - INFO - Updating meta-learning model
2025-10-20 13:48:30,294 - meta - INFO - Collecting experiment data for meta-learning
2025-10-20 13:48:30,294 - meta - INFO - Collected data from 4 experiments
2025-10-20 13:48:31,251 - meta - WARNING - Meta-model not trained, returning default configuration
2025-10-20 13:48:32,419 - meta - WARNING - Meta-model not trained, returning default configuration
2025-10-20 13:48:35,437 - meta - WARNING - Meta-model not trained, returning default configuration
2025-10-20 13:50:44,942 - meta - INFO - Collecting experiment data for meta-learning
2025-10-20 13:50:44,943 - meta - INFO - Collected data from 4 experiments
2025-10-20 13:50:44,943 - meta - INFO - Updating meta-learning model
2025-10-20 13:50:44,943 - meta - INFO - Collecting experiment data for meta-learning
2025-10-20 13:50:44,943 - meta - INFO - Collected data from 4 experiments
2025-10-23 17:36:48,574 - meta - WARNING - Meta-model not trained, returning default configuration
2025-10-23 17:36:51,138 - meta - WARNING - Meta-model not trained, returning default configuration
2025-10-23 17:36:54,998 - meta - WARNING - Meta-model not trained, returning default configuration
2025-10-23 17:42:19,649 - meta - INFO - Collecting experiment data for meta-learning
2025-10-23 17:42:19,649 - meta - INFO - Collected data from 4 experiments
2025-10-23 17:42:19,650 - meta - INFO - Updating meta-learning model
2025-10-23 17:42:19,650 - meta - INFO - Collecting experiment data for meta-learning
2025-10-23 17:42:19,650 - meta - INFO - Collected data from 4 experiments
2025-11-04 08:19:34,828 - meta - WARNING - Meta-model not trained, returning default configuration
2025-11-04 08:19:38,029 - meta - WARNING - Meta-model not trained, returning default configuration
2025-11-04 08:19:42,294 - meta - WARNING - Meta-model not trained, returning default configuration
2025-11-04 08:22:21,591 - meta - INFO - Collecting experiment data for meta-learning
2025-11-04 08:22:21,592 - meta - INFO - Collected data from 4 experiments
2025-11-04 08:22:21,592 - meta - INFO - Updating meta-learning model
2025-11-04 08:22:21,592 - meta - INFO - Collecting experiment data for meta-learning
2025-11-04 08:22:21,592 - meta - INFO - Collected data from 4 experiments
2025-11-04 08:28:41,199 - meta - WARNING - Meta-model not trained, returning default configuration
2025-11-04 08:28:44,003 - meta - WARNING - Meta-model not trained, returning default configuration
2025-11-04 08:28:44,118 - meta - INFO - Collecting experiment data for meta-learning
2025-11-04 08:28:44,118 - meta - INFO - Collected data from 2 experiments
2025-11-04 08:28:44,118 - meta - INFO - Updating meta-learning model
2025-11-04 08:28:44,118 - meta - INFO - Collecting experiment data for meta-learning
2025-11-04 08:28:44,118 - meta - INFO - Collected data from 2 experiments
2025-11-04 08:29:01,913 - meta - WARNING - Meta-model not trained, returning default configuration
2025-11-04 08:29:04,694 - meta - WARNING - Meta-model not trained, returning default configuration
2025-11-04 08:29:05,010 - meta - INFO - Collecting experiment data for meta-learning
2025-11-04 08:29:05,010 - meta - INFO - Collected data from 2 experiments
2025-11-04 08:29:05,010 - meta - INFO - Updating meta-learning model
2025-11-04 08:29:05,010 - meta - INFO - Collecting experiment data for meta-learning
2025-11-04 08:29:05,010 - meta - INFO - Collected data from 2 experiments
2025-11-04 08:40:34,941 - meta - WARNING - Meta-model not trained, returning default configuration
2025-11-04 08:40:37,733 - meta - WARNING - Meta-model not trained, returning default configuration
2025-11-04 08:40:37,733 - meta - WARNING - Meta-model not trained, returning default configuration
2025-11-04 08:41:10,076 - meta - INFO - Collecting experiment data for meta-learning
2025-11-04 08:41:10,077 - meta - INFO - Collected data from 4 experiments
2025-11-04 08:41:10,077 - meta - INFO - Updating meta-learning model
2025-11-04 08:41:10,077 - meta - INFO - Collecting experiment data for meta-learning
2025-11-04 08:41:10,077 - meta - INFO - Collected data from 4 experiments
2025-11-04 08:58:50,774 - meta - WARNING - Meta-model not trained, returning default configuration
2025-11-04 08:58:52,709 - meta - WARNING - Meta-model not trained, returning default configuration
2025-11-04 08:58:52,710 - meta - WARNING - Meta-model not trained, returning default configuration
2025-11-04 08:59:09,943 - meta - INFO - Collecting experiment data for meta-learning
2025-11-04 08:59:09,943 - meta - INFO - Collected data from 4 experiments
2025-11-04 08:59:09,943 - meta - INFO - Updating meta-learning model
2025-11-04 08:59:09,943 - meta - INFO - Collecting experiment data for meta-learning
2025-11-04 08:59:09,943 - meta - INFO - Collected data from 4 experiments
2025-11-04 09:35:15,672 - meta - WARNING - Meta-model not trained, returning default configuration
2025-11-04 09:35:18,693 - meta - WARNING - Meta-model not trained, returning default configuration
2025-11-04 09:35:18,709 - meta - WARNING - Meta-model not trained, returning default configuration
2025-11-04 09:35:48,237 - meta - INFO - Collecting experiment data for meta-learning
2025-11-04 09:35:48,238 - meta - INFO - Collected data from 4 experiments
2025-11-04 09:35:48,238 - meta - INFO - Updating meta-learning model
2025-11-04 09:35:48,238 - meta - INFO - Collecting experiment data for meta-learning
2025-11-04 09:35:48,238 - meta - INFO - Collected data from 4 experiments
2025-11-04 10:06:12,431 - meta - WARNING - Meta-model not trained, returning default configuration
2025-11-04 10:06:14,230 - meta - WARNING - Meta-model not trained, returning default configuration
2025-11-04 10:06:14,245 - meta - WARNING - Meta-model not trained, returning default configuration
2025-11-04 10:06:37,093 - meta - INFO - Collecting experiment data for meta-learning
2025-11-04 10:06:37,093 - meta - INFO - Collected data from 4 experiments
2025-11-04 10:06:37,093 - meta - INFO - Updating meta-learning model
2025-11-04 10:06:37,093 - meta - INFO - Collecting experiment data for meta-learning
2025-11-04 10:06:37,093 - meta - INFO - Collected data from 4 experiments
2025-11-11 08:58:02,227 - meta - WARNING - Meta-model not trained, returning default configuration
2025-11-11 08:58:04,660 - meta - WARNING - Meta-model not trained, returning default configuration
2025-11-11 08:58:20,555 - meta - WARNING - Meta-model not trained, returning default configuration
2025-11-11 08:58:48,554 - meta - INFO - Collecting experiment data for meta-learning
2025-11-11 08:58:48,555 - meta - INFO - Collected data from 4 experiments
2025-11-11 08:58:48,555 - meta - INFO - Updating meta-learning model
2025-11-11 08:58:48,555 - meta - INFO - Collecting experiment data for meta-learning
2025-11-11 08:58:48,555 - meta - INFO - Collected data from 4 experiments
2025-11-11 09:30:22,715 - meta - WARNING - Meta-model not trained, returning default configuration
2025-11-11 09:30:24,782 - meta - WARNING - Meta-model not trained, returning default configuration
2025-11-11 09:30:39,586 - meta - WARNING - Meta-model not trained, returning default configuration
2025-11-11 09:31:07,215 - meta - INFO - Collecting experiment data for meta-learning
2025-11-11 09:31:07,215 - meta - INFO - Collected data from 4 experiments
2025-11-11 09:31:07,215 - meta - INFO - Updating meta-learning model
2025-11-11 09:31:07,215 - meta - INFO - Collecting experiment data for meta-learning
2025-11-11 09:31:07,215 - meta - INFO - Collected data from 4 experiments
2025-11-11 18:13:17,833 - meta - WARNING - Meta-model not trained, returning default configuration
2025-11-11 18:13:19,919 - meta - WARNING - Meta-model not trained, returning default configuration
2025-11-11 18:13:34,160 - meta - WARNING - Meta-model not trained, returning default configuration
2025-11-11 18:14:01,948 - meta - INFO - Collecting experiment data for meta-learning
2025-11-11 18:14:01,948 - meta - INFO - Collected data from 4 experiments
2025-11-11 18:14:01,949 - meta - INFO - Updating meta-learning model
2025-11-11 18:14:01,949 - meta - INFO - Collecting experiment data for meta-learning
2025-11-11 18:14:01,949 - meta - INFO - Collected data from 4 experiments
2025-11-12 17:16:22,523 - meta - WARNING - Meta-model not trained, returning default configuration
2025-11-12 17:16:24,951 - meta - WARNING - Meta-model not trained, returning default configuration
2025-11-12 17:16:39,358 - meta - WARNING - Meta-model not trained, returning default configuration
2025-11-12 17:17:06,869 - meta - INFO - Collecting experiment data for meta-learning
2025-11-12 17:17:06,870 - meta - INFO - Collected data from 4 experiments
2025-11-12 17:17:06,870 - meta - INFO - Updating meta-learning model
2025-11-12 17:17:06,870 - meta - INFO - Collecting experiment data for meta-learning
2025-11-12 17:17:06,870 - meta - INFO - Collected data from 4 experiments
2025-11-12 17:17:08,446 - meta - WARNING - Meta-model not trained, returning default configuration
2025-11-12 17:17:10,016 - meta - WARNING - Meta-model not trained, returning default configuration
2025-11-12 17:17:24,786 - meta - WARNING - Meta-model not trained, returning default configuration
2025-11-12 17:17:52,686 - meta - INFO - Collecting experiment data for meta-learning
2025-11-12 17:17:52,686 - meta - INFO - Collected data from 4 experiments
2025-11-12 17:17:52,686 - meta - INFO - Updating meta-learning model
2025-11-12 17:17:52,686 - meta - INFO - Collecting experiment data for meta-learning
2025-11-12 17:17:52,686 - meta - INFO - Collected data from 4 experiments
2025-11-12 21:00:38,943 - meta - WARNING - Meta-model not trained, returning default configuration
2025-11-12 21:00:41,184 - meta - WARNING - Meta-model not trained, returning default configuration
2025-11-12 21:00:56,333 - meta - WARNING - Meta-model not trained, returning default configuration
2025-11-12 21:01:24,770 - meta - INFO - Collecting experiment data for meta-learning
2025-11-12 21:01:24,771 - meta - INFO - Collected data from 4 experiments
2025-11-12 21:01:24,771 - meta - INFO - Updating meta-learning model
2025-11-12 21:01:24,771 - meta - INFO - Collecting experiment data for meta-learning
2025-11-12 21:01:24,772 - meta - INFO - Collected data from 4 experiments
2025-11-19 19:31:23,001 - meta - WARNING - Meta-model not trained, returning default configuration
2025-11-19 19:31:25,533 - meta - WARNING - Meta-model not trained, returning default configuration
2025-11-19 19:31:40,313 - meta - WARNING - Meta-model not trained, returning default configuration
2025-11-19 19:32:04,167 - meta - INFO - Collecting experiment data for meta-learning
2025-11-19 19:32:04,167 - meta - INFO - Collected data from 4 experiments
2025-11-19 19:32:04,167 - meta - INFO - Updating meta-learning model
2025-11-19 19:32:04,167 - meta - INFO - Collecting experiment data for meta-learning
2025-11-19 19:32:04,167 - meta - INFO - Collected data from 4 experiments
2025-11-19 19:32:05,880 - meta - WARNING - Meta-model not trained, returning default configuration
2025-11-19 19:32:07,583 - meta - WARNING - Meta-model not trained, returning default configuration
2025-11-19 19:32:22,608 - meta - WARNING - Meta-model not trained, returning default configuration
2025-11-19 19:32:46,670 - meta - INFO - Collecting experiment data for meta-learning
2025-11-19 19:32:46,671 - meta - INFO - Collected data from 4 experiments
2025-11-19 19:32:46,671 - meta - INFO - Updating meta-learning model
2025-11-19 19:32:46,671 - meta - INFO - Collecting experiment data for meta-learning
2025-11-19 19:32:46,671 - meta - INFO - Collected data from 4 experiments
2025-11-19 19:39:49,234 - meta - WARNING - Meta-model not trained, returning default configuration
2025-11-19 19:39:51,613 - meta - WARNING - Meta-model not trained, returning default configuration
2025-11-19 19:40:07,584 - meta - WARNING - Meta-model not trained, returning default configuration
2025-11-19 19:40:45,642 - meta - INFO - Collecting experiment data for meta-learning
2025-11-19 19:40:45,643 - meta - INFO - Collected data from 4 experiments
2025-11-19 19:40:45,643 - meta - INFO - Updating meta-learning model
2025-11-19 19:40:45,643 - meta - INFO - Collecting experiment data for meta-learning
2025-11-19 19:40:45,643 - meta - INFO - Collected data from 4 experiments
2025-11-19 19:40:47,494 - meta - WARNING - Meta-model not trained, returning default configuration
2025-11-19 19:40:49,339 - meta - WARNING - Meta-model not trained, returning default configuration
2025-11-19 19:41:04,452 - meta - WARNING - Meta-model not trained, returning default configuration
2025-11-19 19:41:42,074 - meta - INFO - Collecting experiment data for meta-learning
2025-11-19 19:41:42,075 - meta - INFO - Collected data from 4 experiments
2025-11-19 19:41:42,075 - meta - INFO - Updating meta-learning model
2025-11-19 19:41:42,075 - meta - INFO - Collecting experiment data for meta-learning
2025-11-19 19:41:42,075 - meta - INFO - Collected data from 4 experiments
2025-11-19 19:50:32,031 - meta - WARNING - Meta-model not trained, returning default configuration
2025-11-19 19:50:33,260 - meta - WARNING - Meta-model not trained, returning default configuration
2025-11-19 19:50:47,491 - meta - WARNING - Meta-model not trained, returning default configuration
2025-11-19 19:50:47,812 - meta - WARNING - Meta-model not trained, returning default configuration
2025-11-19 19:50:48,841 - meta - WARNING - Meta-model not trained, returning default configuration
2025-11-19 19:50:49,807 - meta - WARNING - Meta-model not trained, returning default configuration
2025-11-19 19:50:51,811 - meta - WARNING - Meta-model not trained, returning default configuration
2025-11-19 19:50:53,109 - meta - WARNING - Meta-model not trained, returning default configuration
2025-11-19 19:51:01,704 - meta - INFO - Collecting experiment data for meta-learning
2025-11-19 19:51:01,704 - meta - INFO - Collected data from 6 experiments
2025-11-19 19:51:01,705 - meta - INFO - Updating meta-learning model
2025-11-19 19:51:01,705 - meta - INFO - Collecting experiment data for meta-learning
2025-11-19 19:51:01,705 - meta - INFO - Collected data from 6 experiments
2025-11-19 19:51:07,843 - meta - WARNING - Meta-model not trained, returning default configuration
2025-11-19 19:51:44,332 - meta - WARNING - Meta-model not trained, returning default configuration
2025-11-19 19:52:08,876 - meta - INFO - Collecting experiment data for meta-learning
2025-11-19 19:52:08,877 - meta - INFO - Collected data from 8 experiments
2025-11-19 19:52:08,877 - meta - INFO - Updating meta-learning model
2025-11-19 19:52:08,877 - meta - INFO - Collecting experiment data for meta-learning
2025-11-19 19:52:08,877 - meta - INFO - Collected data from 8 experiments
2025-11-19 19:53:18,428 - meta - WARNING - Meta-model not trained, returning default configuration
2025-11-19 19:53:19,751 - meta - WARNING - Meta-model not trained, returning default configuration
2025-11-19 19:53:20,699 - meta - WARNING - Meta-model not trained, returning default configuration
2025-11-19 19:53:24,026 - meta - WARNING - Meta-model not trained, returning default configuration
2025-11-19 19:53:38,572 - meta - WARNING - Meta-model not trained, returning default configuration
2025-11-19 19:54:14,509 - meta - WARNING - Meta-model not trained, returning default configuration
2025-11-19 19:54:38,883 - meta - INFO - Collecting experiment data for meta-learning
2025-11-19 19:54:38,884 - meta - INFO - Collected data from 8 experiments
2025-11-19 19:54:38,884 - meta - INFO - Updating meta-learning model
2025-11-19 19:54:38,884 - meta - INFO - Collecting experiment data for meta-learning
2025-11-19 19:54:38,884 - meta - INFO - Collected data from 8 experiments
2025-11-19 20:00:21,059 - meta - WARNING - Meta-model not trained, returning default configuration
2025-11-19 20:00:21,336 - meta - WARNING - Meta-model not trained, returning default configuration
2025-11-19 20:00:34,429 - meta - WARNING - Meta-model not trained, returning default configuration
2025-11-19 20:00:36,985 - meta - WARNING - Meta-model not trained, returning default configuration
2025-11-19 20:00:47,162 - meta - INFO - Collecting experiment data for meta-learning
2025-11-19 20:00:47,163 - meta - INFO - Collected data from 6 experiments
2025-11-19 20:00:47,163 - meta - INFO - Updating meta-learning model
2025-11-19 20:00:47,163 - meta - INFO - Collecting experiment data for meta-learning
2025-11-19 20:00:47,163 - meta - INFO - Collected data from 6 experiments
2025-11-19 20:04:02,691 - meta - WARNING - Meta-model not trained, returning default configuration
2025-11-19 20:04:02,989 - meta - WARNING - Meta-model not trained, returning default configuration
2025-11-19 20:04:16,377 - meta - WARNING - Meta-model not trained, returning default configuration
2025-11-19 20:04:18,875 - meta - WARNING - Meta-model not trained, returning default configuration
2025-11-19 20:04:26,476 - meta - INFO - Collecting experiment data for meta-learning
2025-11-19 20:04:26,476 - meta - INFO - Collected data from 6 experiments
2025-11-19 20:04:26,476 - meta - INFO - Updating meta-learning model
2025-11-19 20:04:26,476 - meta - INFO - Collecting experiment data for meta-learning
2025-11-19 20:04:26,476 - meta - INFO - Collected data from 6 experiments
2025-11-19 20:20:51,872 - meta - WARNING - Meta-model not trained, returning default configuration
2025-11-19 20:20:53,374 - meta - WARNING - Meta-model not trained, returning default configuration
2025-11-19 20:20:54,256 - meta - WARNING - Meta-model not trained, returning default configuration
2025-11-19 20:20:57,477 - meta - WARNING - Meta-model not trained, returning default configuration
2025-11-19 20:21:11,702 - meta - WARNING - Meta-model not trained, returning default configuration
2025-11-19 20:21:48,243 - meta - WARNING - Meta-model not trained, returning default configuration
2025-11-19 20:22:16,480 - meta - INFO - Collecting experiment data for meta-learning
2025-11-19 20:22:16,481 - meta - INFO - Collected data from 8 experiments
2025-11-19 20:22:16,481 - meta - INFO - Updating meta-learning model
2025-11-19 20:22:16,481 - meta - INFO - Collecting experiment data for meta-learning
2025-11-19 20:22:16,481 - meta - INFO - Collected data from 8 experiments
2025-11-19 20:22:17,272 - meta - WARNING - Meta-model not trained, returning default configuration
2025-11-19 20:22:18,233 - meta - WARNING - Meta-model not trained, returning default configuration
2025-11-19 20:22:19,167 - meta - WARNING - Meta-model not trained, returning default configuration
2025-11-19 20:22:22,426 - meta - WARNING - Meta-model not trained, returning default configuration
2025-11-19 20:22:36,656 - meta - WARNING - Meta-model not trained, returning default configuration
2025-11-19 20:23:12,839 - meta - WARNING - Meta-model not trained, returning default configuration
2025-11-19 20:23:39,999 - meta - INFO - Collecting experiment data for meta-learning
2025-11-19 20:23:40,000 - meta - INFO - Collected data from 8 experiments
2025-11-19 20:23:40,000 - meta - INFO - Updating meta-learning model
2025-11-19 20:23:40,000 - meta - INFO - Collecting experiment data for meta-learning
2025-11-19 20:23:40,000 - meta - INFO - Collected data from 8 experiments
2025-11-19 20:58:05,105 - meta - WARNING - Meta-model not trained, returning default configuration
2025-11-19 20:58:05,533 - meta - WARNING - Meta-model not trained, returning default configuration
2025-11-19 20:58:18,489 - meta - WARNING - Meta-model not trained, returning default configuration
2025-11-19 20:58:21,039 - meta - WARNING - Meta-model not trained, returning default configuration
2025-11-19 20:58:29,664 - meta - INFO - Collecting experiment data for meta-learning
2025-11-19 20:58:29,665 - meta - INFO - Collected data from 6 experiments
2025-11-19 20:58:29,665 - meta - INFO - Updating meta-learning model
2025-11-19 20:58:29,665 - meta - INFO - Collecting experiment data for meta-learning
2025-11-19 20:58:29,665 - meta - INFO - Collected data from 6 experiments
2025-11-19 23:09:31,145 - meta - WARNING - Meta-model not trained, returning default configuration
2025-11-19 23:09:32,845 - meta - WARNING - Meta-model not trained, returning default configuration
2025-11-19 23:09:34,006 - meta - WARNING - Meta-model not trained, returning default configuration
2025-11-19 23:09:37,481 - meta - WARNING - Meta-model not trained, returning default configuration
2025-11-19 23:09:52,347 - meta - WARNING - Meta-model not trained, returning default configuration
2025-11-19 23:10:29,531 - meta - WARNING - Meta-model not trained, returning default configuration
2025-11-19 23:11:00,420 - meta - INFO - Collecting experiment data for meta-learning
2025-11-19 23:11:00,420 - meta - INFO - Collected data from 8 experiments
2025-11-19 23:11:00,420 - meta - INFO - Updating meta-learning model
2025-11-19 23:11:00,420 - meta - INFO - Collecting experiment data for meta-learning
2025-11-19 23:11:00,421 - meta - INFO - Collected data from 8 experiments
2025-11-19 23:13:08,526 - meta - WARNING - Meta-model not trained, returning default configuration
2025-11-19 23:13:10,109 - meta - WARNING - Meta-model not trained, returning default configuration
2025-11-19 23:13:11,224 - meta - WARNING - Meta-model not trained, returning default configuration
2025-11-19 23:13:14,666 - meta - WARNING - Meta-model not trained, returning default configuration
2025-11-19 23:13:29,551 - meta - WARNING - Meta-model not trained, returning default configuration
2025-11-19 23:14:08,397 - meta - WARNING - Meta-model not trained, returning default configuration
2025-11-19 23:14:40,994 - meta - INFO - Collecting experiment data for meta-learning
2025-11-19 23:14:40,994 - meta - INFO - Collected data from 8 experiments
2025-11-19 23:14:40,995 - meta - INFO - Updating meta-learning model
2025-11-19 23:14:40,995 - meta - INFO - Collecting experiment data for meta-learning
2025-11-19 23:14:40,995 - meta - INFO - Collected data from 8 experiments
2025-11-19 23:14:42,211 - meta - WARNING - Meta-model not trained, returning default configuration
2025-11-19 23:14:43,589 - meta - WARNING - Meta-model not trained, returning default configuration
2025-11-19 23:14:44,787 - meta - WARNING - Meta-model not trained, returning default configuration
2025-11-19 23:14:48,402 - meta - WARNING - Meta-model not trained, returning default configuration
2025-11-19 23:15:03,693 - meta - WARNING - Meta-model not trained, returning default configuration
2025-11-19 23:15:45,130 - meta - WARNING - Meta-model not trained, returning default configuration
2025-11-19 23:16:13,910 - meta - INFO - Collecting experiment data for meta-learning
2025-11-19 23:16:13,910 - meta - INFO - Collected data from 8 experiments
2025-11-19 23:16:13,911 - meta - INFO - Updating meta-learning model
2025-11-19 23:16:13,911 - meta - INFO - Collecting experiment data for meta-learning
2025-11-19 23:16:13,911 - meta - INFO - Collected data from 8 experiments
2025-11-19 23:17:20,234 - meta - WARNING - Meta-model not trained, returning default configuration
2025-11-19 23:17:21,926 - meta - WARNING - Meta-model not trained, returning default configuration
2025-11-19 23:17:23,165 - meta - WARNING - Meta-model not trained, returning default configuration
2025-11-19 23:17:26,690 - meta - WARNING - Meta-model not trained, returning default configuration
2025-11-19 23:17:41,332 - meta - WARNING - Meta-model not trained, returning default configuration
2025-11-19 23:18:19,623 - meta - WARNING - Meta-model not trained, returning default configuration
2025-11-19 23:18:50,170 - meta - INFO - Collecting experiment data for meta-learning
2025-11-19 23:18:50,170 - meta - INFO - Collected data from 8 experiments
2025-11-19 23:18:50,170 - meta - INFO - Updating meta-learning model
2025-11-19 23:18:50,170 - meta - INFO - Collecting experiment data for meta-learning
2025-11-19 23:18:50,170 - meta - INFO - Collected data from 8 experiments
2025-11-19 23:18:51,544 - meta - WARNING - Meta-model not trained, returning default configuration
2025-11-19 23:18:52,955 - meta - WARNING - Meta-model not trained, returning default configuration
2025-11-19 23:18:54,402 - meta - WARNING - Meta-model not trained, returning default configuration
2025-11-19 23:18:58,018 - meta - WARNING - Meta-model not trained, returning default configuration
2025-11-19 23:19:12,803 - meta - WARNING - Meta-model not trained, returning default configuration
2025-11-19 23:19:50,893 - meta - WARNING - Meta-model not trained, returning default configuration
2025-11-19 23:20:20,520 - meta - INFO - Collecting experiment data for meta-learning
2025-11-19 23:20:20,521 - meta - INFO - Collected data from 8 experiments
2025-11-19 23:20:20,521 - meta - INFO - Updating meta-learning model
2025-11-19 23:20:20,521 - meta - INFO - Collecting experiment data for meta-learning
2025-11-19 23:20:20,521 - meta - INFO - Collected data from 8 experiments
2025-11-20 16:10:47,352 - meta - WARNING - Meta-model not trained, returning default configuration
2025-11-20 16:10:49,218 - meta - WARNING - Meta-model not trained, returning default configuration
2025-11-20 16:10:50,551 - meta - WARNING - Meta-model not trained, returning default configuration
2025-11-20 16:10:54,254 - meta - WARNING - Meta-model not trained, returning default configuration
2025-11-20 16:11:08,380 - meta - WARNING - Meta-model not trained, returning default configuration
2025-11-20 16:11:45,305 - meta - WARNING - Meta-model not trained, returning default configuration
2025-11-20 16:12:15,619 - meta - INFO - Collecting experiment data for meta-learning
2025-11-20 16:12:15,619 - meta - INFO - Collected data from 8 experiments
2025-11-20 16:12:15,619 - meta - INFO - Updating meta-learning model
2025-11-20 16:12:15,619 - meta - INFO - Collecting experiment data for meta-learning
2025-11-20 16:12:15,619 - meta - INFO - Collected data from 8 experiments
2025-11-20 16:12:17,299 - meta - WARNING - Meta-model not trained, returning default configuration
2025-11-20 16:12:18,839 - meta - WARNING - Meta-model not trained, returning default configuration
2025-11-20 16:12:20,329 - meta - WARNING - Meta-model not trained, returning default configuration
2025-11-20 16:12:24,249 - meta - WARNING - Meta-model not trained, returning default configuration
2025-11-20 16:12:39,142 - meta - WARNING - Meta-model not trained, returning default configuration
2025-11-20 16:13:17,011 - meta - WARNING - Meta-model not trained, returning default configuration
2025-11-20 16:13:45,015 - meta - INFO - Collecting experiment data for meta-learning
2025-11-20 16:13:45,015 - meta - INFO - Collected data from 8 experiments
2025-11-20 16:13:45,016 - meta - INFO - Updating meta-learning model
2025-11-20 16:13:45,016 - meta - INFO - Collecting experiment data for meta-learning
2025-11-20 16:13:45,016 - meta - INFO - Collected data from 8 experiments
2025-11-20 16:15:07,335 - meta - WARNING - Meta-model not trained, returning default configuration
2025-11-20 16:15:09,317 - meta - WARNING - Meta-model not trained, returning default configuration
2025-11-20 16:15:10,820 - meta - WARNING - Meta-model not trained, returning default configuration
2025-11-20 16:15:14,760 - meta - WARNING - Meta-model not trained, returning default configuration
2025-11-20 16:15:29,471 - meta - WARNING - Meta-model not trained, returning default configuration
2025-11-20 16:16:05,938 - meta - WARNING - Meta-model not trained, returning default configuration
2025-11-20 16:16:35,947 - meta - INFO - Collecting experiment data for meta-learning
2025-11-20 16:16:35,948 - meta - INFO - Collected data from 8 experiments
2025-11-20 16:16:35,948 - meta - INFO - Updating meta-learning model
2025-11-20 16:16:35,948 - meta - INFO - Collecting experiment data for meta-learning
2025-11-20 16:16:35,948 - meta - INFO - Collected data from 8 experiments
2025-11-20 16:16:37,743 - meta - WARNING - Meta-model not trained, returning default configuration
2025-11-20 16:16:39,367 - meta - WARNING - Meta-model not trained, returning default configuration
2025-11-20 16:16:40,968 - meta - WARNING - Meta-model not trained, returning default configuration
2025-11-20 16:16:44,890 - meta - WARNING - Meta-model not trained, returning default configuration
2025-11-20 16:16:59,854 - meta - WARNING - Meta-model not trained, returning default configuration
2025-11-20 16:17:36,922 - meta - WARNING - Meta-model not trained, returning default configuration
2025-11-20 16:18:04,676 - meta - INFO - Collecting experiment data for meta-learning
2025-11-20 16:18:04,676 - meta - INFO - Collected data from 8 experiments
2025-11-20 16:18:04,676 - meta - INFO - Updating meta-learning model
2025-11-20 16:18:04,676 - meta - INFO - Collecting experiment data for meta-learning
2025-11-20 16:18:04,676 - meta - INFO - Collected data from 8 experiments
2025-11-20 16:22:46,176 - meta - WARNING - Meta-model not trained, returning default configuration
2025-11-20 16:22:48,474 - meta - WARNING - Meta-model not trained, returning default configuration
2025-11-20 16:22:50,313 - meta - WARNING - Meta-model not trained, returning default configuration
2025-11-20 16:22:54,423 - meta - WARNING - Meta-model not trained, returning default configuration
2025-11-20 16:23:10,016 - meta - WARNING - Meta-model not trained, returning default configuration
2025-11-20 16:23:47,666 - meta - WARNING - Meta-model not trained, returning default configuration
2025-11-20 16:24:18,275 - meta - INFO - Collecting experiment data for meta-learning
2025-11-20 16:24:18,276 - meta - INFO - Collected data from 8 experiments
2025-11-20 16:24:18,276 - meta - INFO - Updating meta-learning model
2025-11-20 16:24:18,276 - meta - INFO - Collecting experiment data for meta-learning
2025-11-20 16:24:18,276 - meta - INFO - Collected data from 8 experiments
2025-11-20 16:24:20,391 - meta - WARNING - Meta-model not trained, returning default configuration
2025-11-20 16:24:22,176 - meta - WARNING - Meta-model not trained, returning default configuration
2025-11-20 16:24:23,921 - meta - WARNING - Meta-model not trained, returning default configuration
2025-11-20 16:24:28,010 - meta - WARNING - Meta-model not trained, returning default configuration
2025-11-20 16:24:43,253 - meta - WARNING - Meta-model not trained, returning default configuration
2025-11-20 16:25:20,798 - meta - WARNING - Meta-model not trained, returning default configuration
2025-11-20 16:25:48,973 - meta - INFO - Collecting experiment data for meta-learning
2025-11-20 16:25:48,974 - meta - INFO - Collected data from 8 experiments
2025-11-20 16:25:48,975 - meta - INFO - Updating meta-learning model
2025-11-20 16:25:48,975 - meta - INFO - Collecting experiment data for meta-learning
2025-11-20 16:25:48,975 - meta - INFO - Collected data from 8 experiments
2025-11-20 16:28:40,564 - meta - WARNING - Meta-model not trained, returning default configuration
2025-11-20 16:28:43,016 - meta - WARNING - Meta-model not trained, returning default configuration
2025-11-20 16:28:44,911 - meta - WARNING - Meta-model not trained, returning default configuration
2025-11-20 16:28:49,155 - meta - WARNING - Meta-model not trained, returning default configuration
2025-11-20 16:29:04,835 - meta - WARNING - Meta-model not trained, returning default configuration
2025-11-20 16:29:42,735 - meta - WARNING - Meta-model not trained, returning default configuration
2025-11-20 16:30:13,767 - meta - INFO - Collecting experiment data for meta-learning
2025-11-20 16:30:13,767 - meta - INFO - Collected data from 8 experiments
2025-11-20 16:30:13,767 - meta - INFO - Updating meta-learning model
2025-11-20 16:30:13,767 - meta - INFO - Collecting experiment data for meta-learning
2025-11-20 16:30:13,767 - meta - INFO - Collected data from 8 experiments
2025-11-20 16:30:16,213 - meta - WARNING - Meta-model not trained, returning default configuration
2025-11-20 16:30:18,228 - meta - WARNING - Meta-model not trained, returning default configuration
2025-11-20 16:30:20,195 - meta - WARNING - Meta-model not trained, returning default configuration
2025-11-20 16:30:24,483 - meta - WARNING - Meta-model not trained, returning default configuration
2025-11-20 16:30:40,223 - meta - WARNING - Meta-model not trained, returning default configuration
2025-11-20 16:31:18,431 - meta - WARNING - Meta-model not trained, returning default configuration
2025-11-20 16:31:47,892 - meta - INFO - Collecting experiment data for meta-learning
2025-11-20 16:31:47,893 - meta - INFO - Collected data from 8 experiments
2025-11-20 16:31:47,893 - meta - INFO - Updating meta-learning model
2025-11-20 16:31:47,893 - meta - INFO - Collecting experiment data for meta-learning
2025-11-20 16:31:47,893 - meta - INFO - Collected data from 8 experiments
2025-11-20 16:39:30,373 - meta - WARNING - Meta-model not trained, returning default configuration
2025-11-20 16:39:32,965 - meta - WARNING - Meta-model not trained, returning default configuration
2025-11-20 16:39:34,950 - meta - WARNING - Meta-model not trained, returning default configuration
2025-11-20 16:39:39,321 - meta - WARNING - Meta-model not trained, returning default configuration
2025-11-20 16:39:55,162 - meta - WARNING - Meta-model not trained, returning default configuration
2025-11-20 16:40:34,338 - meta - WARNING - Meta-model not trained, returning default configuration
2025-11-20 16:41:06,367 - meta - INFO - Collecting experiment data for meta-learning
2025-11-20 16:41:06,367 - meta - INFO - Collected data from 8 experiments
2025-11-20 16:41:06,367 - meta - INFO - Updating meta-learning model
2025-11-20 16:41:06,367 - meta - INFO - Collecting experiment data for meta-learning
2025-11-20 16:41:06,367 - meta - INFO - Collected data from 8 experiments
2025-11-20 16:41:08,972 - meta - WARNING - Meta-model not trained, returning default configuration
2025-11-20 16:41:11,054 - meta - WARNING - Meta-model not trained, returning default configuration
2025-11-20 16:41:13,118 - meta - WARNING - Meta-model not trained, returning default configuration
2025-11-20 16:41:17,617 - meta - WARNING - Meta-model not trained, returning default configuration
2025-11-20 16:41:33,375 - meta - WARNING - Meta-model not trained, returning default configuration
2025-11-20 16:42:11,925 - meta - WARNING - Meta-model not trained, returning default configuration
2025-11-20 16:42:41,336 - meta - INFO - Collecting experiment data for meta-learning
2025-11-20 16:42:41,337 - meta - INFO - Collected data from 8 experiments
2025-11-20 16:42:41,337 - meta - INFO - Updating meta-learning model
2025-11-20 16:42:41,337 - meta - INFO - Collecting experiment data for meta-learning
2025-11-20 16:42:41,337 - meta - INFO - Collected data from 8 experiments
2025-11-20 16:46:01,803 - meta - WARNING - Meta-model not trained, returning default configuration
2025-11-20 16:46:04,508 - meta - WARNING - Meta-model not trained, returning default configuration
2025-11-20 16:46:06,641 - meta - WARNING - Meta-model not trained, returning default configuration
2025-11-20 16:46:11,111 - meta - WARNING - Meta-model not trained, returning default configuration
2025-11-20 16:46:26,800 - meta - WARNING - Meta-model not trained, returning default configuration
2025-11-20 16:47:05,269 - meta - WARNING - Meta-model not trained, returning default configuration
2025-11-20 16:47:36,911 - meta - INFO - Collecting experiment data for meta-learning
2025-11-20 16:47:36,912 - meta - INFO - Collected data from 8 experiments
2025-11-20 16:47:36,912 - meta - INFO - Updating meta-learning model
2025-11-20 16:47:36,912 - meta - INFO - Collecting experiment data for meta-learning
2025-11-20 16:47:36,912 - meta - INFO - Collected data from 8 experiments
2025-11-20 16:47:39,758 - meta - WARNING - Meta-model not trained, returning default configuration
2025-11-20 16:47:42,012 - meta - WARNING - Meta-model not trained, returning default configuration
2025-11-20 16:47:44,322 - meta - WARNING - Meta-model not trained, returning default configuration
2025-11-20 16:47:48,873 - meta - WARNING - Meta-model not trained, returning default configuration
2025-11-20 16:48:04,979 - meta - WARNING - Meta-model not trained, returning default configuration
2025-11-20 16:48:43,903 - meta - WARNING - Meta-model not trained, returning default configuration
2025-11-20 16:49:14,037 - meta - INFO - Collecting experiment data for meta-learning
2025-11-20 16:49:14,038 - meta - INFO - Collected data from 8 experiments
2025-11-20 16:49:14,038 - meta - INFO - Updating meta-learning model
2025-11-20 16:49:14,038 - meta - INFO - Collecting experiment data for meta-learning
2025-11-20 16:49:14,038 - meta - INFO - Collected data from 8 experiments
2025-11-20 17:12:55,783 - meta - WARNING - Meta-model not trained, returning default configuration
2025-11-20 17:12:58,596 - meta - WARNING - Meta-model not trained, returning default configuration
2025-11-20 17:13:00,875 - meta - WARNING - Meta-model not trained, returning default configuration
2025-11-20 17:13:05,642 - meta - WARNING - Meta-model not trained, returning default configuration
2025-11-20 17:13:21,585 - meta - WARNING - Meta-model not trained, returning default configuration
2025-11-20 17:14:00,715 - meta - WARNING - Meta-model not trained, returning default configuration
2025-11-20 17:14:35,573 - meta - INFO - Collecting experiment data for meta-learning
2025-11-20 17:14:35,574 - meta - INFO - Collected data from 8 experiments
2025-11-20 17:14:35,574 - meta - INFO - Updating meta-learning model
2025-11-20 17:14:35,574 - meta - INFO - Collecting experiment data for meta-learning
2025-11-20 17:14:35,574 - meta - INFO - Collected data from 8 experiments
2025-11-20 17:14:38,670 - meta - WARNING - Meta-model not trained, returning default configuration
2025-11-20 17:14:41,144 - meta - WARNING - Meta-model not trained, returning default configuration
2025-11-20 17:14:43,551 - meta - WARNING - Meta-model not trained, returning default configuration
2025-11-20 17:14:48,371 - meta - WARNING - Meta-model not trained, returning default configuration
2025-11-20 17:15:04,431 - meta - WARNING - Meta-model not trained, returning default configuration
2025-11-20 17:15:43,104 - meta - WARNING - Meta-model not trained, returning default configuration
2025-11-20 17:16:12,870 - meta - INFO - Collecting experiment data for meta-learning
2025-11-20 17:16:12,870 - meta - INFO - Collected data from 8 experiments
2025-11-20 17:16:12,871 - meta - INFO - Updating meta-learning model
2025-11-20 17:16:12,871 - meta - INFO - Collecting experiment data for meta-learning
2025-11-20 17:16:12,871 - meta - INFO - Collected data from 8 experiments
2025-11-23 14:22:56,841 - meta - WARNING - Meta-model not trained, returning default configuration
2025-11-23 14:23:00,288 - meta - WARNING - Meta-model not trained, returning default configuration
2025-11-23 14:23:02,706 - meta - WARNING - Meta-model not trained, returning default configuration
2025-11-23 14:23:07,543 - meta - WARNING - Meta-model not trained, returning default configuration
2025-11-23 14:23:23,380 - meta - WARNING - Meta-model not trained, returning default configuration
2025-11-23 14:24:01,242 - meta - WARNING - Meta-model not trained, returning default configuration
2025-11-23 14:24:31,663 - meta - INFO - Collecting experiment data for meta-learning
2025-11-23 14:24:31,663 - meta - INFO - Collected data from 8 experiments
2025-11-23 14:24:31,663 - meta - INFO - Updating meta-learning model
2025-11-23 14:24:31,663 - meta - INFO - Collecting experiment data for meta-learning
2025-11-23 14:24:31,663 - meta - INFO - Collected data from 8 experiments
2025-11-23 14:24:34,909 - meta - WARNING - Meta-model not trained, returning default configuration
2025-11-23 14:24:37,632 - meta - WARNING - Meta-model not trained, returning default configuration
2025-11-23 14:24:40,171 - meta - WARNING - Meta-model not trained, returning default configuration
2025-11-23 14:24:45,092 - meta - WARNING - Meta-model not trained, returning default configuration
2025-11-23 14:25:01,103 - meta - WARNING - Meta-model not trained, returning default configuration
2025-11-23 14:25:39,297 - meta - WARNING - Meta-model not trained, returning default configuration
2025-11-23 14:26:08,888 - meta - INFO - Collecting experiment data for meta-learning
2025-11-23 14:26:08,888 - meta - INFO - Collected data from 8 experiments
2025-11-23 14:26:08,889 - meta - INFO - Updating meta-learning model
2025-11-23 14:26:08,889 - meta - INFO - Collecting experiment data for meta-learning
2025-11-23 14:26:08,889 - meta - INFO - Collected data from 8 experiments
2025-11-23 14:31:43,476 - meta - WARNING - Meta-model not trained, returning default configuration
2025-11-23 14:31:46,416 - meta - WARNING - Meta-model not trained, returning default configuration
2025-11-23 14:31:49,072 - meta - WARNING - Meta-model not trained, returning default configuration
2025-11-23 14:31:53,927 - meta - WARNING - Meta-model not trained, returning default configuration
2025-11-23 14:32:09,963 - meta - WARNING - Meta-model not trained, returning default configuration
2025-11-23 14:32:47,972 - meta - WARNING - Meta-model not trained, returning default configuration
2025-11-23 15:15:03,725 - meta - WARNING - Meta-model not trained, returning default configuration
2025-11-23 15:15:04,930 - meta - WARNING - Meta-model not trained, returning default configuration
2025-11-23 15:15:05,679 - meta - WARNING - Meta-model not trained, returning default configuration
2025-11-23 15:15:08,827 - meta - WARNING - Meta-model not trained, returning default configuration
2025-11-23 15:15:23,494 - meta - WARNING - Meta-model not trained, returning default configuration
2025-11-23 15:16:00,650 - meta - WARNING - Meta-model not trained, returning default configuration
2025-11-23 15:16:29,339 - meta - INFO - Collecting experiment data for meta-learning
2025-11-23 15:16:29,339 - meta - INFO - Collected data from 8 experiments
2025-11-23 15:16:29,340 - meta - INFO - Updating meta-learning model
2025-11-23 15:16:29,340 - meta - INFO - Collecting experiment data for meta-learning
2025-11-23 15:16:29,340 - meta - INFO - Collected data from 8 experiments
2025-11-23 15:16:30,881 - meta - WARNING - Meta-model not trained, returning default configuration
2025-11-23 15:16:31,849 - meta - WARNING - Meta-model not trained, returning default configuration
2025-11-23 15:16:32,672 - meta - WARNING - Meta-model not trained, returning default configuration
2025-11-23 15:16:35,856 - meta - WARNING - Meta-model not trained, returning default configuration
2025-11-23 15:16:50,303 - meta - WARNING - Meta-model not trained, returning default configuration
2025-11-23 15:17:26,765 - meta - WARNING - Meta-model not trained, returning default configuration
2025-11-23 15:17:54,257 - meta - INFO - Collecting experiment data for meta-learning
2025-11-23 15:17:54,258 - meta - INFO - Collected data from 8 experiments
2025-11-23 15:17:54,258 - meta - INFO - Updating meta-learning model
2025-11-23 15:17:54,258 - meta - INFO - Collecting experiment data for meta-learning
2025-11-23 15:17:54,258 - meta - INFO - Collected data from 8 experiments
2025-11-23 15:28:18,141 - meta - WARNING - Meta-model not trained, returning default configuration
2025-11-23 15:28:19,476 - meta - WARNING - Meta-model not trained, returning default configuration
2025-11-23 15:28:20,401 - meta - WARNING - Meta-model not trained, returning default configuration
2025-11-23 15:28:23,589 - meta - WARNING - Meta-model not trained, returning default configuration
2025-11-23 15:28:37,783 - meta - WARNING - Meta-model not trained, returning default configuration
2025-11-23 15:29:15,379 - meta - WARNING - Meta-model not trained, returning default configuration
2025-11-23 15:29:16,701 - meta - WARNING - Meta-model not trained, returning default configuration
2025-11-23 15:29:17,646 - meta - WARNING - Meta-model not trained, returning default configuration
2025-11-23 15:29:20,858 - meta - WARNING - Meta-model not trained, returning default configuration
2025-11-23 15:29:35,065 - meta - WARNING - Meta-model not trained, returning default configuration
2025-11-23 15:30:11,019 - meta - WARNING - Meta-model not trained, returning default configuration
2025-11-23 15:30:39,062 - meta - INFO - Collecting experiment data for meta-learning
2025-11-23 15:30:39,063 - meta - INFO - Collected data from 8 experiments
2025-11-23 15:30:39,063 - meta - INFO - Updating meta-learning model
2025-11-23 15:30:39,063 - meta - INFO - Collecting experiment data for meta-learning
2025-11-23 15:30:39,063 - meta - INFO - Collected data from 8 experiments
2025-11-23 15:30:40,965 - meta - WARNING - Meta-model not trained, returning default configuration
2025-11-23 15:30:41,964 - meta - WARNING - Meta-model not trained, returning default configuration
2025-11-23 15:30:42,978 - meta - WARNING - Meta-model not trained, returning default configuration
2025-11-23 15:30:46,293 - meta - WARNING - Meta-model not trained, returning default configuration
2025-11-23 15:31:00,590 - meta - WARNING - Meta-model not trained, returning default configuration
2025-11-23 15:31:36,982 - meta - WARNING - Meta-model not trained, returning default configuration
2025-11-23 15:32:04,291 - meta - INFO - Collecting experiment data for meta-learning
2025-11-23 15:32:04,292 - meta - INFO - Collected data from 8 experiments
2025-11-23 15:32:04,292 - meta - INFO - Updating meta-learning model
2025-11-23 15:32:04,292 - meta - INFO - Collecting experiment data for meta-learning
2025-11-23 15:32:04,292 - meta - INFO - Collected data from 8 experiments
2025-11-23 16:28:03,124 - meta - WARNING - Meta-model not trained, returning default configuration
2025-11-23 16:28:06,400 - meta - WARNING - Meta-model not trained, returning default configuration
2025-11-23 16:28:08,516 - meta - WARNING - Meta-model not trained, returning default configuration
2025-11-23 16:28:10,834 - meta - WARNING - Meta-model not trained, returning default configuration
2025-11-23 16:28:17,197 - meta - WARNING - Meta-model not trained, returning default configuration
2025-11-23 16:28:32,731 - meta - WARNING - Meta-model not trained, returning default configuration
2025-11-23 16:28:41,235 - meta - WARNING - Meta-model not trained, returning default configuration
2025-11-23 16:31:44,217 - meta - INFO - Collecting experiment data for meta-learning
2025-11-23 16:31:44,218 - meta - INFO - Collected data from 9 experiments
2025-11-23 16:31:44,218 - meta - INFO - Updating meta-learning model
2025-11-23 16:31:44,218 - meta - INFO - Collecting experiment data for meta-learning
2025-11-23 16:31:44,218 - meta - INFO - Collected data from 9 experiments
2025-11-23 16:31:46,762 - meta - WARNING - Meta-model not trained, returning default configuration
2025-11-23 16:31:48,321 - meta - WARNING - Meta-model not trained, returning default configuration
2025-11-23 16:31:49,669 - meta - WARNING - Meta-model not trained, returning default configuration
2025-11-23 16:31:51,027 - meta - WARNING - Meta-model not trained, returning default configuration
2025-11-23 16:31:56,408 - meta - WARNING - Meta-model not trained, returning default configuration
2025-11-23 16:32:10,980 - meta - WARNING - Meta-model not trained, returning default configuration
2025-11-23 16:32:19,810 - meta - WARNING - Meta-model not trained, returning default configuration
2025-11-23 16:33:04,677 - meta - WARNING - Meta-model not trained, returning default configuration
2025-11-23 16:33:07,689 - meta - WARNING - Meta-model not trained, returning default configuration
2025-11-23 16:33:09,826 - meta - WARNING - Meta-model not trained, returning default configuration
2025-11-23 16:33:11,228 - meta - WARNING - Meta-model not trained, returning default configuration
2025-11-23 16:33:22,105 - meta - WARNING - Meta-model not trained, returning default configuration
2025-11-23 16:33:37,498 - meta - WARNING - Meta-model not trained, returning default configuration
2025-11-23 16:33:46,184 - meta - WARNING - Meta-model not trained, returning default configuration
2025-11-23 16:36:06,462 - meta - INFO - Collecting experiment data for meta-learning
2025-11-23 16:36:06,463 - meta - INFO - Collected data from 9 experiments
2025-11-23 16:36:06,463 - meta - INFO - Updating meta-learning model
2025-11-23 16:36:06,463 - meta - INFO - Collecting experiment data for meta-learning
2025-11-23 16:36:06,463 - meta - INFO - Collected data from 9 experiments
2025-11-23 16:36:09,156 - meta - WARNING - Meta-model not trained, returning default configuration
2025-11-23 16:36:10,604 - meta - WARNING - Meta-model not trained, returning default configuration
2025-11-23 16:36:12,055 - meta - WARNING - Meta-model not trained, returning default configuration
2025-11-23 16:36:13,520 - meta - WARNING - Meta-model not trained, returning default configuration
2025-11-23 16:36:23,599 - meta - WARNING - Meta-model not trained, returning default configuration
2025-11-23 16:36:38,266 - meta - WARNING - Meta-model not trained, returning default configuration
2025-11-23 16:36:46,886 - meta - WARNING - Meta-model not trained, returning default configuration
2025-11-23 16:38:50,765 - meta - WARNING - Meta-model not trained, returning default configuration
2025-11-23 16:38:53,710 - meta - WARNING - Meta-model not trained, returning default configuration
2025-11-23 16:38:55,968 - meta - WARNING - Meta-model not trained, returning default configuration
2025-11-23 16:38:58,315 - meta - WARNING - Meta-model not trained, returning default configuration
2025-11-23 16:39:09,393 - meta - WARNING - Meta-model not trained, returning default configuration
2025-11-23 16:39:26,123 - meta - WARNING - Meta-model not trained, returning default configuration
2025-11-23 16:39:35,139 - meta - WARNING - Meta-model not trained, returning default configuration
2025-11-23 16:42:08,644 - meta - INFO - Collecting experiment data for meta-learning
2025-11-23 16:42:08,645 - meta - INFO - Collected data from 9 experiments
2025-11-23 16:42:08,645 - meta - INFO - Updating meta-learning model
2025-11-23 16:42:08,645 - meta - INFO - Collecting experiment data for meta-learning
2025-11-23 16:42:08,645 - meta - INFO - Collected data from 9 experiments
2025-11-23 16:42:11,614 - meta - WARNING - Meta-model not trained, returning default configuration
2025-11-23 16:42:13,362 - meta - WARNING - Meta-model not trained, returning default configuration
2025-11-23 16:42:17,007 - meta - WARNING - Meta-model not trained, returning default configuration
2025-11-23 16:42:22,218 - meta - WARNING - Meta-model not trained, returning default configuration
2025-11-23 16:42:38,651 - meta - WARNING - Meta-model not trained, returning default configuration
2025-11-23 16:42:57,253 - meta - WARNING - Meta-model not trained, returning default configuration
2025-11-23 16:43:03,765 - meta - WARNING - Meta-model not trained, returning default configuration
2025-11-23 16:43:06,243 - meta - WARNING - Meta-model not trained, returning default configuration
2025-11-23 16:43:17,316 - meta - WARNING - Meta-model not trained, returning default configuration
2025-11-23 16:43:33,062 - meta - WARNING - Meta-model not trained, returning default configuration
2025-11-23 16:43:42,081 - meta - WARNING - Meta-model not trained, returning default configuration
2025-11-23 16:47:44,758 - meta - WARNING - Meta-model not trained, returning default configuration
2025-11-23 16:47:56,040 - meta - WARNING - Meta-model not trained, returning default configuration
2025-11-23 16:48:01,853 - meta - WARNING - Meta-model not trained, returning default configuration
2025-11-23 16:48:05,957 - meta - WARNING - Meta-model not trained, returning default configuration
2025-11-23 16:48:29,735 - meta - WARNING - Meta-model not trained, returning default configuration
2025-11-23 16:49:32,985 - meta - WARNING - Meta-model not trained, returning default configuration
2025-11-23 16:50:13,005 - meta - WARNING - Meta-model not trained, returning default configuration
2025-11-23 16:52:34,034 - meta - INFO - Collecting experiment data for meta-learning
2025-11-23 16:52:34,035 - meta - INFO - Collected data from 9 experiments
2025-11-23 16:52:34,036 - meta - INFO - Updating meta-learning model
2025-11-23 16:52:34,036 - meta - INFO - Collecting experiment data for meta-learning
2025-11-23 16:52:34,036 - meta - INFO - Collected data from 9 experiments
2025-11-23 16:52:37,291 - meta - WARNING - Meta-model not trained, returning default configuration
2025-11-23 16:52:39,120 - meta - WARNING - Meta-model not trained, returning default configuration
2025-11-23 16:52:40,922 - meta - WARNING - Meta-model not trained, returning default configuration
2025-11-23 16:52:42,813 - meta - WARNING - Meta-model not trained, returning default configuration
2025-11-23 16:52:53,320 - meta - WARNING - Meta-model not trained, returning default configuration
2025-11-23 16:53:08,188 - meta - WARNING - Meta-model not trained, returning default configuration
2025-11-23 16:53:17,262 - meta - WARNING - Meta-model not trained, returning default configuration
2025-11-23 16:54:02,380 - meta - WARNING - Meta-model not trained, returning default configuration
2025-11-23 16:54:06,772 - meta - WARNING - Meta-model not trained, returning default configuration
2025-11-23 16:54:09,751 - meta - WARNING - Meta-model not trained, returning default configuration
2025-11-23 16:54:13,074 - meta - WARNING - Meta-model not trained, returning default configuration
2025-11-23 16:54:23,619 - meta - WARNING - Meta-model not trained, returning default configuration
2025-11-23 16:54:38,917 - meta - WARNING - Meta-model not trained, returning default configuration
2025-11-23 16:54:48,194 - meta - WARNING - Meta-model not trained, returning default configuration
2025-11-23 16:57:31,874 - meta - INFO - Collecting experiment data for meta-learning
2025-11-23 16:57:31,875 - meta - INFO - Collected data from 9 experiments
2025-11-23 16:57:31,875 - meta - INFO - Updating meta-learning model
2025-11-23 16:57:31,875 - meta - INFO - Collecting experiment data for meta-learning
2025-11-23 16:57:31,875 - meta - INFO - Collected data from 9 experiments
2025-11-23 16:57:35,698 - meta - WARNING - Meta-model not trained, returning default configuration
2025-11-23 16:57:37,762 - meta - WARNING - Meta-model not trained, returning default configuration
2025-11-23 16:57:39,845 - meta - WARNING - Meta-model not trained, returning default configuration
2025-11-23 16:57:41,985 - meta - WARNING - Meta-model not trained, returning default configuration
2025-11-23 16:57:52,703 - meta - WARNING - Meta-model not trained, returning default configuration
2025-11-23 16:58:08,263 - meta - WARNING - Meta-model not trained, returning default configuration
2025-11-23 16:58:17,649 - meta - WARNING - Meta-model not trained, returning default configuration
2025-11-23 17:00:45,255 - meta - INFO - Collecting experiment data for meta-learning
2025-11-23 17:00:45,255 - meta - INFO - Collected data from 9 experiments
2025-11-23 17:00:45,255 - meta - INFO - Updating meta-learning model
2025-11-23 17:00:45,255 - meta - INFO - Collecting experiment data for meta-learning
2025-11-23 17:00:45,255 - meta - INFO - Collected data from 9 experiments
2025-11-23 17:16:28,369 - meta - WARNING - Meta-model not trained, returning default configuration
2025-11-23 17:16:32,300 - meta - WARNING - Meta-model not trained, returning default configuration
2025-11-23 17:16:35,173 - meta - WARNING - Meta-model not trained, returning default configuration
2025-11-23 17:16:37,995 - meta - WARNING - Meta-model not trained, returning default configuration
2025-11-23 17:16:49,450 - meta - WARNING - Meta-model not trained, returning default configuration
2025-11-23 17:17:06,213 - meta - WARNING - Meta-model not trained, returning default configuration
2025-11-23 17:17:15,787 - meta - WARNING - Meta-model not trained, returning default configuration
2025-11-23 17:19:49,589 - meta - INFO - Collecting experiment data for meta-learning
2025-11-23 17:19:49,589 - meta - INFO - Collected data from 9 experiments
2025-11-23 17:19:49,589 - meta - INFO - Updating meta-learning model
2025-11-23 17:19:49,589 - meta - INFO - Collecting experiment data for meta-learning
2025-11-23 17:19:49,589 - meta - INFO - Collected data from 9 experiments
2025-11-23 17:37:01,902 - meta - WARNING - Meta-model not trained, returning default configuration
2025-11-23 17:37:05,563 - meta - WARNING - Meta-model not trained, returning default configuration
2025-11-23 17:37:08,549 - meta - WARNING - Meta-model not trained, returning default configuration
2025-11-23 17:37:11,432 - meta - WARNING - Meta-model not trained, returning default configuration
2025-11-23 17:37:22,202 - meta - WARNING - Meta-model not trained, returning default configuration
2025-11-23 17:37:37,695 - meta - WARNING - Meta-model not trained, returning default configuration
2025-11-23 17:37:47,893 - meta - WARNING - Meta-model not trained, returning default configuration
2025-11-23 17:39:54,366 - meta - INFO - Collecting experiment data for meta-learning
2025-11-23 17:39:54,366 - meta - INFO - Collected data from 9 experiments
2025-11-23 17:39:54,366 - meta - INFO - Updating meta-learning model
2025-11-23 17:39:54,366 - meta - INFO - Collecting experiment data for meta-learning
2025-11-23 17:39:54,366 - meta - INFO - Collected data from 9 experiments
2025-11-23 17:45:54,221 - meta - WARNING - Meta-model not trained, returning default configuration
2025-11-23 17:45:58,362 - meta - WARNING - Meta-model not trained, returning default configuration
2025-11-23 17:46:01,641 - meta - WARNING - Meta-model not trained, returning default configuration
2025-11-23 17:46:04,754 - meta - WARNING - Meta-model not trained, returning default configuration
2025-11-23 17:46:15,938 - meta - WARNING - Meta-model not trained, returning default configuration
2025-11-23 17:46:31,789 - meta - WARNING - Meta-model not trained, returning default configuration
2025-11-23 17:46:41,911 - meta - WARNING - Meta-model not trained, returning default configuration
2025-11-23 17:49:02,101 - meta - INFO - Collecting experiment data for meta-learning
2025-11-23 17:49:02,102 - meta - INFO - Collected data from 9 experiments
2025-11-23 17:49:02,102 - meta - INFO - Updating meta-learning model
2025-11-23 17:49:02,102 - meta - INFO - Collecting experiment data for meta-learning
2025-11-23 17:49:02,103 - meta - INFO - Collected data from 9 experiments
2025-11-23 17:49:06,128 - meta - WARNING - Meta-model not trained, returning default configuration
2025-11-23 17:49:08,714 - meta - WARNING - Meta-model not trained, returning default configuration
2025-11-23 17:49:11,191 - meta - WARNING - Meta-model not trained, returning default configuration
2025-11-23 17:49:13,997 - meta - WARNING - Meta-model not trained, returning default configuration
2025-11-23 17:49:25,394 - meta - WARNING - Meta-model not trained, returning default configuration
2025-11-23 17:49:41,644 - meta - WARNING - Meta-model not trained, returning default configuration
2025-11-23 17:49:51,662 - meta - WARNING - Meta-model not trained, returning default configuration
2025-11-23 17:52:07,148 - meta - INFO - Collecting experiment data for meta-learning
2025-11-23 17:52:07,148 - meta - INFO - Collected data from 9 experiments
2025-11-23 17:52:07,149 - meta - INFO - Updating meta-learning model
2025-11-23 17:52:07,149 - meta - INFO - Collecting experiment data for meta-learning
2025-11-23 17:52:07,149 - meta - INFO - Collected data from 9 experiments
2025-11-23 17:57:22,284 - meta - WARNING - Meta-model not trained, returning default configuration
2025-11-23 17:57:27,281 - meta - WARNING - Meta-model not trained, returning default configuration
2025-11-23 17:57:30,647 - meta - WARNING - Meta-model not trained, returning default configuration
2025-11-23 17:57:33,848 - meta - WARNING - Meta-model not trained, returning default configuration
2025-11-23 17:57:45,631 - meta - WARNING - Meta-model not trained, returning default configuration
2025-11-23 17:58:02,117 - meta - WARNING - Meta-model not trained, returning default configuration
2025-11-23 17:58:12,077 - meta - WARNING - Meta-model not trained, returning default configuration
2025-11-23 17:58:12,077 - meta - WARNING - Meta-model not trained, returning default configuration
2025-11-23 18:03:05,142 - meta - INFO - Collecting experiment data for meta-learning
2025-11-23 18:03:05,142 - meta - INFO - Collected data from 10 experiments
2025-11-23 18:03:05,142 - meta - INFO - Updating meta-learning model
2025-11-23 18:03:05,142 - meta - INFO - Collecting experiment data for meta-learning
2025-11-23 18:03:05,142 - meta - INFO - Collected data from 10 experiments
2025-11-23 18:03:05,142 - meta - INFO - Training meta-learning model
2025-11-23 18:04:05,286 - meta - WARNING - Meta-model not trained, returning default configuration
2025-11-23 18:22:22,043 - meta - WARNING - Meta-model not trained, returning default configuration
2025-11-23 18:22:27,194 - meta - WARNING - Meta-model not trained, returning default configuration
2025-11-23 18:22:31,173 - meta - WARNING - Meta-model not trained, returning default configuration
2025-11-23 18:22:35,124 - meta - WARNING - Meta-model not trained, returning default configuration
2025-11-23 18:22:47,897 - meta - WARNING - Meta-model not trained, returning default configuration
2025-11-23 18:23:03,966 - meta - WARNING - Meta-model not trained, returning default configuration
2025-11-23 18:23:13,810 - meta - WARNING - Meta-model not trained, returning default configuration
2025-11-23 18:23:13,810 - meta - WARNING - Meta-model not trained, returning default configuration
2025-11-23 18:27:30,942 - meta - INFO - Collecting experiment data for meta-learning
2025-11-23 18:27:30,942 - meta - INFO - Collected data from 10 experiments
2025-11-23 18:27:30,943 - meta - INFO - Updating meta-learning model
2025-11-23 18:27:30,943 - meta - INFO - Collecting experiment data for meta-learning
2025-11-23 18:27:30,943 - meta - INFO - Collected data from 10 experiments
2025-11-23 18:27:30,943 - meta - INFO - Training meta-learning model
