2025-10-14 18:27:00,562 - model - INFO - Training random_forest model with params: {'n_estimators': 100, 'max_depth': None, 'min_samples_split': 2, 'min_samples_leaf': 1}
2025-10-14 18:27:09,938 - model - INFO - Model random_forest trained successfully. CV Score: 179276.2159
2025-10-14 18:31:44,016 - model - INFO - Training decision_tree model with params: {'max_depth': None, 'min_samples_split': 2, 'min_samples_leaf': 1}
2025-10-14 18:31:44,180 - model - INFO - Model decision_tree trained successfully. CV Score: 410490.4941
2025-10-14 18:31:45,564 - model - INFO - Using cached results for random_forest
2025-10-14 18:32:14,719 - model - INFO - Using cached results for decision_tree
2025-10-14 18:32:14,720 - model - INFO - Using cached results for random_forest
2025-10-14 18:32:35,352 - model - INFO - Using cached results for decision_tree
2025-10-14 18:32:35,352 - model - INFO - Using cached results for random_forest
2025-10-14 18:32:51,825 - model - INFO - Using cached results for decision_tree
2025-10-14 18:32:51,826 - model - INFO - Using cached results for random_forest
2025-10-14 18:35:31,199 - model - INFO - Training linear model with params: {}
2025-10-14 18:35:31,286 - model - INFO - Model linear trained successfully. CV Score: 12204820.6103
2025-10-14 18:35:31,464 - model - INFO - Using cached results for decision_tree
2025-10-14 18:35:31,465 - model - INFO - Using cached results for random_forest
2025-10-14 18:36:38,299 - model - INFO - Using cached results for linear
2025-10-14 18:36:38,300 - model - INFO - Using cached results for decision_tree
2025-10-14 18:36:38,300 - model - INFO - Using cached results for random_forest
2025-10-14 18:37:32,482 - model - INFO - Using cached results for linear
2025-10-14 18:37:32,482 - model - INFO - Using cached results for decision_tree
2025-10-14 18:37:32,483 - model - INFO - Using cached results for random_forest
2025-10-14 18:37:39,216 - model - INFO - Using cached results for linear
2025-10-14 18:37:39,216 - model - INFO - Using cached results for decision_tree
2025-10-14 18:37:39,217 - model - INFO - Using cached results for random_forest
2025-10-14 18:37:43,474 - model - INFO - Training linear model with params: {}
2025-10-14 18:37:43,497 - model - INFO - Model linear trained successfully. CV Score: 12204820.6103
2025-10-14 18:37:43,620 - model - INFO - Training decision_tree model with params: {'max_depth': None, 'min_samples_split': 2, 'min_samples_leaf': 1}
2025-10-14 18:37:43,787 - model - INFO - Model decision_tree trained successfully. CV Score: 410490.4941
2025-10-14 18:37:45,313 - model - INFO - Training random_forest model with params: {'n_estimators': 100, 'max_depth': None, 'min_samples_split': 2, 'min_samples_leaf': 1}
2025-10-14 18:37:55,227 - model - INFO - Model random_forest trained successfully. CV Score: 179276.2159
2025-10-14 18:38:03,569 - model - INFO - Using cached results for linear
2025-10-14 18:38:03,569 - model - INFO - Using cached results for decision_tree
2025-10-14 18:38:03,570 - model - INFO - Using cached results for random_forest
2025-10-14 18:40:19,842 - model - INFO - Using cached results for linear
2025-10-14 18:40:19,842 - model - INFO - Using cached results for decision_tree
2025-10-14 18:40:19,842 - model - INFO - Using cached results for random_forest
2025-10-14 18:43:18,714 - model - INFO - Using cached results for linear
2025-10-14 18:43:18,715 - model - INFO - Using cached results for decision_tree
2025-10-14 18:43:18,715 - model - INFO - Using cached results for random_forest
2025-10-14 18:46:40,083 - model - INFO - Checking cache for linear with key: linear_regression_[]
2025-10-14 18:46:40,083 - model - INFO - Cache miss for linear
2025-10-14 18:46:40,083 - model - INFO - Training linear model with params: {}
2025-10-14 18:46:40,086 - model - INFO - Stored trained model with ID: linear_0
2025-10-14 18:46:40,113 - model - INFO - Model linear trained successfully. CV Score: 12204820.6103
2025-10-14 18:46:40,234 - model - INFO - Checking cache for decision_tree with key: decision_tree_regression_[('max_depth', None), ('min_samples_leaf', 1), ('min_samples_split', 2)]
2025-10-14 18:46:40,234 - model - INFO - Cache miss for decision_tree
2025-10-14 18:46:40,234 - model - INFO - Training decision_tree model with params: {'max_depth': None, 'min_samples_split': 2, 'min_samples_leaf': 1}
2025-10-14 18:46:40,264 - model - INFO - Stored trained model with ID: decision_tree_1
2025-10-14 18:46:40,391 - model - INFO - Model decision_tree trained successfully. CV Score: 410490.4941
2025-10-14 18:46:41,951 - model - INFO - Checking cache for random_forest with key: random_forest_regression_[('max_depth', None), ('min_samples_leaf', 1), ('min_samples_split', 2), ('n_estimators', 100)]
2025-10-14 18:46:41,951 - model - INFO - Cache miss for random_forest
2025-10-14 18:46:41,951 - model - INFO - Training random_forest model with params: {'n_estimators': 100, 'max_depth': None, 'min_samples_split': 2, 'min_samples_leaf': 1}
2025-10-14 18:46:43,810 - model - INFO - Stored trained model with ID: random_forest_2
2025-10-14 18:46:51,583 - model - INFO - Model random_forest trained successfully. CV Score: 179276.2159
2025-10-14 18:48:26,056 - model - INFO - Model linear_0 evaluation completed. Test Score: 0.8445
2025-10-14 18:48:26,060 - model - INFO - Model decision_tree_1 evaluation completed. Test Score: 0.9961
2025-10-14 18:48:26,163 - model - INFO - Model random_forest_2 evaluation completed. Test Score: 0.9985
2025-10-14 23:04:11,909 - model - INFO - Checking cache for linear with key: linear_regression_[]
2025-10-14 23:04:11,911 - model - INFO - Cache miss for linear
2025-10-14 23:04:11,911 - model - INFO - Training linear model with params: {}
2025-10-14 23:04:11,917 - model - INFO - Stored trained model with ID: linear_0
2025-10-14 23:04:11,934 - model - INFO - Model linear trained successfully. CV Score: 12204820.6103
2025-10-14 23:04:12,041 - model - INFO - Checking cache for decision_tree with key: decision_tree_regression_[('max_depth', None), ('min_samples_leaf', 1), ('min_samples_split', 2)]
2025-10-14 23:04:12,041 - model - INFO - Cache miss for decision_tree
2025-10-14 23:04:12,041 - model - INFO - Training decision_tree model with params: {'max_depth': None, 'min_samples_split': 2, 'min_samples_leaf': 1}
2025-10-14 23:04:12,072 - model - INFO - Stored trained model with ID: decision_tree_1
2025-10-14 23:04:12,195 - model - INFO - Model decision_tree trained successfully. CV Score: 410490.4941
2025-10-14 23:04:13,572 - model - INFO - Checking cache for random_forest with key: random_forest_regression_[('max_depth', None), ('min_samples_leaf', 1), ('min_samples_split', 2), ('n_estimators', 100)]
2025-10-14 23:04:13,573 - model - INFO - Cache miss for random_forest
2025-10-14 23:04:13,573 - model - INFO - Training random_forest model with params: {'n_estimators': 100, 'max_depth': None, 'min_samples_split': 2, 'min_samples_leaf': 1}
2025-10-14 23:04:15,323 - model - INFO - Stored trained model with ID: random_forest_2
2025-10-14 23:04:22,419 - model - INFO - Model random_forest trained successfully. CV Score: 179276.2159
2025-10-14 23:05:49,229 - model - INFO - Model linear_0 evaluation completed. Test Score: 0.8445
2025-10-14 23:05:49,231 - model - INFO - Model decision_tree_1 evaluation completed. Test Score: 0.9961
2025-10-14 23:05:49,275 - model - INFO - Model random_forest_2 evaluation completed. Test Score: 0.9985
2025-10-15 10:41:41,853 - model - INFO - Checking cache for linear with key: linear_regression_[]
2025-10-15 10:41:41,854 - model - INFO - Cache miss for linear
2025-10-15 10:41:41,854 - model - INFO - Cache miss for linear
2025-10-15 10:41:41,854 - model - INFO - Training linear model with params: {}
2025-10-15 10:41:41,860 - model - INFO - Stored trained model with ID: linear_0
2025-10-15 10:41:41,872 - model - WARNING - Failed to cache model object for linear_0: module 'joblib' has no attribute 'dumps'
2025-10-15 10:41:41,873 - model - INFO - Model linear trained successfully. CV Score: 12204820.6103
2025-10-15 10:41:42,031 - model - INFO - Checking cache for decision_tree with key: decision_tree_regression_[('max_depth', None), ('min_samples_leaf', 1), ('min_samples_split', 2)]
2025-10-15 10:41:42,031 - model - INFO - Cache miss for decision_tree
2025-10-15 10:41:42,031 - model - INFO - Cache miss for decision_tree
2025-10-15 10:41:42,031 - model - INFO - Training decision_tree model with params: {'max_depth': None, 'min_samples_split': 2, 'min_samples_leaf': 1}
2025-10-15 10:41:42,061 - model - INFO - Stored trained model with ID: decision_tree_1
2025-10-15 10:41:42,184 - model - WARNING - Failed to cache model object for decision_tree_1: module 'joblib' has no attribute 'dumps'
2025-10-15 10:41:42,184 - model - INFO - Model decision_tree trained successfully. CV Score: 410490.4941
2025-10-15 10:41:43,671 - model - INFO - Checking cache for random_forest with key: random_forest_regression_[('max_depth', None), ('min_samples_leaf', 1), ('min_samples_split', 2), ('n_estimators', 100)]
2025-10-15 10:41:43,671 - model - INFO - Cache miss for random_forest
2025-10-15 10:41:43,671 - model - INFO - Cache miss for random_forest
2025-10-15 10:41:43,671 - model - INFO - Training random_forest model with params: {'n_estimators': 100, 'max_depth': None, 'min_samples_split': 2, 'min_samples_leaf': 1}
2025-10-15 10:41:45,456 - model - INFO - Stored trained model with ID: random_forest_2
2025-10-15 10:41:52,696 - model - WARNING - Failed to cache model object for random_forest_2: module 'joblib' has no attribute 'dumps'
2025-10-15 10:41:52,696 - model - INFO - Model random_forest trained successfully. CV Score: 179276.2159
2025-10-15 10:43:24,230 - model - INFO - Model linear_0 evaluation completed. Test Score: 0.8445
2025-10-15 10:43:24,234 - model - INFO - Model decision_tree_1 evaluation completed. Test Score: 0.9961
2025-10-15 10:43:24,280 - model - INFO - Model random_forest_2 evaluation completed. Test Score: 0.9985
2025-10-15 14:58:51,096 - model - INFO - Checking cache for linear with key: linear_regression_[]
2025-10-15 14:58:51,099 - model - INFO - Cache miss for linear
2025-10-15 14:58:51,099 - model - INFO - Cache miss for linear
2025-10-15 14:58:51,099 - model - INFO - Training linear model with params: {}
2025-10-15 14:58:51,106 - model - INFO - Stored trained model with ID: linear_0
2025-10-15 14:58:51,126 - model - WARNING - Failed to cache model object for linear_0: module 'joblib' has no attribute 'dumps'
2025-10-15 14:58:51,126 - model - INFO - Model linear trained successfully. CV Score: 12204820.6103
2025-10-15 14:58:51,691 - model - INFO - Checking cache for decision_tree with key: decision_tree_regression_[('max_depth', None), ('min_samples_leaf', 1), ('min_samples_split', 2)]
2025-10-15 14:58:51,692 - model - INFO - Cache miss for decision_tree
2025-10-15 14:58:51,692 - model - INFO - Cache miss for decision_tree
2025-10-15 14:58:51,692 - model - INFO - Training decision_tree model with params: {'max_depth': None, 'min_samples_split': 2, 'min_samples_leaf': 1}
2025-10-15 14:58:51,743 - model - INFO - Stored trained model with ID: decision_tree_1
2025-10-15 14:58:51,916 - model - WARNING - Failed to cache model object for decision_tree_1: module 'joblib' has no attribute 'dumps'
2025-10-15 14:58:51,916 - model - INFO - Model decision_tree trained successfully. CV Score: 410490.4941
2025-10-15 14:58:53,525 - model - INFO - Checking cache for random_forest with key: random_forest_regression_[('max_depth', None), ('min_samples_leaf', 1), ('min_samples_split', 2), ('n_estimators', 100)]
2025-10-15 14:58:53,526 - model - INFO - Cache miss for random_forest
2025-10-15 14:58:53,526 - model - INFO - Cache miss for random_forest
2025-10-15 14:58:53,526 - model - INFO - Training random_forest model with params: {'n_estimators': 100, 'max_depth': None, 'min_samples_split': 2, 'min_samples_leaf': 1}
2025-10-15 14:58:55,406 - model - INFO - Stored trained model with ID: random_forest_2
2025-10-15 14:59:03,143 - model - WARNING - Failed to cache model object for random_forest_2: module 'joblib' has no attribute 'dumps'
2025-10-15 14:59:03,143 - model - INFO - Model random_forest trained successfully. CV Score: 179276.2159
2025-10-15 15:00:47,330 - model - INFO - Model linear_0 evaluation completed. Test Score: 0.8445
2025-10-15 15:00:47,332 - model - INFO - Model decision_tree_1 evaluation completed. Test Score: 0.9961
2025-10-15 15:00:47,372 - model - INFO - Model random_forest_2 evaluation completed. Test Score: 0.9985
2025-10-15 15:11:10,378 - model - INFO - Checking cache for linear with key: linear_regression_[]
2025-10-15 15:11:10,378 - model - INFO - Cache miss for linear - training new model
2025-10-15 15:11:10,378 - model - INFO - Training linear model with params: {}
2025-10-15 15:11:10,387 - model - INFO - Stored trained model with ID: linear_0
2025-10-15 15:11:10,414 - model - WARNING - Failed to cache model object for linear_0: module 'joblib' has no attribute 'dumps'
2025-10-15 15:11:10,414 - model - INFO - Model linear trained successfully. CV Score: 12204820.6103
2025-10-15 15:11:10,549 - model - INFO - Checking cache for decision_tree with key: decision_tree_regression_[('max_depth', None), ('min_samples_leaf', 1), ('min_samples_split', 2)]
2025-10-15 15:11:10,549 - model - INFO - Cache miss for decision_tree - training new model
2025-10-15 15:11:10,549 - model - INFO - Training decision_tree model with params: {'max_depth': None, 'min_samples_split': 2, 'min_samples_leaf': 1}
2025-10-15 15:11:10,583 - model - INFO - Stored trained model with ID: decision_tree_1
2025-10-15 15:11:10,729 - model - WARNING - Failed to cache model object for decision_tree_1: module 'joblib' has no attribute 'dumps'
2025-10-15 15:11:10,729 - model - INFO - Model decision_tree trained successfully. CV Score: 410490.4941
2025-10-15 15:11:12,348 - model - INFO - Checking cache for random_forest with key: random_forest_regression_[('max_depth', None), ('min_samples_leaf', 1), ('min_samples_split', 2), ('n_estimators', 100)]
2025-10-15 15:11:12,349 - model - INFO - Cache miss for random_forest - training new model
2025-10-15 15:11:12,349 - model - INFO - Training random_forest model with params: {'n_estimators': 100, 'max_depth': None, 'min_samples_split': 2, 'min_samples_leaf': 1}
2025-10-15 15:11:14,358 - model - INFO - Stored trained model with ID: random_forest_2
2025-10-15 15:11:22,958 - model - WARNING - Failed to cache model object for random_forest_2: module 'joblib' has no attribute 'dumps'
2025-10-15 15:11:22,959 - model - INFO - Model random_forest trained successfully. CV Score: 179276.2159
2025-10-15 15:13:03,491 - model - INFO - Model linear_0 evaluation completed. Test Score: 0.8445
2025-10-15 15:13:03,492 - model - INFO - Model decision_tree_1 evaluation completed. Test Score: 0.9961
2025-10-15 15:13:03,546 - model - INFO - Model random_forest_2 evaluation completed. Test Score: 0.9985
2025-10-15 15:13:47,959 - model - INFO - Checking cache for linear with key: linear_regression_[]
2025-10-15 15:13:47,961 - model - INFO - Using cached results for linear
2025-10-15 15:13:47,961 - model - INFO - Retraining model with cached parameters for evaluation
2025-10-15 15:13:47,961 - model - INFO - Training linear model with params: {}
2025-10-15 15:13:47,963 - model - INFO - Stored trained model with ID: linear_0
2025-10-15 15:13:47,976 - model - WARNING - Failed to cache model object for linear_0: module 'joblib' has no attribute 'dumps'
2025-10-15 15:13:47,976 - model - INFO - Model linear trained successfully. CV Score: 12204820.6103
2025-10-15 15:13:48,091 - model - INFO - Checking cache for decision_tree with key: decision_tree_regression_[('max_depth', None), ('min_samples_leaf', 1), ('min_samples_split', 2)]
2025-10-15 15:13:48,091 - model - INFO - Using cached results for decision_tree
2025-10-15 15:13:48,091 - model - INFO - Retraining model with cached parameters for evaluation
2025-10-15 15:13:48,091 - model - INFO - Training decision_tree model with params: {'max_depth': None, 'min_samples_split': 2, 'min_samples_leaf': 1}
2025-10-15 15:13:48,120 - model - INFO - Stored trained model with ID: decision_tree_1
2025-10-15 15:13:48,241 - model - WARNING - Failed to cache model object for decision_tree_1: module 'joblib' has no attribute 'dumps'
2025-10-15 15:13:48,241 - model - INFO - Model decision_tree trained successfully. CV Score: 410490.4941
2025-10-15 15:13:49,633 - model - INFO - Checking cache for random_forest with key: random_forest_regression_[('max_depth', None), ('min_samples_leaf', 1), ('min_samples_split', 2), ('n_estimators', 100)]
2025-10-15 15:13:49,634 - model - INFO - Using cached results for random_forest
2025-10-15 15:13:49,634 - model - INFO - Retraining model with cached parameters for evaluation
2025-10-15 15:13:49,634 - model - INFO - Training random_forest model with params: {'n_estimators': 100, 'max_depth': None, 'min_samples_split': 2, 'min_samples_leaf': 1}
2025-10-15 15:13:51,628 - model - INFO - Stored trained model with ID: random_forest_2
2025-10-15 15:13:59,608 - model - WARNING - Failed to cache model object for random_forest_2: module 'joblib' has no attribute 'dumps'
2025-10-15 15:13:59,608 - model - INFO - Model random_forest trained successfully. CV Score: 179276.2159
2025-10-15 15:15:36,339 - model - INFO - Model linear_0 evaluation completed. Test Score: 0.8445
2025-10-15 15:15:36,341 - model - INFO - Model decision_tree_1 evaluation completed. Test Score: 0.9961
2025-10-15 15:15:36,406 - model - INFO - Model random_forest_2 evaluation completed. Test Score: 0.9985
2025-10-15 15:19:08,844 - model - INFO - Checking cache for linear with key: linear_regression_[]
2025-10-15 15:19:08,848 - model - INFO - Using cached results for linear
2025-10-15 15:19:08,848 - model - INFO - Retraining model with cached parameters for evaluation
2025-10-15 15:19:08,848 - model - INFO - Training linear model with params: {}
2025-10-15 15:19:08,862 - model - INFO - Stored trained model with ID: linear_0
2025-10-15 15:19:08,877 - model - WARNING - Failed to cache model object for linear_0: module 'joblib' has no attribute 'dumps'
2025-10-15 15:19:08,877 - model - INFO - Model linear trained successfully. CV Score: 12204820.6103
2025-10-15 15:19:09,023 - model - INFO - Checking cache for decision_tree with key: decision_tree_regression_[('max_depth', None), ('min_samples_leaf', 1), ('min_samples_split', 2)]
2025-10-15 15:19:09,023 - model - INFO - Using cached results for decision_tree
2025-10-15 15:19:09,023 - model - INFO - Retraining model with cached parameters for evaluation
2025-10-15 15:19:09,023 - model - INFO - Training decision_tree model with params: {'max_depth': None, 'min_samples_split': 2, 'min_samples_leaf': 1}
2025-10-15 15:19:09,053 - model - INFO - Stored trained model with ID: decision_tree_1
2025-10-15 15:19:09,181 - model - WARNING - Failed to cache model object for decision_tree_1: module 'joblib' has no attribute 'dumps'
2025-10-15 15:19:09,182 - model - INFO - Model decision_tree trained successfully. CV Score: 410490.4941
2025-10-15 15:19:10,725 - model - INFO - Checking cache for random_forest with key: random_forest_regression_[('max_depth', None), ('min_samples_leaf', 1), ('min_samples_split', 2), ('n_estimators', 100)]
2025-10-15 15:19:10,725 - model - INFO - Using cached results for random_forest
2025-10-15 15:19:10,725 - model - INFO - Retraining model with cached parameters for evaluation
2025-10-15 15:19:10,725 - model - INFO - Training random_forest model with params: {'n_estimators': 100, 'max_depth': None, 'min_samples_split': 2, 'min_samples_leaf': 1}
2025-10-15 15:19:12,590 - model - INFO - Stored trained model with ID: random_forest_2
2025-10-15 15:19:21,088 - model - WARNING - Failed to cache model object for random_forest_2: module 'joblib' has no attribute 'dumps'
2025-10-15 15:19:21,089 - model - INFO - Model random_forest trained successfully. CV Score: 179276.2159
2025-10-15 15:19:23,554 - model - INFO - Checking cache for linear with key: linear_regression_[]
2025-10-15 15:19:23,557 - model - INFO - Using cached results for linear
2025-10-15 15:19:23,557 - model - INFO - Retraining model with cached parameters for evaluation
2025-10-15 15:19:23,557 - model - INFO - Training linear model with params: {}
2025-10-15 15:19:23,559 - model - INFO - Stored trained model with ID: linear_0
2025-10-15 15:19:23,572 - model - WARNING - Failed to cache model object for linear_0: module 'joblib' has no attribute 'dumps'
2025-10-15 15:19:23,572 - model - INFO - Model linear trained successfully. CV Score: 12204820.6103
2025-10-15 15:19:23,735 - model - INFO - Checking cache for decision_tree with key: decision_tree_regression_[('max_depth', None), ('min_samples_leaf', 1), ('min_samples_split', 2)]
2025-10-15 15:19:23,736 - model - INFO - Using cached results for decision_tree
2025-10-15 15:19:23,736 - model - INFO - Retraining model with cached parameters for evaluation
2025-10-15 15:19:23,736 - model - INFO - Training decision_tree model with params: {'max_depth': None, 'min_samples_split': 2, 'min_samples_leaf': 1}
2025-10-15 15:19:23,767 - model - INFO - Stored trained model with ID: decision_tree_1
2025-10-15 15:19:23,899 - model - WARNING - Failed to cache model object for decision_tree_1: module 'joblib' has no attribute 'dumps'
2025-10-15 15:19:23,899 - model - INFO - Model decision_tree trained successfully. CV Score: 410490.4941
2025-10-15 15:19:25,525 - model - INFO - Checking cache for random_forest with key: random_forest_regression_[('max_depth', None), ('min_samples_leaf', 1), ('min_samples_split', 2), ('n_estimators', 100)]
2025-10-15 15:19:25,525 - model - INFO - Using cached results for random_forest
2025-10-15 15:19:25,525 - model - INFO - Retraining model with cached parameters for evaluation
2025-10-15 15:19:25,525 - model - INFO - Training random_forest model with params: {'n_estimators': 100, 'max_depth': None, 'min_samples_split': 2, 'min_samples_leaf': 1}
2025-10-15 15:19:27,597 - model - INFO - Stored trained model with ID: random_forest_2
2025-10-15 15:19:37,283 - model - WARNING - Failed to cache model object for random_forest_2: module 'joblib' has no attribute 'dumps'
2025-10-15 15:19:37,284 - model - INFO - Model random_forest trained successfully. CV Score: 179276.2159
2025-10-15 15:20:05,641 - model - INFO - Checking cache for linear with key: linear_regression_[]
2025-10-15 15:20:05,643 - model - INFO - Using cached results for linear
2025-10-15 15:20:05,643 - model - INFO - Retraining model with cached parameters for evaluation
2025-10-15 15:20:05,643 - model - INFO - Training linear model with params: {}
2025-10-15 15:20:05,646 - model - INFO - Stored trained model with ID: linear_0
2025-10-15 15:20:05,671 - model - WARNING - Failed to cache model object for linear_0: module 'joblib' has no attribute 'dumps'
2025-10-15 15:20:05,671 - model - INFO - Model linear trained successfully. CV Score: 12204820.6103
2025-10-15 15:20:05,890 - model - INFO - Checking cache for decision_tree with key: decision_tree_regression_[('max_depth', None), ('min_samples_leaf', 1), ('min_samples_split', 2)]
2025-10-15 15:20:05,890 - model - INFO - Using cached results for decision_tree
2025-10-15 15:20:05,890 - model - INFO - Retraining model with cached parameters for evaluation
2025-10-15 15:20:05,890 - model - INFO - Training decision_tree model with params: {'max_depth': None, 'min_samples_split': 2, 'min_samples_leaf': 1}
2025-10-15 15:20:05,927 - model - INFO - Stored trained model with ID: decision_tree_1
2025-10-15 15:20:06,077 - model - WARNING - Failed to cache model object for decision_tree_1: module 'joblib' has no attribute 'dumps'
2025-10-15 15:20:06,077 - model - INFO - Model decision_tree trained successfully. CV Score: 410490.4941
2025-10-15 15:20:07,815 - model - INFO - Checking cache for random_forest with key: random_forest_regression_[('max_depth', None), ('min_samples_leaf', 1), ('min_samples_split', 2), ('n_estimators', 100)]
2025-10-15 15:20:07,816 - model - INFO - Using cached results for random_forest
2025-10-15 15:20:07,816 - model - INFO - Retraining model with cached parameters for evaluation
2025-10-15 15:20:07,816 - model - INFO - Training random_forest model with params: {'n_estimators': 100, 'max_depth': None, 'min_samples_split': 2, 'min_samples_leaf': 1}
2025-10-15 15:20:09,853 - model - INFO - Stored trained model with ID: random_forest_2
2025-10-15 15:20:18,623 - model - WARNING - Failed to cache model object for random_forest_2: module 'joblib' has no attribute 'dumps'
2025-10-15 15:20:18,623 - model - INFO - Model random_forest trained successfully. CV Score: 179276.2159
2025-10-15 15:21:10,862 - model - INFO - Model linear_0 evaluation completed. Test Score: 0.8445
2025-10-15 15:21:10,864 - model - INFO - Model decision_tree_1 evaluation completed. Test Score: 0.9961
2025-10-15 15:21:10,908 - model - INFO - Model random_forest_2 evaluation completed. Test Score: 0.9985
2025-10-15 15:21:23,403 - model - INFO - Model linear_0 evaluation completed. Test Score: 0.8445
2025-10-15 15:21:23,406 - model - INFO - Model decision_tree_1 evaluation completed. Test Score: 0.9961
2025-10-15 15:21:23,451 - model - INFO - Model random_forest_2 evaluation completed. Test Score: 0.9985
2025-10-15 15:23:35,127 - model - INFO - Checking cache for linear with key: linear_regression_[]
2025-10-15 15:23:35,135 - model - INFO - Using cached results for linear
2025-10-15 15:23:35,135 - model - INFO - Retraining model with cached parameters for evaluation
2025-10-15 15:23:35,135 - model - INFO - Training linear model with params: {}
2025-10-15 15:23:35,137 - model - INFO - Stored trained model with ID: linear_0
2025-10-15 15:23:35,149 - model - WARNING - Failed to cache model object for linear_0: module 'joblib' has no attribute 'dumps'
2025-10-15 15:23:35,149 - model - INFO - Model linear trained successfully. CV Score: 12204820.6103
2025-10-15 15:23:35,275 - model - INFO - Checking cache for decision_tree with key: decision_tree_regression_[('max_depth', None), ('min_samples_leaf', 1), ('min_samples_split', 2)]
2025-10-15 15:23:35,276 - model - INFO - Using cached results for decision_tree
2025-10-15 15:23:35,276 - model - INFO - Retraining model with cached parameters for evaluation
2025-10-15 15:23:35,276 - model - INFO - Training decision_tree model with params: {'max_depth': None, 'min_samples_split': 2, 'min_samples_leaf': 1}
2025-10-15 15:23:35,305 - model - INFO - Stored trained model with ID: decision_tree_1
2025-10-15 15:23:35,457 - model - WARNING - Failed to cache model object for decision_tree_1: module 'joblib' has no attribute 'dumps'
2025-10-15 15:23:35,457 - model - INFO - Model decision_tree trained successfully. CV Score: 410490.4941
2025-10-15 15:23:36,885 - model - INFO - Checking cache for random_forest with key: random_forest_regression_[('max_depth', None), ('min_samples_leaf', 1), ('min_samples_split', 2), ('n_estimators', 100)]
2025-10-15 15:23:36,885 - model - INFO - Using cached results for random_forest
2025-10-15 15:23:36,885 - model - INFO - Retraining model with cached parameters for evaluation
2025-10-15 15:23:36,885 - model - INFO - Training random_forest model with params: {'n_estimators': 100, 'max_depth': None, 'min_samples_split': 2, 'min_samples_leaf': 1}
2025-10-15 15:23:38,624 - model - INFO - Stored trained model with ID: random_forest_2
2025-10-15 15:23:45,795 - model - WARNING - Failed to cache model object for random_forest_2: module 'joblib' has no attribute 'dumps'
2025-10-15 15:23:45,795 - model - INFO - Model random_forest trained successfully. CV Score: 179276.2159
2025-10-15 15:24:55,089 - model - INFO - Checking cache for linear with key: linear_regression_[]
2025-10-15 15:24:55,090 - model - INFO - Cache miss for linear - training new model
2025-10-15 15:24:55,090 - model - INFO - Training linear model with params: {}
2025-10-15 15:24:55,092 - model - INFO - Stored trained model with ID: linear_0
2025-10-15 15:24:55,109 - model - WARNING - Failed to cache model object for linear_0: module 'joblib' has no attribute 'dumps'
2025-10-15 15:24:55,109 - model - INFO - Model linear trained successfully. CV Score: 12204820.6103
2025-10-15 15:24:55,276 - model - INFO - Checking cache for decision_tree with key: decision_tree_regression_[('max_depth', None), ('min_samples_leaf', 1), ('min_samples_split', 2)]
2025-10-15 15:24:55,276 - model - INFO - Cache miss for decision_tree - training new model
2025-10-15 15:24:55,276 - model - INFO - Training decision_tree model with params: {'max_depth': None, 'min_samples_split': 2, 'min_samples_leaf': 1}
2025-10-15 15:24:55,310 - model - INFO - Stored trained model with ID: decision_tree_1
2025-10-15 15:24:55,446 - model - WARNING - Failed to cache model object for decision_tree_1: module 'joblib' has no attribute 'dumps'
2025-10-15 15:24:55,446 - model - INFO - Model decision_tree trained successfully. CV Score: 410490.4941
2025-10-15 15:24:57,178 - model - INFO - Checking cache for random_forest with key: random_forest_regression_[('max_depth', None), ('min_samples_leaf', 1), ('min_samples_split', 2), ('n_estimators', 100)]
2025-10-15 15:24:57,178 - model - INFO - Cache miss for random_forest - training new model
2025-10-15 15:24:57,178 - model - INFO - Training random_forest model with params: {'n_estimators': 100, 'max_depth': None, 'min_samples_split': 2, 'min_samples_leaf': 1}
2025-10-15 15:25:00,009 - model - INFO - Stored trained model with ID: random_forest_2
2025-10-15 15:25:09,418 - model - WARNING - Failed to cache model object for random_forest_2: module 'joblib' has no attribute 'dumps'
2025-10-15 15:25:09,419 - model - INFO - Model random_forest trained successfully. CV Score: 179276.2159
2025-10-15 15:25:29,712 - model - INFO - Checking cache for linear with key: linear_regression_[]
2025-10-15 15:25:29,713 - model - INFO - Using cached results for linear
2025-10-15 15:25:29,713 - model - INFO - Retraining model with cached parameters for evaluation
2025-10-15 15:25:29,713 - model - INFO - Training linear model with params: {}
2025-10-15 15:25:29,715 - model - INFO - Stored trained model with ID: linear_0
2025-10-15 15:25:29,730 - model - WARNING - Failed to cache model object for linear_0: module 'joblib' has no attribute 'dumps'
2025-10-15 15:25:29,730 - model - INFO - Model linear trained successfully. CV Score: 12204820.6103
2025-10-15 15:25:29,879 - model - INFO - Checking cache for decision_tree with key: decision_tree_regression_[('max_depth', None), ('min_samples_leaf', 1), ('min_samples_split', 2)]
2025-10-15 15:25:29,879 - model - INFO - Using cached results for decision_tree
2025-10-15 15:25:29,879 - model - INFO - Retraining model with cached parameters for evaluation
2025-10-15 15:25:29,879 - model - INFO - Training decision_tree model with params: {'max_depth': None, 'min_samples_split': 2, 'min_samples_leaf': 1}
2025-10-15 15:25:29,910 - model - INFO - Stored trained model with ID: decision_tree_1
2025-10-15 15:25:30,036 - model - WARNING - Failed to cache model object for decision_tree_1: module 'joblib' has no attribute 'dumps'
2025-10-15 15:25:30,036 - model - INFO - Model decision_tree trained successfully. CV Score: 410490.4941
2025-10-15 15:25:32,262 - model - INFO - Checking cache for random_forest with key: random_forest_regression_[('max_depth', None), ('min_samples_leaf', 1), ('min_samples_split', 2), ('n_estimators', 100)]
2025-10-15 15:25:32,262 - model - INFO - Using cached results for random_forest
2025-10-15 15:25:32,262 - model - INFO - Retraining model with cached parameters for evaluation
2025-10-15 15:25:32,262 - model - INFO - Training random_forest model with params: {'n_estimators': 100, 'max_depth': None, 'min_samples_split': 2, 'min_samples_leaf': 1}
2025-10-15 15:25:34,571 - model - INFO - Stored trained model with ID: random_forest_2
2025-10-15 15:25:42,147 - model - WARNING - Failed to cache model object for random_forest_2: module 'joblib' has no attribute 'dumps'
2025-10-15 15:25:42,147 - model - INFO - Model random_forest trained successfully. CV Score: 179276.2159
2025-10-15 15:27:14,826 - model - INFO - Model linear_0 evaluation completed. Test Score: 0.8445
2025-10-15 15:27:14,828 - model - INFO - Model decision_tree_1 evaluation completed. Test Score: 0.9961
2025-10-15 15:27:14,887 - model - INFO - Model random_forest_2 evaluation completed. Test Score: 0.9985
2025-10-15 15:38:12,004 - model - INFO - Checking cache for linear with key: linear_regression_[]
2025-10-15 15:38:12,008 - model - INFO - Using cached results for linear
2025-10-15 15:38:12,008 - model - INFO - Retraining model with cached parameters for evaluation
2025-10-15 15:38:12,008 - model - INFO - Training linear model with params: {}
2025-10-15 15:38:12,010 - model - INFO - Stored trained model with ID: linear_0
2025-10-15 15:38:12,027 - model - WARNING - Failed to cache model object for linear_0: module 'joblib' has no attribute 'dumps'
2025-10-15 15:38:12,027 - model - INFO - Model linear trained successfully. CV Score: 12204820.6103
2025-10-15 15:38:12,188 - model - INFO - Checking cache for decision_tree with key: decision_tree_regression_[('max_depth', None), ('min_samples_leaf', 1), ('min_samples_split', 2)]
2025-10-15 15:38:12,188 - model - INFO - Using cached results for decision_tree
2025-10-15 15:38:12,188 - model - INFO - Retraining model with cached parameters for evaluation
2025-10-15 15:38:12,189 - model - INFO - Training decision_tree model with params: {'max_depth': None, 'min_samples_split': 2, 'min_samples_leaf': 1}
2025-10-15 15:38:12,222 - model - INFO - Stored trained model with ID: decision_tree_1
2025-10-15 15:38:12,346 - model - WARNING - Failed to cache model object for decision_tree_1: module 'joblib' has no attribute 'dumps'
2025-10-15 15:38:12,346 - model - INFO - Model decision_tree trained successfully. CV Score: 410490.4941
2025-10-15 15:38:13,932 - model - INFO - Checking cache for random_forest with key: random_forest_regression_[('max_depth', None), ('min_samples_leaf', 1), ('min_samples_split', 2), ('n_estimators', 100)]
2025-10-15 15:38:13,933 - model - INFO - Using cached results for random_forest
2025-10-15 15:38:13,933 - model - INFO - Retraining model with cached parameters for evaluation
2025-10-15 15:38:13,933 - model - INFO - Training random_forest model with params: {'n_estimators': 100, 'max_depth': None, 'min_samples_split': 2, 'min_samples_leaf': 1}
2025-10-15 15:38:15,946 - model - INFO - Stored trained model with ID: random_forest_2
2025-10-15 15:38:24,337 - model - WARNING - Failed to cache model object for random_forest_2: module 'joblib' has no attribute 'dumps'
2025-10-15 15:38:24,337 - model - INFO - Model random_forest trained successfully. CV Score: 179276.2159
2025-10-15 15:39:55,595 - model - INFO - Model linear_0 evaluation completed. Test Score: 0.8445
2025-10-15 15:39:55,598 - model - INFO - Model decision_tree_1 evaluation completed. Test Score: 0.9961
2025-10-15 15:39:55,648 - model - INFO - Model random_forest_2 evaluation completed. Test Score: 0.9985
2025-10-15 17:46:00,595 - model - INFO - Checking cache for linear with key: linear_regression_[]
2025-10-15 17:46:00,603 - model - INFO - Cache miss for linear - training new model
2025-10-15 17:46:00,603 - model - INFO - Training linear model with params: {}
2025-10-15 17:46:00,610 - model - INFO - Stored trained model with ID: linear_0
2025-10-15 17:46:00,622 - model - WARNING - Failed to cache model object for linear_0: module 'joblib' has no attribute 'dumps'
2025-10-15 17:46:00,622 - model - INFO - Model linear trained successfully. CV Score: 12204820.6103
2025-10-15 17:46:00,763 - model - INFO - Checking cache for decision_tree with key: decision_tree_regression_[('max_depth', None), ('min_samples_leaf', 1), ('min_samples_split', 2)]
2025-10-15 17:46:00,763 - model - INFO - Cache miss for decision_tree - training new model
2025-10-15 17:46:00,763 - model - INFO - Training decision_tree model with params: {'max_depth': None, 'min_samples_split': 2, 'min_samples_leaf': 1}
2025-10-15 17:46:00,794 - model - INFO - Stored trained model with ID: decision_tree_1
2025-10-15 17:46:00,915 - model - WARNING - Failed to cache model object for decision_tree_1: module 'joblib' has no attribute 'dumps'
2025-10-15 17:46:00,915 - model - INFO - Model decision_tree trained successfully. CV Score: 410490.4941
2025-10-15 17:46:02,314 - model - INFO - Checking cache for random_forest with key: random_forest_regression_[('max_depth', None), ('min_samples_leaf', 1), ('min_samples_split', 2), ('n_estimators', 100)]
2025-10-15 17:46:02,314 - model - INFO - Cache miss for random_forest - training new model
2025-10-15 17:46:02,314 - model - INFO - Training random_forest model with params: {'n_estimators': 100, 'max_depth': None, 'min_samples_split': 2, 'min_samples_leaf': 1}
2025-10-15 17:46:04,076 - model - INFO - Stored trained model with ID: random_forest_2
2025-10-15 17:46:11,174 - model - WARNING - Failed to cache model object for random_forest_2: module 'joblib' has no attribute 'dumps'
2025-10-15 17:46:11,174 - model - INFO - Model random_forest trained successfully. CV Score: 179276.2159
2025-10-15 17:47:38,520 - model - INFO - Model linear_0 evaluation completed. Test Score: 0.8445
2025-10-15 17:47:38,521 - model - INFO - Model decision_tree_1 evaluation completed. Test Score: 0.9961
2025-10-15 17:47:38,557 - model - INFO - Model random_forest_2 evaluation completed. Test Score: 0.9985
2025-10-16 12:21:59,697 - model - INFO - Checking cache for linear with key: linear_regression_[]
2025-10-16 12:21:59,697 - model - INFO - Cache miss for linear - training new model
2025-10-16 12:21:59,697 - model - INFO - Training linear model with params: {}
2025-10-16 12:21:59,706 - model - INFO - Stored trained model with ID: linear_0
2025-10-16 12:21:59,721 - model - WARNING - Failed to cache model object for linear_0: module 'joblib' has no attribute 'dumps'
2025-10-16 12:21:59,721 - model - INFO - Model linear trained successfully. CV Score: 12204820.6103
2025-10-16 12:22:03,943 - model - INFO - Checking cache for decision_tree with key: decision_tree_regression_[('max_depth', None), ('min_samples_leaf', 1), ('min_samples_split', 2)]
2025-10-16 12:22:03,943 - model - INFO - Cache miss for decision_tree - training new model
2025-10-16 12:22:03,943 - model - INFO - Training decision_tree model with params: {'max_depth': None, 'min_samples_split': 2, 'min_samples_leaf': 1}
2025-10-16 12:22:03,976 - model - INFO - Stored trained model with ID: decision_tree_1
2025-10-16 12:22:04,100 - model - WARNING - Failed to cache model object for decision_tree_1: module 'joblib' has no attribute 'dumps'
2025-10-16 12:22:04,100 - model - INFO - Model decision_tree trained successfully. CV Score: 410490.4941
2025-10-16 12:22:05,476 - model - INFO - Checking cache for random_forest with key: random_forest_regression_[('max_depth', None), ('min_samples_leaf', 1), ('min_samples_split', 2), ('n_estimators', 100)]
2025-10-16 12:22:05,476 - model - INFO - Cache miss for random_forest - training new model
2025-10-16 12:22:05,476 - model - INFO - Training random_forest model with params: {'n_estimators': 100, 'max_depth': None, 'min_samples_split': 2, 'min_samples_leaf': 1}
2025-10-16 12:22:07,299 - model - INFO - Stored trained model with ID: random_forest_2
2025-10-16 12:22:14,643 - model - WARNING - Failed to cache model object for random_forest_2: module 'joblib' has no attribute 'dumps'
2025-10-16 12:22:14,644 - model - INFO - Model random_forest trained successfully. CV Score: 179276.2159
2025-10-16 12:23:45,609 - model - INFO - Checking cache for linear with key: linear_regression_[]
2025-10-16 12:23:45,609 - model - INFO - Using cached results for linear
2025-10-16 12:23:45,609 - model - INFO - Retraining model with cached parameters for evaluation
2025-10-16 12:23:45,609 - model - INFO - Training linear model with params: {}
2025-10-16 12:23:45,611 - model - INFO - Stored trained model with ID: linear_0
2025-10-16 12:23:45,622 - model - WARNING - Failed to cache model object for linear_0: module 'joblib' has no attribute 'dumps'
2025-10-16 12:23:45,622 - model - INFO - Model linear trained successfully. CV Score: 12204820.6103
2025-10-16 12:23:45,727 - model - INFO - Checking cache for decision_tree with key: decision_tree_regression_[('max_depth', None), ('min_samples_leaf', 1), ('min_samples_split', 2)]
2025-10-16 12:23:45,727 - model - INFO - Using cached results for decision_tree
2025-10-16 12:23:45,727 - model - INFO - Retraining model with cached parameters for evaluation
2025-10-16 12:23:45,727 - model - INFO - Training decision_tree model with params: {'max_depth': None, 'min_samples_split': 2, 'min_samples_leaf': 1}
2025-10-16 12:23:45,756 - model - INFO - Stored trained model with ID: decision_tree_1
2025-10-16 12:23:45,879 - model - WARNING - Failed to cache model object for decision_tree_1: module 'joblib' has no attribute 'dumps'
2025-10-16 12:23:45,879 - model - INFO - Model decision_tree trained successfully. CV Score: 410490.4941
2025-10-16 12:23:47,300 - model - INFO - Checking cache for random_forest with key: random_forest_regression_[('max_depth', None), ('min_samples_leaf', 1), ('min_samples_split', 2), ('n_estimators', 100)]
2025-10-16 12:23:47,300 - model - INFO - Using cached results for random_forest
2025-10-16 12:23:47,300 - model - INFO - Retraining model with cached parameters for evaluation
2025-10-16 12:23:47,301 - model - INFO - Training random_forest model with params: {'n_estimators': 100, 'max_depth': None, 'min_samples_split': 2, 'min_samples_leaf': 1}
2025-10-16 12:23:49,200 - model - INFO - Stored trained model with ID: random_forest_2
2025-10-16 12:23:56,841 - model - WARNING - Failed to cache model object for random_forest_2: module 'joblib' has no attribute 'dumps'
2025-10-16 12:23:56,842 - model - INFO - Model random_forest trained successfully. CV Score: 179276.2159
2025-10-16 12:27:38,411 - model - INFO - Checking cache for linear with key: linear_regression_[]
2025-10-16 12:27:38,411 - model - INFO - Cache miss for linear - training new model
2025-10-16 12:27:38,411 - model - INFO - Training linear model with params: {}
2025-10-16 12:27:38,413 - model - INFO - Stored trained model with ID: linear_0
2025-10-16 12:27:38,427 - model - WARNING - Failed to cache model object for linear_0: module 'joblib' has no attribute 'dumps'
2025-10-16 12:27:38,427 - model - INFO - Model linear trained successfully. CV Score: 12204820.6103
2025-10-16 12:27:39,057 - model - INFO - Checking cache for decision_tree with key: decision_tree_regression_[('max_depth', None), ('min_samples_leaf', 1), ('min_samples_split', 2)]
2025-10-16 12:27:39,057 - model - INFO - Cache miss for decision_tree - training new model
2025-10-16 12:27:39,057 - model - INFO - Training decision_tree model with params: {'max_depth': None, 'min_samples_split': 2, 'min_samples_leaf': 1}
2025-10-16 12:27:39,090 - model - INFO - Stored trained model with ID: decision_tree_1
2025-10-16 12:27:39,215 - model - WARNING - Failed to cache model object for decision_tree_1: module 'joblib' has no attribute 'dumps'
2025-10-16 12:27:39,215 - model - INFO - Model decision_tree trained successfully. CV Score: 410490.4941
2025-10-16 12:27:40,666 - model - INFO - Checking cache for random_forest with key: random_forest_regression_[('max_depth', None), ('min_samples_leaf', 1), ('min_samples_split', 2), ('n_estimators', 100)]
2025-10-16 12:27:40,667 - model - INFO - Cache miss for random_forest - training new model
2025-10-16 12:27:40,667 - model - INFO - Training random_forest model with params: {'n_estimators': 100, 'max_depth': None, 'min_samples_split': 2, 'min_samples_leaf': 1}
2025-10-16 12:27:42,658 - model - INFO - Stored trained model with ID: random_forest_2
2025-10-16 12:27:50,222 - model - WARNING - Failed to cache model object for random_forest_2: module 'joblib' has no attribute 'dumps'
2025-10-16 12:27:50,223 - model - INFO - Model random_forest trained successfully. CV Score: 179276.2159
2025-10-16 12:29:23,626 - model - INFO - Checking cache for linear with key: linear_regression_[]
2025-10-16 12:29:23,626 - model - INFO - Using cached results for linear
2025-10-16 12:29:23,626 - model - INFO - Retraining model with cached parameters for evaluation
2025-10-16 12:29:23,626 - model - INFO - Training linear model with params: {}
2025-10-16 12:29:23,628 - model - INFO - Stored trained model with ID: linear_0
2025-10-16 12:29:23,643 - model - WARNING - Failed to cache model object for linear_0: module 'joblib' has no attribute 'dumps'
2025-10-16 12:29:23,643 - model - INFO - Model linear trained successfully. CV Score: 12204820.6103
2025-10-16 12:29:23,785 - model - INFO - Checking cache for decision_tree with key: decision_tree_regression_[('max_depth', None), ('min_samples_leaf', 1), ('min_samples_split', 2)]
2025-10-16 12:29:23,785 - model - INFO - Using cached results for decision_tree
2025-10-16 12:29:23,785 - model - INFO - Retraining model with cached parameters for evaluation
2025-10-16 12:29:23,785 - model - INFO - Training decision_tree model with params: {'max_depth': None, 'min_samples_split': 2, 'min_samples_leaf': 1}
2025-10-16 12:29:23,816 - model - INFO - Stored trained model with ID: decision_tree_1
2025-10-16 12:29:23,958 - model - WARNING - Failed to cache model object for decision_tree_1: module 'joblib' has no attribute 'dumps'
2025-10-16 12:29:23,958 - model - INFO - Model decision_tree trained successfully. CV Score: 410490.4941
2025-10-16 12:29:25,466 - model - INFO - Checking cache for random_forest with key: random_forest_regression_[('max_depth', None), ('min_samples_leaf', 1), ('min_samples_split', 2), ('n_estimators', 100)]
2025-10-16 12:29:25,466 - model - INFO - Using cached results for random_forest
2025-10-16 12:29:25,466 - model - INFO - Retraining model with cached parameters for evaluation
2025-10-16 12:29:25,466 - model - INFO - Training random_forest model with params: {'n_estimators': 100, 'max_depth': None, 'min_samples_split': 2, 'min_samples_leaf': 1}
2025-10-16 12:29:27,225 - model - INFO - Stored trained model with ID: random_forest_2
2025-10-16 12:29:34,329 - model - WARNING - Failed to cache model object for random_forest_2: module 'joblib' has no attribute 'dumps'
2025-10-16 12:29:34,329 - model - INFO - Model random_forest trained successfully. CV Score: 179276.2159
2025-10-16 12:29:55,550 - model - INFO - Checking cache for linear with key: linear_regression_[]
2025-10-16 12:29:55,550 - model - INFO - Cache miss for linear - training new model
2025-10-16 12:29:55,550 - model - INFO - Training linear model with params: {}
2025-10-16 12:29:55,552 - model - INFO - Stored trained model with ID: linear_0
2025-10-16 12:29:55,572 - model - WARNING - Failed to cache model object for linear_0: module 'joblib' has no attribute 'dumps'
2025-10-16 12:29:55,572 - model - INFO - Model linear trained successfully. CV Score: 12204820.6103
2025-10-16 12:29:59,835 - model - INFO - Checking cache for decision_tree with key: decision_tree_regression_[('max_depth', None), ('min_samples_leaf', 1), ('min_samples_split', 2)]
2025-10-16 12:29:59,835 - model - INFO - Cache miss for decision_tree - training new model
2025-10-16 12:29:59,835 - model - INFO - Training decision_tree model with params: {'max_depth': None, 'min_samples_split': 2, 'min_samples_leaf': 1}
2025-10-16 12:29:59,875 - model - INFO - Stored trained model with ID: decision_tree_1
2025-10-16 12:30:00,045 - model - WARNING - Failed to cache model object for decision_tree_1: module 'joblib' has no attribute 'dumps'
2025-10-16 12:30:00,046 - model - INFO - Model decision_tree trained successfully. CV Score: 410490.4941
2025-10-16 12:30:01,593 - model - INFO - Checking cache for random_forest with key: random_forest_regression_[('max_depth', None), ('min_samples_leaf', 1), ('min_samples_split', 2), ('n_estimators', 100)]
2025-10-16 12:30:01,593 - model - INFO - Cache miss for random_forest - training new model
2025-10-16 12:30:01,593 - model - INFO - Training random_forest model with params: {'n_estimators': 100, 'max_depth': None, 'min_samples_split': 2, 'min_samples_leaf': 1}
2025-10-16 12:30:03,459 - model - INFO - Stored trained model with ID: random_forest_2
2025-10-16 12:30:11,488 - model - WARNING - Failed to cache model object for random_forest_2: module 'joblib' has no attribute 'dumps'
2025-10-16 12:30:11,489 - model - INFO - Model random_forest trained successfully. CV Score: 179276.2159
2025-10-16 13:05:13,840 - model - INFO - Checking cache for linear with key: linear_regression_[]
2025-10-16 13:05:13,840 - model - INFO - Cache miss for linear - training new model
2025-10-16 13:05:13,840 - model - INFO - Training linear model with params: {}
2025-10-16 13:05:13,842 - model - INFO - Stored trained model with ID: linear_0
2025-10-16 13:05:13,858 - model - WARNING - Failed to cache model object for linear_0: module 'joblib' has no attribute 'dumps'
2025-10-16 13:05:13,858 - model - INFO - Model linear trained successfully. CV Score: 12204820.6103
2025-10-16 13:05:14,320 - model - INFO - Checking cache for decision_tree with key: decision_tree_regression_[('max_depth', None), ('min_samples_leaf', 1), ('min_samples_split', 2)]
2025-10-16 13:05:14,320 - model - INFO - Cache miss for decision_tree - training new model
2025-10-16 13:05:14,320 - model - INFO - Training decision_tree model with params: {'max_depth': None, 'min_samples_split': 2, 'min_samples_leaf': 1}
2025-10-16 13:05:14,363 - model - INFO - Stored trained model with ID: decision_tree_1
2025-10-16 13:05:14,536 - model - WARNING - Failed to cache model object for decision_tree_1: module 'joblib' has no attribute 'dumps'
2025-10-16 13:05:14,536 - model - INFO - Model decision_tree trained successfully. CV Score: 410490.4941
2025-10-16 13:05:16,189 - model - INFO - Checking cache for random_forest with key: random_forest_regression_[('max_depth', None), ('min_samples_leaf', 1), ('min_samples_split', 2), ('n_estimators', 100)]
2025-10-16 13:05:16,189 - model - INFO - Cache miss for random_forest - training new model
2025-10-16 13:05:16,189 - model - INFO - Training random_forest model with params: {'n_estimators': 100, 'max_depth': None, 'min_samples_split': 2, 'min_samples_leaf': 1}
2025-10-16 13:05:18,074 - model - INFO - Stored trained model with ID: random_forest_2
2025-10-16 13:05:25,560 - model - WARNING - Failed to cache model object for random_forest_2: module 'joblib' has no attribute 'dumps'
2025-10-16 13:05:25,560 - model - INFO - Model random_forest trained successfully. CV Score: 179276.2159
2025-10-16 13:05:34,994 - model - INFO - Checking cache for linear with key: linear_regression_[]
2025-10-16 13:05:34,994 - model - INFO - Using cached results for linear
2025-10-16 13:05:34,994 - model - INFO - Retraining model with cached parameters for evaluation
2025-10-16 13:05:34,994 - model - INFO - Training linear model with params: {}
2025-10-16 13:05:34,996 - model - INFO - Stored trained model with ID: linear_0
2025-10-16 13:05:35,021 - model - WARNING - Failed to cache model object for linear_0: module 'joblib' has no attribute 'dumps'
2025-10-16 13:05:35,022 - model - INFO - Model linear trained successfully. CV Score: 12204820.6103
2025-10-16 13:05:35,519 - model - INFO - Checking cache for decision_tree with key: decision_tree_regression_[('max_depth', None), ('min_samples_leaf', 1), ('min_samples_split', 2)]
2025-10-16 13:05:35,519 - model - INFO - Using cached results for decision_tree
2025-10-16 13:05:35,519 - model - INFO - Retraining model with cached parameters for evaluation
2025-10-16 13:05:35,519 - model - INFO - Training decision_tree model with params: {'max_depth': None, 'min_samples_split': 2, 'min_samples_leaf': 1}
2025-10-16 13:05:35,550 - model - INFO - Stored trained model with ID: decision_tree_1
2025-10-16 13:05:35,689 - model - WARNING - Failed to cache model object for decision_tree_1: module 'joblib' has no attribute 'dumps'
2025-10-16 13:05:35,690 - model - INFO - Model decision_tree trained successfully. CV Score: 410490.4941
2025-10-16 13:05:37,210 - model - INFO - Checking cache for random_forest with key: random_forest_regression_[('max_depth', None), ('min_samples_leaf', 1), ('min_samples_split', 2), ('n_estimators', 100)]
2025-10-16 13:05:37,210 - model - INFO - Using cached results for random_forest
2025-10-16 13:05:37,210 - model - INFO - Retraining model with cached parameters for evaluation
2025-10-16 13:05:37,210 - model - INFO - Training random_forest model with params: {'n_estimators': 100, 'max_depth': None, 'min_samples_split': 2, 'min_samples_leaf': 1}
2025-10-16 13:05:39,133 - model - INFO - Stored trained model with ID: random_forest_2
2025-10-16 13:05:46,927 - model - WARNING - Failed to cache model object for random_forest_2: module 'joblib' has no attribute 'dumps'
2025-10-16 13:05:46,928 - model - INFO - Model random_forest trained successfully. CV Score: 179276.2159
2025-10-16 13:07:03,473 - model - INFO - Model linear_0 evaluation completed. Test Score: 0.8445
2025-10-16 13:07:03,476 - model - INFO - Model decision_tree_1 evaluation completed. Test Score: 0.9961
2025-10-16 13:07:03,533 - model - INFO - Model random_forest_2 evaluation completed. Test Score: 0.9985
2025-10-16 13:07:22,270 - model - INFO - Model linear_0 evaluation completed. Test Score: 0.8445
2025-10-16 13:07:22,272 - model - INFO - Model decision_tree_1 evaluation completed. Test Score: 0.9961
2025-10-16 13:07:22,310 - model - INFO - Model random_forest_2 evaluation completed. Test Score: 0.9985
2025-10-16 13:07:47,565 - model - INFO - Checking cache for linear with key: linear_regression_[]
2025-10-16 13:07:47,566 - model - INFO - Using cached results for linear
2025-10-16 13:07:47,566 - model - INFO - Retraining model with cached parameters for evaluation
2025-10-16 13:07:47,566 - model - INFO - Training linear model with params: {}
2025-10-16 13:07:47,567 - model - INFO - Stored trained model with ID: linear_0
2025-10-16 13:07:47,599 - model - WARNING - Failed to cache model object for linear_0: module 'joblib' has no attribute 'dumps'
2025-10-16 13:07:47,599 - model - INFO - Model linear trained successfully. CV Score: 12204820.6103
2025-10-16 13:07:47,766 - model - INFO - Checking cache for decision_tree with key: decision_tree_regression_[('max_depth', None), ('min_samples_leaf', 1), ('min_samples_split', 2)]
2025-10-16 13:07:47,766 - model - INFO - Using cached results for decision_tree
2025-10-16 13:07:47,766 - model - INFO - Retraining model with cached parameters for evaluation
2025-10-16 13:07:47,767 - model - INFO - Training decision_tree model with params: {'max_depth': None, 'min_samples_split': 2, 'min_samples_leaf': 1}
2025-10-16 13:07:47,795 - model - INFO - Stored trained model with ID: decision_tree_1
2025-10-16 13:07:47,941 - model - WARNING - Failed to cache model object for decision_tree_1: module 'joblib' has no attribute 'dumps'
2025-10-16 13:07:47,941 - model - INFO - Model decision_tree trained successfully. CV Score: 410490.4941
2025-10-16 13:07:49,447 - model - INFO - Checking cache for random_forest with key: random_forest_regression_[('max_depth', None), ('min_samples_leaf', 1), ('min_samples_split', 2), ('n_estimators', 100)]
2025-10-16 13:07:49,447 - model - INFO - Using cached results for random_forest
2025-10-16 13:07:49,447 - model - INFO - Retraining model with cached parameters for evaluation
2025-10-16 13:07:49,447 - model - INFO - Training random_forest model with params: {'n_estimators': 100, 'max_depth': None, 'min_samples_split': 2, 'min_samples_leaf': 1}
2025-10-16 13:07:51,268 - model - INFO - Stored trained model with ID: random_forest_2
2025-10-16 13:07:58,647 - model - WARNING - Failed to cache model object for random_forest_2: module 'joblib' has no attribute 'dumps'
2025-10-16 13:07:58,647 - model - INFO - Model random_forest trained successfully. CV Score: 179276.2159
2025-10-16 13:09:29,243 - model - INFO - Model linear_0 evaluation completed. Test Score: 0.8445
2025-10-16 13:09:29,244 - model - INFO - Model decision_tree_1 evaluation completed. Test Score: 0.9961
2025-10-16 13:09:29,286 - model - INFO - Model random_forest_2 evaluation completed. Test Score: 0.9985
2025-10-16 13:10:25,142 - model - INFO - Checking cache for linear with key: linear_regression_[]
2025-10-16 13:10:25,142 - model - INFO - Cache miss for linear - training new model
2025-10-16 13:10:25,142 - model - INFO - Training linear model with params: {}
2025-10-16 13:10:25,144 - model - INFO - Stored trained model with ID: linear_0
2025-10-16 13:10:25,155 - model - WARNING - Failed to cache model object for linear_0: module 'joblib' has no attribute 'dumps'
2025-10-16 13:10:25,155 - model - INFO - Model linear trained successfully. CV Score: 12204820.6103
2025-10-16 13:10:25,577 - model - INFO - Checking cache for decision_tree with key: decision_tree_regression_[('max_depth', None), ('min_samples_leaf', 1), ('min_samples_split', 2)]
2025-10-16 13:10:25,577 - model - INFO - Cache miss for decision_tree - training new model
2025-10-16 13:10:25,577 - model - INFO - Training decision_tree model with params: {'max_depth': None, 'min_samples_split': 2, 'min_samples_leaf': 1}
2025-10-16 13:10:25,610 - model - INFO - Stored trained model with ID: decision_tree_1
2025-10-16 13:10:25,728 - model - WARNING - Failed to cache model object for decision_tree_1: module 'joblib' has no attribute 'dumps'
2025-10-16 13:10:25,728 - model - INFO - Model decision_tree trained successfully. CV Score: 410490.4941
2025-10-16 13:10:27,157 - model - INFO - Checking cache for random_forest with key: random_forest_regression_[('max_depth', None), ('min_samples_leaf', 1), ('min_samples_split', 2), ('n_estimators', 100)]
2025-10-16 13:10:27,157 - model - INFO - Cache miss for random_forest - training new model
2025-10-16 13:10:27,158 - model - INFO - Training random_forest model with params: {'n_estimators': 100, 'max_depth': None, 'min_samples_split': 2, 'min_samples_leaf': 1}
2025-10-16 13:10:28,954 - model - INFO - Stored trained model with ID: random_forest_2
2025-10-16 13:10:36,131 - model - WARNING - Failed to cache model object for random_forest_2: module 'joblib' has no attribute 'dumps'
2025-10-16 13:10:36,131 - model - INFO - Model random_forest trained successfully. CV Score: 179276.2159
2025-10-16 13:12:03,283 - model - INFO - Model linear_0 evaluation completed. Test Score: 0.8445
2025-10-16 13:12:03,284 - model - INFO - Model decision_tree_1 evaluation completed. Test Score: 0.9961
2025-10-16 13:12:03,318 - model - INFO - Model random_forest_2 evaluation completed. Test Score: 0.9985
2025-10-16 13:12:18,917 - model - INFO - Checking cache for linear with key: linear_regression_[]
2025-10-16 13:12:18,918 - model - INFO - Using cached results for linear
2025-10-16 13:12:18,918 - model - INFO - Retraining model with cached parameters for evaluation
2025-10-16 13:12:18,919 - model - INFO - Training linear model with params: {}
2025-10-16 13:12:18,921 - model - INFO - Stored trained model with ID: linear_0
2025-10-16 13:12:18,935 - model - WARNING - Failed to cache model object for linear_0: module 'joblib' has no attribute 'dumps'
2025-10-16 13:12:18,935 - model - INFO - Model linear trained successfully. CV Score: 12204820.6103
2025-10-16 13:12:19,401 - model - INFO - Checking cache for decision_tree with key: decision_tree_regression_[('max_depth', None), ('min_samples_leaf', 1), ('min_samples_split', 2)]
2025-10-16 13:12:19,401 - model - INFO - Using cached results for decision_tree
2025-10-16 13:12:19,401 - model - INFO - Retraining model with cached parameters for evaluation
2025-10-16 13:12:19,401 - model - INFO - Training decision_tree model with params: {'max_depth': None, 'min_samples_split': 2, 'min_samples_leaf': 1}
2025-10-16 13:12:19,432 - model - INFO - Stored trained model with ID: decision_tree_1
2025-10-16 13:12:19,553 - model - WARNING - Failed to cache model object for decision_tree_1: module 'joblib' has no attribute 'dumps'
2025-10-16 13:12:19,553 - model - INFO - Model decision_tree trained successfully. CV Score: 410490.4941
2025-10-16 13:12:21,086 - model - INFO - Checking cache for random_forest with key: random_forest_regression_[('max_depth', None), ('min_samples_leaf', 1), ('min_samples_split', 2), ('n_estimators', 100)]
2025-10-16 13:12:21,086 - model - INFO - Using cached results for random_forest
2025-10-16 13:12:21,086 - model - INFO - Retraining model with cached parameters for evaluation
2025-10-16 13:12:21,086 - model - INFO - Training random_forest model with params: {'n_estimators': 100, 'max_depth': None, 'min_samples_split': 2, 'min_samples_leaf': 1}
2025-10-16 13:12:22,948 - model - INFO - Stored trained model with ID: random_forest_2
2025-10-16 13:12:28,688 - model - INFO - Checking cache for linear with key: linear_regression_[]
2025-10-16 13:12:28,693 - model - INFO - Using cached results for linear
2025-10-16 13:12:28,693 - model - INFO - Retraining model with cached parameters for evaluation
2025-10-16 13:12:28,693 - model - INFO - Training linear model with params: {}
2025-10-16 13:12:28,695 - model - INFO - Stored trained model with ID: linear_0
2025-10-16 13:12:28,715 - model - WARNING - Failed to cache model object for linear_0: module 'joblib' has no attribute 'dumps'
2025-10-16 13:12:28,715 - model - INFO - Model linear trained successfully. CV Score: 12204820.6103
2025-10-16 13:12:28,929 - model - INFO - Checking cache for decision_tree with key: decision_tree_regression_[('max_depth', None), ('min_samples_leaf', 1), ('min_samples_split', 2)]
2025-10-16 13:12:28,929 - model - INFO - Using cached results for decision_tree
2025-10-16 13:12:28,929 - model - INFO - Retraining model with cached parameters for evaluation
2025-10-16 13:12:28,930 - model - INFO - Training decision_tree model with params: {'max_depth': None, 'min_samples_split': 2, 'min_samples_leaf': 1}
2025-10-16 13:12:28,960 - model - INFO - Stored trained model with ID: decision_tree_1
2025-10-16 13:12:29,091 - model - WARNING - Failed to cache model object for decision_tree_1: module 'joblib' has no attribute 'dumps'
2025-10-16 13:12:29,091 - model - INFO - Model decision_tree trained successfully. CV Score: 410490.4941
2025-10-16 13:12:30,605 - model - WARNING - Failed to cache model object for random_forest_2: module 'joblib' has no attribute 'dumps'
2025-10-16 13:12:30,606 - model - INFO - Model random_forest trained successfully. CV Score: 179276.2159
2025-10-16 13:12:30,679 - model - INFO - Checking cache for random_forest with key: random_forest_regression_[('max_depth', None), ('min_samples_leaf', 1), ('min_samples_split', 2), ('n_estimators', 100)]
2025-10-16 13:12:30,679 - model - INFO - Using cached results for random_forest
2025-10-16 13:12:30,679 - model - INFO - Retraining model with cached parameters for evaluation
2025-10-16 13:12:30,679 - model - INFO - Training random_forest model with params: {'n_estimators': 100, 'max_depth': None, 'min_samples_split': 2, 'min_samples_leaf': 1}
2025-10-16 13:12:32,531 - model - INFO - Stored trained model with ID: random_forest_2
2025-10-16 13:12:40,223 - model - WARNING - Failed to cache model object for random_forest_2: module 'joblib' has no attribute 'dumps'
2025-10-16 13:12:40,224 - model - INFO - Model random_forest trained successfully. CV Score: 179276.2159
2025-10-16 13:14:03,240 - model - INFO - Model linear_0 evaluation completed. Test Score: 0.8445
2025-10-16 13:14:03,241 - model - INFO - Model decision_tree_1 evaluation completed. Test Score: 0.9961
2025-10-16 13:14:03,270 - model - INFO - Model random_forest_2 evaluation completed. Test Score: 0.9985
2025-10-16 13:14:11,744 - model - INFO - Model linear_0 evaluation completed. Test Score: 0.8445
2025-10-16 13:14:11,746 - model - INFO - Model decision_tree_1 evaluation completed. Test Score: 0.9961
2025-10-16 13:14:11,781 - model - INFO - Model random_forest_2 evaluation completed. Test Score: 0.9985
2025-10-16 13:14:29,615 - model - INFO - Checking cache for linear with key: linear_regression_[]
2025-10-16 13:14:29,619 - model - INFO - Using cached results for linear
2025-10-16 13:14:29,619 - model - INFO - Retraining model with cached parameters for evaluation
2025-10-16 13:14:29,619 - model - INFO - Training linear model with params: {}
2025-10-16 13:14:29,622 - model - INFO - Stored trained model with ID: linear_0
2025-10-16 13:14:29,638 - model - WARNING - Failed to cache model object for linear_0: module 'joblib' has no attribute 'dumps'
2025-10-16 13:14:29,638 - model - INFO - Model linear trained successfully. CV Score: 12204820.6103
2025-10-16 13:14:29,879 - model - INFO - Checking cache for decision_tree with key: decision_tree_regression_[('max_depth', None), ('min_samples_leaf', 1), ('min_samples_split', 2)]
2025-10-16 13:14:29,879 - model - INFO - Using cached results for decision_tree
2025-10-16 13:14:29,879 - model - INFO - Retraining model with cached parameters for evaluation
2025-10-16 13:14:29,879 - model - INFO - Training decision_tree model with params: {'max_depth': None, 'min_samples_split': 2, 'min_samples_leaf': 1}
2025-10-16 13:14:29,910 - model - INFO - Stored trained model with ID: decision_tree_1
2025-10-16 13:14:30,078 - model - WARNING - Failed to cache model object for decision_tree_1: module 'joblib' has no attribute 'dumps'
2025-10-16 13:14:30,079 - model - INFO - Model decision_tree trained successfully. CV Score: 410490.4941
2025-10-16 13:14:31,971 - model - INFO - Checking cache for random_forest with key: random_forest_regression_[('max_depth', None), ('min_samples_leaf', 1), ('min_samples_split', 2), ('n_estimators', 100)]
2025-10-16 13:14:31,971 - model - INFO - Using cached results for random_forest
2025-10-16 13:14:31,971 - model - INFO - Retraining model with cached parameters for evaluation
2025-10-16 13:14:31,971 - model - INFO - Training random_forest model with params: {'n_estimators': 100, 'max_depth': None, 'min_samples_split': 2, 'min_samples_leaf': 1}
2025-10-16 13:14:33,853 - model - INFO - Stored trained model with ID: random_forest_2
2025-10-16 13:14:41,479 - model - WARNING - Failed to cache model object for random_forest_2: module 'joblib' has no attribute 'dumps'
2025-10-16 13:14:41,480 - model - INFO - Model random_forest trained successfully. CV Score: 179276.2159
2025-10-16 13:16:10,557 - model - INFO - Model linear_0 evaluation completed. Test Score: 0.8445
2025-10-16 13:16:10,558 - model - INFO - Model decision_tree_1 evaluation completed. Test Score: 0.9961
2025-10-16 13:16:10,597 - model - INFO - Model random_forest_2 evaluation completed. Test Score: 0.9985
2025-10-16 13:20:57,769 - model - INFO - Checking cache for linear with key: linear_regression_[]
2025-10-16 13:20:57,770 - model - INFO - Using cached results for linear
2025-10-16 13:20:57,770 - model - INFO - Retraining model with cached parameters for evaluation
2025-10-16 13:20:57,770 - model - INFO - Training linear model with params: {}
2025-10-16 13:20:57,773 - model - INFO - Stored trained model with ID: linear_0
2025-10-16 13:20:57,792 - model - WARNING - Failed to cache model object for linear_0: module 'joblib' has no attribute 'dumps'
2025-10-16 13:20:57,792 - model - INFO - Model linear trained successfully. CV Score: 12204820.6103
2025-10-16 13:20:58,309 - model - INFO - Checking cache for decision_tree with key: decision_tree_regression_[('max_depth', None), ('min_samples_leaf', 1), ('min_samples_split', 2)]
2025-10-16 13:20:58,309 - model - INFO - Using cached results for decision_tree
2025-10-16 13:20:58,309 - model - INFO - Retraining model with cached parameters for evaluation
2025-10-16 13:20:58,309 - model - INFO - Training decision_tree model with params: {'max_depth': None, 'min_samples_split': 2, 'min_samples_leaf': 1}
2025-10-16 13:20:58,342 - model - INFO - Stored trained model with ID: decision_tree_1
2025-10-16 13:20:58,462 - model - WARNING - Failed to cache model object for decision_tree_1: module 'joblib' has no attribute 'dumps'
2025-10-16 13:20:58,462 - model - INFO - Model decision_tree trained successfully. CV Score: 410490.4941
2025-10-16 13:20:59,924 - model - INFO - Checking cache for random_forest with key: random_forest_regression_[('max_depth', None), ('min_samples_leaf', 1), ('min_samples_split', 2), ('n_estimators', 100)]
2025-10-16 13:20:59,924 - model - INFO - Using cached results for random_forest
2025-10-16 13:20:59,924 - model - INFO - Retraining model with cached parameters for evaluation
2025-10-16 13:20:59,924 - model - INFO - Training random_forest model with params: {'n_estimators': 100, 'max_depth': None, 'min_samples_split': 2, 'min_samples_leaf': 1}
2025-10-16 13:21:01,713 - model - INFO - Stored trained model with ID: random_forest_2
2025-10-16 13:21:08,902 - model - WARNING - Failed to cache model object for random_forest_2: module 'joblib' has no attribute 'dumps'
2025-10-16 13:21:08,902 - model - INFO - Model random_forest trained successfully. CV Score: 179276.2159
2025-10-16 13:22:39,660 - model - INFO - Model linear_0 evaluation completed. Test Score: 0.8445
2025-10-16 13:22:39,663 - model - INFO - Model decision_tree_1 evaluation completed. Test Score: 0.9961
2025-10-16 13:22:39,694 - model - INFO - Model random_forest_2 evaluation completed. Test Score: 0.9985
2025-10-16 13:23:04,648 - model - INFO - Checking cache for linear with key: linear_regression_[]
2025-10-16 13:23:04,654 - model - INFO - Using cached results for linear
2025-10-16 13:23:04,654 - model - INFO - Retraining model with cached parameters for evaluation
2025-10-16 13:23:04,654 - model - INFO - Training linear model with params: {}
2025-10-16 13:23:04,657 - model - INFO - Stored trained model with ID: linear_0
2025-10-16 13:23:04,683 - model - WARNING - Failed to cache model object for linear_0: module 'joblib' has no attribute 'dumps'
2025-10-16 13:23:04,683 - model - INFO - Model linear trained successfully. CV Score: 12204820.6103
2025-10-16 13:23:04,940 - model - INFO - Checking cache for decision_tree with key: decision_tree_regression_[('max_depth', None), ('min_samples_leaf', 1), ('min_samples_split', 2)]
2025-10-16 13:23:04,940 - model - INFO - Using cached results for decision_tree
2025-10-16 13:23:04,940 - model - INFO - Retraining model with cached parameters for evaluation
2025-10-16 13:23:04,940 - model - INFO - Training decision_tree model with params: {'max_depth': None, 'min_samples_split': 2, 'min_samples_leaf': 1}
2025-10-16 13:23:04,969 - model - INFO - Stored trained model with ID: decision_tree_1
2025-10-16 13:23:05,107 - model - WARNING - Failed to cache model object for decision_tree_1: module 'joblib' has no attribute 'dumps'
2025-10-16 13:23:05,107 - model - INFO - Model decision_tree trained successfully. CV Score: 410490.4941
2025-10-16 13:23:06,634 - model - INFO - Checking cache for random_forest with key: random_forest_regression_[('max_depth', None), ('min_samples_leaf', 1), ('min_samples_split', 2), ('n_estimators', 100)]
2025-10-16 13:23:06,634 - model - INFO - Using cached results for random_forest
2025-10-16 13:23:06,634 - model - INFO - Retraining model with cached parameters for evaluation
2025-10-16 13:23:06,634 - model - INFO - Training random_forest model with params: {'n_estimators': 100, 'max_depth': None, 'min_samples_split': 2, 'min_samples_leaf': 1}
2025-10-16 13:23:08,401 - model - INFO - Stored trained model with ID: random_forest_2
2025-10-16 13:23:15,493 - model - WARNING - Failed to cache model object for random_forest_2: module 'joblib' has no attribute 'dumps'
2025-10-16 13:23:15,493 - model - INFO - Model random_forest trained successfully. CV Score: 179276.2159
2025-10-16 13:24:46,301 - model - INFO - Model linear_0 evaluation completed. Test Score: 0.8445
2025-10-16 13:24:46,304 - model - INFO - Model decision_tree_1 evaluation completed. Test Score: 0.9961
2025-10-16 13:24:46,356 - model - INFO - Model random_forest_2 evaluation completed. Test Score: 0.9985
2025-10-20 09:15:14,891 - model - INFO - Checking cache for linear with key: linear_regression_[]
2025-10-20 09:15:14,895 - model - INFO - Using cached results for linear
2025-10-20 09:15:14,895 - model - INFO - Retraining model with cached parameters for evaluation
2025-10-20 09:15:14,895 - model - INFO - Training linear model with params: {}
2025-10-20 09:15:14,907 - model - INFO - Stored trained model with ID: linear_0
2025-10-20 09:15:14,917 - model - WARNING - Failed to cache model object for linear_0: module 'joblib' has no attribute 'dumps'
2025-10-20 09:15:14,917 - model - INFO - Model linear trained successfully. CV Score: 12204820.6103
2025-10-20 09:15:15,499 - model - INFO - Checking cache for decision_tree with key: decision_tree_regression_[('max_depth', None), ('min_samples_leaf', 1), ('min_samples_split', 2)]
2025-10-20 09:15:15,500 - model - INFO - Using cached results for decision_tree
2025-10-20 09:15:15,500 - model - INFO - Retraining model with cached parameters for evaluation
2025-10-20 09:15:15,500 - model - INFO - Training decision_tree model with params: {'max_depth': None, 'min_samples_split': 2, 'min_samples_leaf': 1}
2025-10-20 09:15:15,527 - model - INFO - Stored trained model with ID: decision_tree_1
2025-10-20 09:15:15,632 - model - WARNING - Failed to cache model object for decision_tree_1: module 'joblib' has no attribute 'dumps'
2025-10-20 09:15:15,633 - model - INFO - Model decision_tree trained successfully. CV Score: 410490.4941
2025-10-20 09:15:16,931 - model - INFO - Checking cache for random_forest with key: random_forest_regression_[('max_depth', None), ('min_samples_leaf', 1), ('min_samples_split', 2), ('n_estimators', 100)]
2025-10-20 09:15:16,931 - model - INFO - Using cached results for random_forest
2025-10-20 09:15:16,931 - model - INFO - Retraining model with cached parameters for evaluation
2025-10-20 09:15:16,931 - model - INFO - Training random_forest model with params: {'n_estimators': 100, 'max_depth': None, 'min_samples_split': 2, 'min_samples_leaf': 1}
2025-10-20 09:15:18,564 - model - INFO - Stored trained model with ID: random_forest_2
2025-10-20 09:15:25,374 - model - WARNING - Failed to cache model object for random_forest_2: module 'joblib' has no attribute 'dumps'
2025-10-20 09:15:25,374 - model - INFO - Model random_forest trained successfully. CV Score: 179276.2159
2025-10-20 09:16:48,451 - model - INFO - Model linear_0 evaluation completed. Test Score: 0.8445
2025-10-20 09:16:48,453 - model - INFO - Model decision_tree_1 evaluation completed. Test Score: 0.9961
2025-10-20 09:16:48,485 - model - INFO - Model random_forest_2 evaluation completed. Test Score: 0.9985
2025-10-20 09:17:12,655 - model - INFO - Checking cache for linear with key: linear_regression_[]
2025-10-20 09:17:12,657 - model - INFO - Using cached results for linear
2025-10-20 09:17:12,657 - model - INFO - Retraining model with cached parameters for evaluation
2025-10-20 09:17:12,657 - model - INFO - Training linear model with params: {}
2025-10-20 09:17:12,658 - model - INFO - Stored trained model with ID: linear_0
2025-10-20 09:17:12,669 - model - WARNING - Failed to cache model object for linear_0: module 'joblib' has no attribute 'dumps'
2025-10-20 09:17:12,669 - model - INFO - Model linear trained successfully. CV Score: 12204820.6103
2025-10-20 09:17:12,858 - model - INFO - Checking cache for decision_tree with key: decision_tree_regression_[('max_depth', None), ('min_samples_leaf', 1), ('min_samples_split', 2)]
2025-10-20 09:17:12,859 - model - INFO - Using cached results for decision_tree
2025-10-20 09:17:12,859 - model - INFO - Retraining model with cached parameters for evaluation
2025-10-20 09:17:12,859 - model - INFO - Training decision_tree model with params: {'max_depth': None, 'min_samples_split': 2, 'min_samples_leaf': 1}
2025-10-20 09:17:12,888 - model - INFO - Stored trained model with ID: decision_tree_1
2025-10-20 09:17:13,019 - model - WARNING - Failed to cache model object for decision_tree_1: module 'joblib' has no attribute 'dumps'
2025-10-20 09:17:13,019 - model - INFO - Model decision_tree trained successfully. CV Score: 410490.4941
2025-10-20 09:17:14,480 - model - INFO - Checking cache for random_forest with key: random_forest_regression_[('max_depth', None), ('min_samples_leaf', 1), ('min_samples_split', 2), ('n_estimators', 100)]
2025-10-20 09:17:14,481 - model - INFO - Using cached results for random_forest
2025-10-20 09:17:14,481 - model - INFO - Retraining model with cached parameters for evaluation
2025-10-20 09:17:14,481 - model - INFO - Training random_forest model with params: {'n_estimators': 100, 'max_depth': None, 'min_samples_split': 2, 'min_samples_leaf': 1}
2025-10-20 09:17:16,250 - model - INFO - Stored trained model with ID: random_forest_2
2025-10-20 09:17:23,142 - model - WARNING - Failed to cache model object for random_forest_2: module 'joblib' has no attribute 'dumps'
2025-10-20 09:17:23,143 - model - INFO - Model random_forest trained successfully. CV Score: 179276.2159
2025-10-20 09:18:46,628 - model - INFO - Model linear_0 evaluation completed. Test Score: 0.8445
2025-10-20 09:18:46,629 - model - INFO - Model decision_tree_1 evaluation completed. Test Score: 0.9961
2025-10-20 09:18:46,654 - model - INFO - Model random_forest_2 evaluation completed. Test Score: 0.9985
2025-10-20 09:59:21,242 - model - INFO - Checking cache for linear with key: linear_regression_[]
2025-10-20 09:59:21,256 - model - INFO - Using cached results for linear
2025-10-20 09:59:21,256 - model - INFO - Retraining model with cached parameters for evaluation
2025-10-20 09:59:21,256 - model - INFO - Training linear model with params: {}
2025-10-20 09:59:21,266 - model - INFO - Stored trained model with ID: linear_0
2025-10-20 09:59:21,283 - model - WARNING - Failed to cache model object for linear_0: module 'joblib' has no attribute 'dumps'
2025-10-20 09:59:21,283 - model - INFO - Model linear trained successfully. CV Score: 12204820.6103
2025-10-20 09:59:21,298 - model - INFO - Checking cache for decision_tree with key: decision_tree_regression_[('max_depth', None), ('min_samples_leaf', 1), ('min_samples_split', 2)]
2025-10-20 09:59:21,298 - model - INFO - Using cached results for decision_tree
2025-10-20 09:59:21,298 - model - INFO - Retraining model with cached parameters for evaluation
2025-10-20 09:59:21,298 - model - INFO - Training decision_tree model with params: {'max_depth': None, 'min_samples_split': 2, 'min_samples_leaf': 1}
2025-10-20 09:59:21,327 - model - INFO - Stored trained model with ID: decision_tree_1
2025-10-20 09:59:21,456 - model - WARNING - Failed to cache model object for decision_tree_1: module 'joblib' has no attribute 'dumps'
2025-10-20 09:59:21,456 - model - INFO - Model decision_tree trained successfully. CV Score: 410490.4941
2025-10-20 09:59:21,577 - model - INFO - Checking cache for random_forest with key: random_forest_regression_[('max_depth', None), ('min_samples_leaf', 1), ('min_samples_split', 2), ('n_estimators', 100)]
2025-10-20 09:59:21,578 - model - INFO - Using cached results for random_forest
2025-10-20 09:59:21,578 - model - INFO - Retraining model with cached parameters for evaluation
2025-10-20 09:59:21,578 - model - INFO - Training random_forest model with params: {'n_estimators': 100, 'max_depth': None, 'min_samples_split': 2, 'min_samples_leaf': 1}
2025-10-20 09:59:23,420 - model - INFO - Stored trained model with ID: random_forest_2
2025-10-20 09:59:30,803 - model - WARNING - Failed to cache model object for random_forest_2: module 'joblib' has no attribute 'dumps'
2025-10-20 09:59:30,804 - model - INFO - Model random_forest trained successfully. CV Score: 179276.2159
2025-10-20 09:59:38,070 - model - INFO - Checking cache for linear with key: linear_regression_[]
2025-10-20 09:59:38,071 - model - INFO - Using cached results for linear
2025-10-20 09:59:38,071 - model - INFO - Retraining model with cached parameters for evaluation
2025-10-20 09:59:38,071 - model - INFO - Training linear model with params: {}
2025-10-20 09:59:38,073 - model - INFO - Stored trained model with ID: linear_0
2025-10-20 09:59:38,084 - model - WARNING - Failed to cache model object for linear_0: module 'joblib' has no attribute 'dumps'
2025-10-20 09:59:38,084 - model - INFO - Model linear trained successfully. CV Score: 12204820.6103
2025-10-20 09:59:38,096 - model - INFO - Checking cache for decision_tree with key: decision_tree_regression_[('max_depth', None), ('min_samples_leaf', 1), ('min_samples_split', 2)]
2025-10-20 09:59:38,096 - model - INFO - Using cached results for decision_tree
2025-10-20 09:59:38,096 - model - INFO - Retraining model with cached parameters for evaluation
2025-10-20 09:59:38,096 - model - INFO - Training decision_tree model with params: {'max_depth': None, 'min_samples_split': 2, 'min_samples_leaf': 1}
2025-10-20 09:59:38,123 - model - INFO - Stored trained model with ID: decision_tree_1
2025-10-20 09:59:38,238 - model - WARNING - Failed to cache model object for decision_tree_1: module 'joblib' has no attribute 'dumps'
2025-10-20 09:59:38,238 - model - INFO - Model decision_tree trained successfully. CV Score: 410490.4941
2025-10-20 09:59:38,379 - model - INFO - Checking cache for random_forest with key: random_forest_regression_[('max_depth', None), ('min_samples_leaf', 1), ('min_samples_split', 2), ('n_estimators', 100)]
2025-10-20 09:59:38,379 - model - INFO - Using cached results for random_forest
2025-10-20 09:59:38,379 - model - INFO - Retraining model with cached parameters for evaluation
2025-10-20 09:59:38,379 - model - INFO - Training random_forest model with params: {'n_estimators': 100, 'max_depth': None, 'min_samples_split': 2, 'min_samples_leaf': 1}
2025-10-20 09:59:40,116 - model - INFO - Stored trained model with ID: random_forest_2
2025-10-20 09:59:46,918 - model - WARNING - Failed to cache model object for random_forest_2: module 'joblib' has no attribute 'dumps'
2025-10-20 09:59:46,918 - model - INFO - Model random_forest trained successfully. CV Score: 179276.2159
2025-10-20 10:07:49,009 - model - INFO - Checking cache for linear with key: linear_regression_[]
2025-10-20 10:07:49,010 - model - INFO - Using cached results for linear
2025-10-20 10:07:49,010 - model - INFO - Retraining model with cached parameters for evaluation
2025-10-20 10:07:49,010 - model - INFO - Training linear model with params: {}
2025-10-20 10:07:49,012 - model - INFO - Stored trained model with ID: linear_0
2025-10-20 10:07:49,023 - model - WARNING - Failed to cache model object for linear_0: module 'joblib' has no attribute 'dumps'
2025-10-20 10:07:49,023 - model - INFO - Model linear trained successfully. CV Score: 12204820.6103
2025-10-20 10:07:49,036 - model - INFO - Checking cache for decision_tree with key: decision_tree_regression_[('max_depth', None), ('min_samples_leaf', 1), ('min_samples_split', 2)]
2025-10-20 10:07:49,036 - model - INFO - Using cached results for decision_tree
2025-10-20 10:07:49,036 - model - INFO - Retraining model with cached parameters for evaluation
2025-10-20 10:07:49,036 - model - INFO - Training decision_tree model with params: {'max_depth': None, 'min_samples_split': 2, 'min_samples_leaf': 1}
2025-10-20 10:07:49,063 - model - INFO - Stored trained model with ID: decision_tree_1
2025-10-20 10:07:49,178 - model - WARNING - Failed to cache model object for decision_tree_1: module 'joblib' has no attribute 'dumps'
2025-10-20 10:07:49,178 - model - INFO - Model decision_tree trained successfully. CV Score: 410490.4941
2025-10-20 10:07:49,301 - model - INFO - Checking cache for random_forest with key: random_forest_regression_[('max_depth', None), ('min_samples_leaf', 1), ('min_samples_split', 2), ('n_estimators', 100)]
2025-10-20 10:07:49,301 - model - INFO - Using cached results for random_forest
2025-10-20 10:07:49,301 - model - INFO - Retraining model with cached parameters for evaluation
2025-10-20 10:07:49,301 - model - INFO - Training random_forest model with params: {'n_estimators': 100, 'max_depth': None, 'min_samples_split': 2, 'min_samples_leaf': 1}
2025-10-20 10:07:51,088 - model - INFO - Stored trained model with ID: random_forest_2
2025-10-20 10:07:57,833 - model - WARNING - Failed to cache model object for random_forest_2: module 'joblib' has no attribute 'dumps'
2025-10-20 10:07:57,833 - model - INFO - Model random_forest trained successfully. CV Score: 179276.2159
2025-10-20 10:08:04,842 - model - INFO - Checking cache for linear with key: linear_regression_[]
2025-10-20 10:08:04,846 - model - INFO - Using cached results for linear
2025-10-20 10:08:04,846 - model - INFO - Retraining model with cached parameters for evaluation
2025-10-20 10:08:04,846 - model - INFO - Training linear model with params: {}
2025-10-20 10:08:04,847 - model - INFO - Stored trained model with ID: linear_0
2025-10-20 10:08:04,857 - model - WARNING - Failed to cache model object for linear_0: module 'joblib' has no attribute 'dumps'
2025-10-20 10:08:04,858 - model - INFO - Model linear trained successfully. CV Score: 12204820.6103
2025-10-20 10:08:04,875 - model - INFO - Checking cache for decision_tree with key: decision_tree_regression_[('max_depth', None), ('min_samples_leaf', 1), ('min_samples_split', 2)]
2025-10-20 10:08:04,876 - model - INFO - Using cached results for decision_tree
2025-10-20 10:08:04,876 - model - INFO - Retraining model with cached parameters for evaluation
2025-10-20 10:08:04,876 - model - INFO - Training decision_tree model with params: {'max_depth': None, 'min_samples_split': 2, 'min_samples_leaf': 1}
2025-10-20 10:08:04,909 - model - INFO - Stored trained model with ID: decision_tree_1
2025-10-20 10:08:05,164 - model - WARNING - Failed to cache model object for decision_tree_1: module 'joblib' has no attribute 'dumps'
2025-10-20 10:08:05,164 - model - INFO - Model decision_tree trained successfully. CV Score: 410490.4941
2025-10-20 10:16:46,838 - model - INFO - Checking cache for linear with key: linear_regression_[]
2025-10-20 10:16:46,839 - model - INFO - Using cached results for linear
2025-10-20 10:16:46,839 - model - INFO - Retraining model with cached parameters for evaluation
2025-10-20 10:16:46,839 - model - INFO - Training linear model with params: {}
2025-10-20 10:16:46,843 - model - INFO - Stored trained model with ID: linear_0
2025-10-20 10:16:46,854 - model - WARNING - Failed to cache model object for linear_0: module 'joblib' has no attribute 'dumps'
2025-10-20 10:16:46,854 - model - INFO - Model linear trained successfully. CV Score: 12204820.6103
2025-10-20 10:16:46,868 - model - INFO - Checking cache for decision_tree with key: decision_tree_regression_[('max_depth', None), ('min_samples_leaf', 1), ('min_samples_split', 2)]
2025-10-20 10:16:46,868 - model - INFO - Using cached results for decision_tree
2025-10-20 10:16:46,868 - model - INFO - Retraining model with cached parameters for evaluation
2025-10-20 10:16:46,868 - model - INFO - Training decision_tree model with params: {'max_depth': None, 'min_samples_split': 2, 'min_samples_leaf': 1}
2025-10-20 10:16:46,897 - model - INFO - Stored trained model with ID: decision_tree_1
2025-10-20 10:16:47,011 - model - WARNING - Failed to cache model object for decision_tree_1: module 'joblib' has no attribute 'dumps'
2025-10-20 10:16:47,011 - model - INFO - Model decision_tree trained successfully. CV Score: 410490.4941
2025-10-20 10:16:47,126 - model - INFO - Checking cache for random_forest with key: random_forest_regression_[('max_depth', None), ('min_samples_leaf', 1), ('min_samples_split', 2), ('n_estimators', 100)]
2025-10-20 10:16:47,127 - model - INFO - Using cached results for random_forest
2025-10-20 10:16:47,127 - model - INFO - Retraining model with cached parameters for evaluation
2025-10-20 10:16:47,127 - model - INFO - Training random_forest model with params: {'n_estimators': 100, 'max_depth': None, 'min_samples_split': 2, 'min_samples_leaf': 1}
2025-10-20 10:16:48,726 - model - INFO - Stored trained model with ID: random_forest_2
2025-10-20 10:16:55,310 - model - WARNING - Failed to cache model object for random_forest_2: module 'joblib' has no attribute 'dumps'
2025-10-20 10:16:55,311 - model - INFO - Model random_forest trained successfully. CV Score: 179276.2159
2025-10-20 10:19:13,472 - model - INFO - Checking cache for linear with key: linear_regression_[]
2025-10-20 10:19:13,484 - model - INFO - Using cached results for linear
2025-10-20 10:19:13,484 - model - INFO - Retraining model with cached parameters for evaluation
2025-10-20 10:19:13,484 - model - INFO - Training linear model with params: {}
2025-10-20 10:19:13,486 - model - INFO - Stored trained model with ID: linear_0
2025-10-20 10:19:13,498 - model - WARNING - Failed to cache model object for linear_0: module 'joblib' has no attribute 'dumps'
2025-10-20 10:19:13,498 - model - INFO - Model linear trained successfully. CV Score: 12204820.6103
2025-10-20 10:19:14,155 - model - INFO - Checking cache for decision_tree with key: decision_tree_regression_[('max_depth', None), ('min_samples_leaf', 1), ('min_samples_split', 2)]
2025-10-20 10:19:14,155 - model - INFO - Using cached results for decision_tree
2025-10-20 10:19:14,155 - model - INFO - Retraining model with cached parameters for evaluation
2025-10-20 10:19:14,155 - model - INFO - Training decision_tree model with params: {'max_depth': None, 'min_samples_split': 2, 'min_samples_leaf': 1}
2025-10-20 10:19:14,184 - model - INFO - Stored trained model with ID: decision_tree_1
2025-10-20 10:19:14,307 - model - WARNING - Failed to cache model object for decision_tree_1: module 'joblib' has no attribute 'dumps'
2025-10-20 10:19:14,307 - model - INFO - Model decision_tree trained successfully. CV Score: 410490.4941
2025-10-20 10:30:20,255 - model - INFO - Checking cache for linear with key: linear_regression_[]
2025-10-20 10:30:20,257 - model - INFO - Using cached results for linear
2025-10-20 10:30:20,257 - model - INFO - Retraining model with cached parameters for evaluation
2025-10-20 10:30:20,257 - model - INFO - Training linear model with params: {}
2025-10-20 10:30:20,259 - model - INFO - Stored trained model with ID: linear_0
2025-10-20 10:30:20,272 - model - WARNING - Failed to cache model object for linear_0: module 'joblib' has no attribute 'dumps'
2025-10-20 10:30:20,272 - model - INFO - Model linear trained successfully. CV Score: 12204820.6103
2025-10-20 10:30:20,879 - model - INFO - Checking cache for decision_tree with key: decision_tree_regression_[('max_depth', None), ('min_samples_leaf', 1), ('min_samples_split', 2)]
2025-10-20 10:30:20,879 - model - INFO - Using cached results for decision_tree
2025-10-20 10:30:20,879 - model - INFO - Retraining model with cached parameters for evaluation
2025-10-20 10:30:20,879 - model - INFO - Training decision_tree model with params: {'max_depth': None, 'min_samples_split': 2, 'min_samples_leaf': 1}
2025-10-20 10:30:20,908 - model - INFO - Stored trained model with ID: decision_tree_1
2025-10-20 10:30:20,927 - model - INFO - Checking cache for linear with key: linear_regression_[]
2025-10-20 10:30:20,928 - model - INFO - Using cached results for linear
2025-10-20 10:30:20,928 - model - INFO - Retraining model with cached parameters for evaluation
2025-10-20 10:30:20,928 - model - INFO - Training linear model with params: {}
2025-10-20 10:30:20,936 - model - INFO - Stored trained model with ID: linear_0
2025-10-20 10:30:20,946 - model - WARNING - Failed to cache model object for linear_0: module 'joblib' has no attribute 'dumps'
2025-10-20 10:30:20,946 - model - INFO - Model linear trained successfully. CV Score: 12204820.6103
2025-10-20 10:30:21,034 - model - WARNING - Failed to cache model object for decision_tree_1: module 'joblib' has no attribute 'dumps'
2025-10-20 10:30:21,034 - model - INFO - Model decision_tree trained successfully. CV Score: 410490.4941
2025-10-20 10:30:21,891 - model - INFO - Checking cache for decision_tree with key: decision_tree_regression_[('max_depth', None), ('min_samples_leaf', 1), ('min_samples_split', 2)]
2025-10-20 10:30:21,892 - model - INFO - Using cached results for decision_tree
2025-10-20 10:30:21,892 - model - INFO - Retraining model with cached parameters for evaluation
2025-10-20 10:30:21,892 - model - INFO - Training decision_tree model with params: {'max_depth': None, 'min_samples_split': 2, 'min_samples_leaf': 1}
2025-10-20 10:30:21,920 - model - INFO - Stored trained model with ID: decision_tree_1
2025-10-20 10:30:22,035 - model - WARNING - Failed to cache model object for decision_tree_1: module 'joblib' has no attribute 'dumps'
2025-10-20 10:30:22,035 - model - INFO - Model decision_tree trained successfully. CV Score: 410490.4941
2025-10-20 10:30:22,555 - model - INFO - Checking cache for random_forest with key: random_forest_regression_[('max_depth', None), ('min_samples_leaf', 1), ('min_samples_split', 2), ('n_estimators', 100)]
2025-10-20 10:30:22,556 - model - INFO - Using cached results for random_forest
2025-10-20 10:30:22,556 - model - INFO - Retraining model with cached parameters for evaluation
2025-10-20 10:30:22,556 - model - INFO - Training random_forest model with params: {'n_estimators': 100, 'max_depth': None, 'min_samples_split': 2, 'min_samples_leaf': 1}
2025-10-20 10:30:23,551 - model - INFO - Checking cache for random_forest with key: random_forest_regression_[('max_depth', None), ('min_samples_leaf', 1), ('min_samples_split', 2), ('n_estimators', 100)]
2025-10-20 10:30:23,551 - model - INFO - Using cached results for random_forest
2025-10-20 10:30:23,551 - model - INFO - Retraining model with cached parameters for evaluation
2025-10-20 10:30:23,551 - model - INFO - Training random_forest model with params: {'n_estimators': 100, 'max_depth': None, 'min_samples_split': 2, 'min_samples_leaf': 1}
2025-10-20 10:30:24,296 - model - INFO - Stored trained model with ID: random_forest_2
2025-10-20 10:30:25,243 - model - INFO - Stored trained model with ID: random_forest_2
2025-10-20 10:30:31,149 - model - WARNING - Failed to cache model object for random_forest_2: module 'joblib' has no attribute 'dumps'
2025-10-20 10:30:31,150 - model - INFO - Model random_forest trained successfully. CV Score: 179276.2159
2025-10-20 10:30:32,437 - model - WARNING - Failed to cache model object for random_forest_2: module 'joblib' has no attribute 'dumps'
2025-10-20 10:30:32,438 - model - INFO - Model random_forest trained successfully. CV Score: 179276.2159
2025-10-20 10:31:57,513 - model - INFO - Model linear_0 evaluation completed. Test Score: 0.8445
2025-10-20 10:31:57,516 - model - INFO - Model decision_tree_1 evaluation completed. Test Score: 0.9961
2025-10-20 10:31:57,546 - model - INFO - Model random_forest_2 evaluation completed. Test Score: 0.9985
2025-10-20 10:31:57,811 - model - INFO - Model linear_0 evaluation completed. Test Score: 0.8445
2025-10-20 10:31:57,813 - model - INFO - Model decision_tree_1 evaluation completed. Test Score: 0.9961
2025-10-20 10:31:57,849 - model - INFO - Model random_forest_2 evaluation completed. Test Score: 0.9985
2025-10-20 10:31:58,532 - model - INFO - Checking cache for linear with key: linear_regression_[]
2025-10-20 10:31:58,533 - model - INFO - Using cached results for linear
2025-10-20 10:31:58,533 - model - INFO - Retraining model with cached parameters for evaluation
2025-10-20 10:31:58,533 - model - INFO - Training linear model with params: {}
2025-10-20 10:31:58,534 - model - INFO - Stored trained model with ID: linear_0
2025-10-20 10:31:58,543 - model - WARNING - Failed to cache model object for linear_0: module 'joblib' has no attribute 'dumps'
2025-10-20 10:31:58,543 - model - INFO - Model linear trained successfully. CV Score: 12204820.6103
2025-10-20 10:31:58,824 - model - INFO - Checking cache for decision_tree with key: decision_tree_regression_[('max_depth', None), ('min_samples_leaf', 1), ('min_samples_split', 2)]
2025-10-20 10:31:58,825 - model - INFO - Using cached results for decision_tree
2025-10-20 10:31:58,825 - model - INFO - Retraining model with cached parameters for evaluation
2025-10-20 10:31:58,825 - model - INFO - Training decision_tree model with params: {'max_depth': None, 'min_samples_split': 2, 'min_samples_leaf': 1}
2025-10-20 10:31:58,854 - model - INFO - Stored trained model with ID: decision_tree_1
2025-10-20 10:31:58,973 - model - WARNING - Failed to cache model object for decision_tree_1: module 'joblib' has no attribute 'dumps'
2025-10-20 10:31:58,973 - model - INFO - Model decision_tree trained successfully. CV Score: 410490.4941
2025-10-20 10:32:00,506 - model - INFO - Checking cache for random_forest with key: random_forest_regression_[('max_depth', None), ('min_samples_leaf', 1), ('min_samples_split', 2), ('n_estimators', 100)]
2025-10-20 10:32:00,507 - model - INFO - Using cached results for random_forest
2025-10-20 10:32:00,507 - model - INFO - Retraining model with cached parameters for evaluation
2025-10-20 10:32:00,507 - model - INFO - Training random_forest model with params: {'n_estimators': 100, 'max_depth': None, 'min_samples_split': 2, 'min_samples_leaf': 1}
2025-10-20 10:32:02,208 - model - INFO - Stored trained model with ID: random_forest_2
2025-10-20 10:32:09,149 - model - WARNING - Failed to cache model object for random_forest_2: module 'joblib' has no attribute 'dumps'
2025-10-20 10:32:09,150 - model - INFO - Model random_forest trained successfully. CV Score: 179276.2159
2025-10-20 10:33:33,819 - model - INFO - Model linear_0 evaluation completed. Test Score: 0.8445
2025-10-20 10:33:33,820 - model - INFO - Model decision_tree_1 evaluation completed. Test Score: 0.9961
2025-10-20 10:33:33,853 - model - INFO - Model random_forest_2 evaluation completed. Test Score: 0.9985
2025-10-20 10:34:05,398 - model - INFO - Checking cache for linear with key: linear_regression_[]
2025-10-20 10:34:05,400 - model - INFO - Using cached results for linear
2025-10-20 10:34:05,400 - model - INFO - Retraining model with cached parameters for evaluation
2025-10-20 10:34:05,400 - model - INFO - Training linear model with params: {}
2025-10-20 10:34:05,401 - model - INFO - Stored trained model with ID: linear_0
2025-10-20 10:34:05,410 - model - WARNING - Failed to cache model object for linear_0: module 'joblib' has no attribute 'dumps'
2025-10-20 10:34:05,411 - model - INFO - Model linear trained successfully. CV Score: 12204820.6103
2025-10-20 10:34:05,991 - model - INFO - Checking cache for decision_tree with key: decision_tree_regression_[('max_depth', None), ('min_samples_leaf', 1), ('min_samples_split', 2)]
2025-10-20 10:34:05,991 - model - INFO - Using cached results for decision_tree
2025-10-20 10:34:05,991 - model - INFO - Retraining model with cached parameters for evaluation
2025-10-20 10:34:05,991 - model - INFO - Training decision_tree model with params: {'max_depth': None, 'min_samples_split': 2, 'min_samples_leaf': 1}
2025-10-20 10:34:06,022 - model - INFO - Stored trained model with ID: decision_tree_1
2025-10-20 10:34:06,146 - model - WARNING - Failed to cache model object for decision_tree_1: module 'joblib' has no attribute 'dumps'
2025-10-20 10:34:06,146 - model - INFO - Model decision_tree trained successfully. CV Score: 410490.4941
2025-10-20 10:34:07,769 - model - INFO - Checking cache for random_forest with key: random_forest_regression_[('max_depth', None), ('min_samples_leaf', 1), ('min_samples_split', 2), ('n_estimators', 100)]
2025-10-20 10:34:07,769 - model - INFO - Using cached results for random_forest
2025-10-20 10:34:07,769 - model - INFO - Retraining model with cached parameters for evaluation
2025-10-20 10:34:07,769 - model - INFO - Training random_forest model with params: {'n_estimators': 100, 'max_depth': None, 'min_samples_split': 2, 'min_samples_leaf': 1}
2025-10-20 10:34:09,430 - model - INFO - Stored trained model with ID: random_forest_2
2025-10-20 10:34:16,239 - model - WARNING - Failed to cache model object for random_forest_2: module 'joblib' has no attribute 'dumps'
2025-10-20 10:34:16,239 - model - INFO - Model random_forest trained successfully. CV Score: 179276.2159
2025-10-20 10:35:39,249 - model - INFO - Model linear_0 evaluation completed. Test Score: 0.8445
2025-10-20 10:35:39,252 - model - INFO - Model decision_tree_1 evaluation completed. Test Score: 0.9961
2025-10-20 10:35:39,286 - model - INFO - Model random_forest_2 evaluation completed. Test Score: 0.9985
2025-10-20 10:35:40,058 - model - INFO - Checking cache for linear with key: linear_regression_[]
2025-10-20 10:35:40,059 - model - INFO - Using cached results for linear
2025-10-20 10:35:40,059 - model - INFO - Retraining model with cached parameters for evaluation
2025-10-20 10:35:40,059 - model - INFO - Training linear model with params: {}
2025-10-20 10:35:40,060 - model - INFO - Stored trained model with ID: linear_0
2025-10-20 10:35:40,070 - model - WARNING - Failed to cache model object for linear_0: module 'joblib' has no attribute 'dumps'
2025-10-20 10:35:40,070 - model - INFO - Model linear trained successfully. CV Score: 12204820.6103
2025-10-20 10:35:40,407 - model - INFO - Checking cache for decision_tree with key: decision_tree_regression_[('max_depth', None), ('min_samples_leaf', 1), ('min_samples_split', 2)]
2025-10-20 10:35:40,408 - model - INFO - Using cached results for decision_tree
2025-10-20 10:35:40,408 - model - INFO - Retraining model with cached parameters for evaluation
2025-10-20 10:35:40,408 - model - INFO - Training decision_tree model with params: {'max_depth': None, 'min_samples_split': 2, 'min_samples_leaf': 1}
2025-10-20 10:35:40,434 - model - INFO - Stored trained model with ID: decision_tree_1
2025-10-20 10:35:40,545 - model - WARNING - Failed to cache model object for decision_tree_1: module 'joblib' has no attribute 'dumps'
2025-10-20 10:35:40,545 - model - INFO - Model decision_tree trained successfully. CV Score: 410490.4941
2025-10-20 10:35:42,108 - model - INFO - Checking cache for random_forest with key: random_forest_regression_[('max_depth', None), ('min_samples_leaf', 1), ('min_samples_split', 2), ('n_estimators', 100)]
2025-10-20 10:35:42,109 - model - INFO - Using cached results for random_forest
2025-10-20 10:35:42,109 - model - INFO - Retraining model with cached parameters for evaluation
2025-10-20 10:35:42,109 - model - INFO - Training random_forest model with params: {'n_estimators': 100, 'max_depth': None, 'min_samples_split': 2, 'min_samples_leaf': 1}
2025-10-20 10:35:43,754 - model - INFO - Stored trained model with ID: random_forest_2
2025-10-20 10:35:50,560 - model - WARNING - Failed to cache model object for random_forest_2: module 'joblib' has no attribute 'dumps'
2025-10-20 10:35:50,561 - model - INFO - Model random_forest trained successfully. CV Score: 179276.2159
2025-10-20 10:37:13,707 - model - INFO - Model linear_0 evaluation completed. Test Score: 0.8445
2025-10-20 10:37:13,713 - model - INFO - Model decision_tree_1 evaluation completed. Test Score: 0.9961
2025-10-20 10:37:13,741 - model - INFO - Model random_forest_2 evaluation completed. Test Score: 0.9985
2025-10-20 10:53:07,164 - model - INFO - Checking cache for linear with key: linear_regression_[]_3660045181623936696
2025-10-20 10:53:07,166 - model - INFO - Cache feature mismatch, retraining linear
2025-10-20 10:53:07,168 - model - INFO - Applied StandardScaler to features for linear model
2025-10-20 10:53:07,168 - model - INFO - Training linear model with params: {}
2025-10-20 10:53:07,178 - model - INFO - Stored trained model with ID: linear_0
2025-10-20 10:53:29,684 - model - INFO - Checking cache for linear with key: linear_regression_[]_-9602321375836467
2025-10-20 10:53:29,685 - model - INFO - Cache feature mismatch, retraining linear
2025-10-20 10:53:29,687 - model - INFO - Applied StandardScaler to features for linear model
2025-10-20 10:53:29,687 - model - INFO - Training linear model with params: {}
2025-10-20 10:53:29,689 - model - INFO - Stored trained model with ID: linear_0
2025-10-20 10:54:06,599 - model - INFO - Checking cache for linear with key: linear_regression_[]_8403353256444657129
2025-10-20 10:54:06,601 - model - INFO - Cache feature mismatch, retraining linear
2025-10-20 10:54:06,603 - model - INFO - Applied StandardScaler to features for linear model
2025-10-20 10:54:06,603 - model - INFO - Training linear model with params: {}
2025-10-20 10:54:06,605 - model - INFO - Stored trained model with ID: linear_0
2025-10-20 10:54:06,618 - model - WARNING - Failed to cache model object for linear_0: module 'joblib' has no attribute 'dumps'
2025-10-20 10:54:06,618 - model - INFO - Model linear trained successfully. CV Score: -0.0094
2025-10-20 10:54:06,619 - model - INFO - Model linear_0 evaluation completed. Test Score: 0.0277
2025-10-20 10:54:06,619 - model - INFO - Checking cache for random_forest with key: random_forest_regression_[]_8403353256444657129
2025-10-20 10:54:06,619 - model - INFO - Cache miss for random_forest - training new model
2025-10-20 10:54:06,619 - model - INFO - Training random_forest model with params: {}
2025-10-20 10:54:06,742 - model - INFO - Stored trained model with ID: random_forest_1
2025-10-20 10:54:07,278 - model - WARNING - Failed to cache model object for random_forest_1: module 'joblib' has no attribute 'dumps'
2025-10-20 10:54:07,278 - model - INFO - Model random_forest trained successfully. CV Score: -0.1775
2025-10-20 10:54:07,284 - model - INFO - Model random_forest_1 evaluation completed. Test Score: 0.9637
2025-10-20 10:54:07,284 - model - INFO - Checking cache for linear with key: linear_regression_[]_8403353256444657129
2025-10-20 10:54:07,284 - model - INFO - Using cached results for linear
2025-10-20 10:54:07,284 - model - WARNING - Failed to load cached model: name 'cache' is not defined, retraining
2025-10-20 10:54:07,285 - model - INFO - Applied StandardScaler to features for linear model
2025-10-20 10:54:07,285 - model - INFO - Training linear model with params: {}
2025-10-20 10:54:07,285 - model - INFO - Stored trained model with ID: linear_2
2025-10-20 10:54:07,297 - model - WARNING - Failed to cache model object for linear_2: module 'joblib' has no attribute 'dumps'
2025-10-20 10:54:07,298 - model - INFO - Model linear trained successfully. CV Score: -0.0094
2025-10-20 10:59:17,144 - model - INFO - Checking cache for linear with key: linear_regression_[]_4112581350158666365
2025-10-20 10:59:17,146 - model - INFO - Cache feature mismatch, retraining linear
2025-10-20 10:59:17,147 - model - INFO - Applied StandardScaler to features for linear model
2025-10-20 10:59:17,147 - model - INFO - Training linear model with params: {}
2025-10-20 10:59:17,151 - model - INFO - Stored trained model with ID: linear_0
2025-10-20 10:59:17,169 - model - WARNING - Failed to cache model object for linear_0: module 'joblib' has no attribute 'dumps'
2025-10-20 10:59:17,169 - model - INFO - Model linear trained successfully. CV Score: -12204820.6103
2025-10-20 10:59:19,037 - model - INFO - Checking cache for decision_tree with key: decision_tree_regression_[('max_depth', None), ('min_samples_leaf', 1), ('min_samples_split', 2)]_4112581350158666365
2025-10-20 10:59:19,037 - model - INFO - Cache feature mismatch, retraining decision_tree
2025-10-20 10:59:19,037 - model - INFO - Training decision_tree model with params: {'max_depth': None, 'min_samples_split': 2, 'min_samples_leaf': 1}
2025-10-20 10:59:19,068 - model - INFO - Stored trained model with ID: decision_tree_1
2025-10-20 10:59:19,176 - model - WARNING - Failed to cache model object for decision_tree_1: module 'joblib' has no attribute 'dumps'
2025-10-20 10:59:19,176 - model - INFO - Model decision_tree trained successfully. CV Score: -410490.4941
2025-10-20 10:59:22,308 - model - INFO - Checking cache for random_forest with key: random_forest_regression_[('max_depth', None), ('min_samples_leaf', 1), ('min_samples_split', 2), ('n_estimators', 100)]_4112581350158666365
2025-10-20 10:59:22,310 - model - INFO - Cache feature mismatch, retraining random_forest
2025-10-20 10:59:22,310 - model - INFO - Training random_forest model with params: {'n_estimators': 100, 'max_depth': None, 'min_samples_split': 2, 'min_samples_leaf': 1}
2025-10-20 10:59:23,878 - model - INFO - Stored trained model with ID: random_forest_2
2025-10-20 10:59:30,280 - model - WARNING - Failed to cache model object for random_forest_2: module 'joblib' has no attribute 'dumps'
2025-10-20 10:59:30,280 - model - INFO - Model random_forest trained successfully. CV Score: -179276.2159
2025-10-20 11:01:22,252 - model - INFO - Checking cache for linear with key: linear_regression_[]_3219735720061328739
2025-10-20 11:01:22,260 - model - INFO - Using cached results for linear
2025-10-20 11:01:22,260 - model - WARNING - Failed to load cached model: name 'cache' is not defined, retraining
2025-10-20 11:01:22,261 - model - INFO - Applied StandardScaler to features for linear model
2025-10-20 11:01:22,261 - model - INFO - Training linear model with params: {}
2025-10-20 11:01:22,263 - model - INFO - Stored trained model with ID: linear_0
2025-10-20 11:01:22,278 - model - WARNING - Failed to cache model object for linear_0: module 'joblib' has no attribute 'dumps'
2025-10-20 11:01:22,278 - model - INFO - Model linear trained successfully. CV Score: -12204820.6103
2025-10-20 11:01:24,083 - model - INFO - Checking cache for decision_tree with key: decision_tree_regression_[('max_depth', None), ('min_samples_leaf', 1), ('min_samples_split', 2)]_3219735720061328739
2025-10-20 11:01:24,083 - model - INFO - Using cached results for decision_tree
2025-10-20 11:01:24,083 - model - WARNING - Failed to load cached model: name 'cache' is not defined, retraining
2025-10-20 11:01:24,083 - model - INFO - Training decision_tree model with params: {'max_depth': None, 'min_samples_split': 2, 'min_samples_leaf': 1}
2025-10-20 11:01:24,111 - model - INFO - Stored trained model with ID: decision_tree_1
2025-10-20 11:01:24,226 - model - WARNING - Failed to cache model object for decision_tree_1: module 'joblib' has no attribute 'dumps'
2025-10-20 11:01:24,226 - model - INFO - Model decision_tree trained successfully. CV Score: -410490.4941
2025-10-20 11:01:27,060 - model - INFO - Checking cache for random_forest with key: random_forest_regression_[('max_depth', None), ('min_samples_leaf', 1), ('min_samples_split', 2), ('n_estimators', 100)]_3219735720061328739
2025-10-20 11:01:27,061 - model - INFO - Using cached results for random_forest
2025-10-20 11:01:27,061 - model - WARNING - Failed to load cached model: name 'cache' is not defined, retraining
2025-10-20 11:01:27,061 - model - INFO - Training random_forest model with params: {'n_estimators': 100, 'max_depth': None, 'min_samples_split': 2, 'min_samples_leaf': 1}
2025-10-20 11:01:28,749 - model - INFO - Stored trained model with ID: random_forest_2
2025-10-20 11:01:32,529 - model - INFO - Model linear_0 evaluation completed. Test Score: 0.8438
2025-10-20 11:01:32,530 - model - INFO - Model decision_tree_1 evaluation completed. Test Score: 0.9961
2025-10-20 11:01:32,568 - model - INFO - Model random_forest_2 evaluation completed. Test Score: 0.9985
2025-10-20 11:01:35,705 - model - WARNING - Failed to cache model object for random_forest_2: module 'joblib' has no attribute 'dumps'
2025-10-20 11:01:35,705 - model - INFO - Model random_forest trained successfully. CV Score: -179276.2159
2025-10-20 11:19:16,589 - model - INFO - Checking cache for linear with key: linear_regression_[]_-2133837396466130996
2025-10-20 11:19:16,595 - model - INFO - Using cached results for linear
2025-10-20 11:19:16,595 - model - WARNING - Failed to load cached model: name 'cache' is not defined, retraining
2025-10-20 11:19:16,596 - model - INFO - Applied StandardScaler to features for linear model
2025-10-20 11:19:16,596 - model - INFO - Training linear model with params: {}
2025-10-20 11:19:16,598 - model - INFO - Stored trained model with ID: linear_0
2025-10-20 11:19:16,611 - model - WARNING - Failed to cache model object for linear_0: module 'joblib' has no attribute 'dumps'
2025-10-20 11:19:16,611 - model - INFO - Model linear trained successfully. CV Score: -12204820.6103
2025-10-20 11:19:18,205 - model - INFO - Checking cache for decision_tree with key: decision_tree_regression_[('max_depth', None), ('min_samples_leaf', 1), ('min_samples_split', 2)]_-2133837396466130996
2025-10-20 11:19:18,215 - model - INFO - Using cached results for decision_tree
2025-10-20 11:19:18,215 - model - WARNING - Failed to load cached model: name 'cache' is not defined, retraining
2025-10-20 11:19:18,215 - model - INFO - Training decision_tree model with params: {'max_depth': None, 'min_samples_split': 2, 'min_samples_leaf': 1}
2025-10-20 11:19:18,244 - model - INFO - Stored trained model with ID: decision_tree_1
2025-10-20 11:19:18,388 - model - WARNING - Failed to cache model object for decision_tree_1: module 'joblib' has no attribute 'dumps'
2025-10-20 11:19:18,388 - model - INFO - Model decision_tree trained successfully. CV Score: -410490.4941
2025-10-20 11:19:21,290 - model - INFO - Checking cache for random_forest with key: random_forest_regression_[('max_depth', None), ('min_samples_leaf', 1), ('min_samples_split', 2), ('n_estimators', 100)]_-2133837396466130996
2025-10-20 11:19:21,290 - model - INFO - Using cached results for random_forest
2025-10-20 11:19:21,290 - model - WARNING - Failed to load cached model: name 'cache' is not defined, retraining
2025-10-20 11:19:21,291 - model - INFO - Training random_forest model with params: {'n_estimators': 100, 'max_depth': None, 'min_samples_split': 2, 'min_samples_leaf': 1}
2025-10-20 11:19:22,928 - model - INFO - Stored trained model with ID: random_forest_2
2025-10-20 11:19:29,515 - model - WARNING - Failed to cache model object for random_forest_2: module 'joblib' has no attribute 'dumps'
2025-10-20 11:19:29,515 - model - INFO - Model random_forest trained successfully. CV Score: -179276.2159
2025-10-20 11:21:31,338 - model - INFO - Model linear_0 evaluation completed. Test Score: 0.8438
2025-10-20 11:21:31,339 - model - INFO - Model decision_tree_1 evaluation completed. Test Score: 0.9961
2025-10-20 11:21:31,376 - model - INFO - Model random_forest_2 evaluation completed. Test Score: 0.9985
2025-10-20 11:21:32,294 - model - INFO - Checking cache for linear with key: linear_regression_[]_-2133837396466130996
2025-10-20 11:21:32,295 - model - INFO - Using cached results for linear
2025-10-20 11:21:32,295 - model - WARNING - Failed to load cached model: name 'cache' is not defined, retraining
2025-10-20 11:21:32,296 - model - INFO - Applied StandardScaler to features for linear model
2025-10-20 11:21:32,296 - model - INFO - Training linear model with params: {}
2025-10-20 11:21:32,297 - model - INFO - Stored trained model with ID: linear_0
2025-10-20 11:21:32,311 - model - WARNING - Failed to cache model object for linear_0: module 'joblib' has no attribute 'dumps'
2025-10-20 11:21:32,311 - model - INFO - Model linear trained successfully. CV Score: -12204820.6103
2025-10-20 11:21:33,412 - model - INFO - Checking cache for decision_tree with key: decision_tree_regression_[('max_depth', None), ('min_samples_leaf', 1), ('min_samples_split', 2)]_-2133837396466130996
2025-10-20 11:21:33,413 - model - INFO - Using cached results for decision_tree
2025-10-20 11:21:33,413 - model - WARNING - Failed to load cached model: name 'cache' is not defined, retraining
2025-10-20 11:21:33,413 - model - INFO - Training decision_tree model with params: {'max_depth': None, 'min_samples_split': 2, 'min_samples_leaf': 1}
2025-10-20 11:21:33,440 - model - INFO - Stored trained model with ID: decision_tree_1
2025-10-20 11:21:33,556 - model - WARNING - Failed to cache model object for decision_tree_1: module 'joblib' has no attribute 'dumps'
2025-10-20 11:21:33,556 - model - INFO - Model decision_tree trained successfully. CV Score: -410490.4941
2025-10-20 11:21:36,395 - model - INFO - Checking cache for random_forest with key: random_forest_regression_[('max_depth', None), ('min_samples_leaf', 1), ('min_samples_split', 2), ('n_estimators', 100)]_-2133837396466130996
2025-10-20 11:21:36,395 - model - INFO - Using cached results for random_forest
2025-10-20 11:21:36,395 - model - WARNING - Failed to load cached model: name 'cache' is not defined, retraining
2025-10-20 11:21:36,395 - model - INFO - Training random_forest model with params: {'n_estimators': 100, 'max_depth': None, 'min_samples_split': 2, 'min_samples_leaf': 1}
2025-10-20 11:21:38,073 - model - INFO - Stored trained model with ID: random_forest_2
2025-10-20 11:21:44,864 - model - WARNING - Failed to cache model object for random_forest_2: module 'joblib' has no attribute 'dumps'
2025-10-20 11:21:44,864 - model - INFO - Model random_forest trained successfully. CV Score: -179276.2159
2025-10-20 11:23:45,345 - model - INFO - Model linear_0 evaluation completed. Test Score: 0.8438
2025-10-20 11:23:45,350 - model - INFO - Model decision_tree_1 evaluation completed. Test Score: 0.9961
2025-10-20 11:23:45,379 - model - INFO - Model random_forest_2 evaluation completed. Test Score: 0.9985
2025-10-20 12:20:41,963 - model - INFO - Checking cache for linear with key: linear_regression_[]_4741567912867336068
2025-10-20 12:20:41,966 - model - INFO - Using cached results for linear
2025-10-20 12:20:41,966 - model - WARNING - Failed to load cached model: name 'cache' is not defined, retraining
2025-10-20 12:20:41,967 - model - INFO - Applied StandardScaler to features for linear model
2025-10-20 12:20:41,967 - model - INFO - Training linear model with params: {}
2025-10-20 12:20:41,974 - model - INFO - Stored trained model with ID: linear_0
2025-10-20 12:20:41,991 - model - WARNING - Failed to cache model object for linear_0: module 'joblib' has no attribute 'dumps'
2025-10-20 12:20:41,991 - model - INFO - Model linear trained successfully. CV Score: -12204820.6103
2025-10-20 12:20:43,453 - model - INFO - Checking cache for decision_tree with key: decision_tree_regression_[('max_depth', None), ('min_samples_leaf', 1), ('min_samples_split', 2)]_4741567912867336068
2025-10-20 12:20:43,453 - model - INFO - Using cached results for decision_tree
2025-10-20 12:20:43,453 - model - WARNING - Failed to load cached model: name 'cache' is not defined, retraining
2025-10-20 12:20:43,453 - model - INFO - Training decision_tree model with params: {'max_depth': None, 'min_samples_split': 2, 'min_samples_leaf': 1}
2025-10-20 12:20:43,482 - model - INFO - Stored trained model with ID: decision_tree_1
2025-10-20 12:20:43,586 - model - WARNING - Failed to cache model object for decision_tree_1: module 'joblib' has no attribute 'dumps'
2025-10-20 12:20:43,586 - model - INFO - Model decision_tree trained successfully. CV Score: -410490.4941
2025-10-20 12:20:46,283 - model - INFO - Checking cache for random_forest with key: random_forest_regression_[('max_depth', None), ('min_samples_leaf', 1), ('min_samples_split', 2), ('n_estimators', 100)]_4741567912867336068
2025-10-20 12:20:46,284 - model - INFO - Using cached results for random_forest
2025-10-20 12:20:46,285 - model - WARNING - Failed to load cached model: name 'cache' is not defined, retraining
2025-10-20 12:20:46,285 - model - INFO - Training random_forest model with params: {'n_estimators': 100, 'max_depth': None, 'min_samples_split': 2, 'min_samples_leaf': 1}
2025-10-20 12:20:47,932 - model - INFO - Stored trained model with ID: random_forest_2
2025-10-20 12:20:54,445 - model - WARNING - Failed to cache model object for random_forest_2: module 'joblib' has no attribute 'dumps'
2025-10-20 12:20:54,446 - model - INFO - Model random_forest trained successfully. CV Score: -179276.2159
2025-10-20 12:22:57,154 - model - INFO - Model linear_0 evaluation completed. Test Score: 0.8438
2025-10-20 12:22:57,157 - model - INFO - Model decision_tree_1 evaluation completed. Test Score: 0.9961
2025-10-20 12:22:57,187 - model - INFO - Model random_forest_2 evaluation completed. Test Score: 0.9985
2025-10-20 12:22:58,251 - model - INFO - Checking cache for linear with key: linear_regression_[]_4741567912867336068
2025-10-20 12:22:58,251 - model - INFO - Using cached results for linear
2025-10-20 12:22:58,251 - model - WARNING - Failed to load cached model: name 'cache' is not defined, retraining
2025-10-20 12:22:58,253 - model - INFO - Applied StandardScaler to features for linear model
2025-10-20 12:22:58,253 - model - INFO - Training linear model with params: {}
2025-10-20 12:22:58,255 - model - INFO - Stored trained model with ID: linear_0
2025-10-20 12:22:58,271 - model - WARNING - Failed to cache model object for linear_0: module 'joblib' has no attribute 'dumps'
2025-10-20 12:22:58,271 - model - INFO - Model linear trained successfully. CV Score: -12204820.6103
2025-10-20 12:22:59,382 - model - INFO - Checking cache for decision_tree with key: decision_tree_regression_[('max_depth', None), ('min_samples_leaf', 1), ('min_samples_split', 2)]_4741567912867336068
2025-10-20 12:22:59,382 - model - INFO - Using cached results for decision_tree
2025-10-20 12:22:59,382 - model - WARNING - Failed to load cached model: name 'cache' is not defined, retraining
2025-10-20 12:22:59,382 - model - INFO - Training decision_tree model with params: {'max_depth': None, 'min_samples_split': 2, 'min_samples_leaf': 1}
2025-10-20 12:22:59,410 - model - INFO - Stored trained model with ID: decision_tree_1
2025-10-20 12:22:59,524 - model - WARNING - Failed to cache model object for decision_tree_1: module 'joblib' has no attribute 'dumps'
2025-10-20 12:22:59,524 - model - INFO - Model decision_tree trained successfully. CV Score: -410490.4941
2025-10-20 12:23:02,455 - model - INFO - Checking cache for random_forest with key: random_forest_regression_[('max_depth', None), ('min_samples_leaf', 1), ('min_samples_split', 2), ('n_estimators', 100)]_4741567912867336068
2025-10-20 12:23:02,456 - model - INFO - Using cached results for random_forest
2025-10-20 12:23:02,456 - model - WARNING - Failed to load cached model: name 'cache' is not defined, retraining
2025-10-20 12:23:02,456 - model - INFO - Training random_forest model with params: {'n_estimators': 100, 'max_depth': None, 'min_samples_split': 2, 'min_samples_leaf': 1}
2025-10-20 12:23:04,136 - model - INFO - Stored trained model with ID: random_forest_2
2025-10-20 12:23:11,027 - model - WARNING - Failed to cache model object for random_forest_2: module 'joblib' has no attribute 'dumps'
2025-10-20 12:23:11,027 - model - INFO - Model random_forest trained successfully. CV Score: -179276.2159
2025-10-20 12:25:13,575 - model - INFO - Model linear_0 evaluation completed. Test Score: 0.8438
2025-10-20 12:25:13,578 - model - INFO - Model decision_tree_1 evaluation completed. Test Score: 0.9961
2025-10-20 12:25:13,613 - model - INFO - Model random_forest_2 evaluation completed. Test Score: 0.9985
2025-10-20 13:46:18,149 - model - INFO - Checking cache for linear with key: linear_regression_[]_-5894487252191956419
2025-10-20 13:46:18,152 - model - INFO - Using cached results for linear
2025-10-20 13:46:18,152 - model - WARNING - Failed to load cached model: name 'cache' is not defined, retraining
2025-10-20 13:46:18,153 - model - INFO - Applied StandardScaler to features for linear model
2025-10-20 13:46:18,153 - model - INFO - Training linear model with params: {}
2025-10-20 13:46:18,161 - model - INFO - Stored trained model with ID: linear_0
2025-10-20 13:46:18,176 - model - WARNING - Failed to cache model object for linear_0: module 'joblib' has no attribute 'dumps'
2025-10-20 13:46:18,176 - model - INFO - Model linear trained successfully. CV Score: -12204820.6103
2025-10-20 13:46:19,668 - model - INFO - Checking cache for decision_tree with key: decision_tree_regression_[('max_depth', None), ('min_samples_leaf', 1), ('min_samples_split', 2)]_-5894487252191956419
2025-10-20 13:46:19,668 - model - INFO - Using cached results for decision_tree
2025-10-20 13:46:19,668 - model - WARNING - Failed to load cached model: name 'cache' is not defined, retraining
2025-10-20 13:46:19,668 - model - INFO - Training decision_tree model with params: {'max_depth': None, 'min_samples_split': 2, 'min_samples_leaf': 1}
2025-10-20 13:46:19,697 - model - INFO - Stored trained model with ID: decision_tree_1
2025-10-20 13:46:19,804 - model - WARNING - Failed to cache model object for decision_tree_1: module 'joblib' has no attribute 'dumps'
2025-10-20 13:46:19,804 - model - INFO - Model decision_tree trained successfully. CV Score: -410490.4941
2025-10-20 13:46:22,688 - model - INFO - Checking cache for random_forest with key: random_forest_regression_[('max_depth', None), ('min_samples_leaf', 1), ('min_samples_split', 2), ('n_estimators', 100)]_-5894487252191956419
2025-10-20 13:46:22,689 - model - INFO - Using cached results for random_forest
2025-10-20 13:46:22,689 - model - WARNING - Failed to load cached model: name 'cache' is not defined, retraining
2025-10-20 13:46:22,689 - model - INFO - Training random_forest model with params: {'n_estimators': 100, 'max_depth': None, 'min_samples_split': 2, 'min_samples_leaf': 1}
2025-10-20 13:46:24,234 - model - INFO - Stored trained model with ID: random_forest_2
2025-10-20 13:46:30,591 - model - WARNING - Failed to cache model object for random_forest_2: module 'joblib' has no attribute 'dumps'
2025-10-20 13:46:30,591 - model - INFO - Model random_forest trained successfully. CV Score: -179276.2159
2025-10-20 13:48:30,109 - model - INFO - Model linear_0 evaluation completed. Test Score: 0.8438
2025-10-20 13:48:30,110 - model - INFO - Model decision_tree_1 evaluation completed. Test Score: 0.9961
2025-10-20 13:48:30,137 - model - INFO - Model random_forest_2 evaluation completed. Test Score: 0.9985
2025-10-20 13:48:31,252 - model - INFO - Checking cache for linear with key: linear_regression_[]_-5894487252191956419
2025-10-20 13:48:31,253 - model - INFO - Using cached results for linear
2025-10-20 13:48:31,253 - model - WARNING - Failed to load cached model: name 'cache' is not defined, retraining
2025-10-20 13:48:31,254 - model - INFO - Applied StandardScaler to features for linear model
2025-10-20 13:48:31,254 - model - INFO - Training linear model with params: {}
2025-10-20 13:48:31,255 - model - INFO - Stored trained model with ID: linear_0
2025-10-20 13:48:31,269 - model - WARNING - Failed to cache model object for linear_0: module 'joblib' has no attribute 'dumps'
2025-10-20 13:48:31,269 - model - INFO - Model linear trained successfully. CV Score: -12204820.6103
2025-10-20 13:48:32,419 - model - INFO - Checking cache for decision_tree with key: decision_tree_regression_[('max_depth', None), ('min_samples_leaf', 1), ('min_samples_split', 2)]_-5894487252191956419
2025-10-20 13:48:32,419 - model - INFO - Using cached results for decision_tree
2025-10-20 13:48:32,419 - model - WARNING - Failed to load cached model: name 'cache' is not defined, retraining
2025-10-20 13:48:32,419 - model - INFO - Training decision_tree model with params: {'max_depth': None, 'min_samples_split': 2, 'min_samples_leaf': 1}
2025-10-20 13:48:32,445 - model - INFO - Stored trained model with ID: decision_tree_1
2025-10-20 13:48:32,559 - model - WARNING - Failed to cache model object for decision_tree_1: module 'joblib' has no attribute 'dumps'
2025-10-20 13:48:32,559 - model - INFO - Model decision_tree trained successfully. CV Score: -410490.4941
2025-10-20 13:48:35,438 - model - INFO - Checking cache for random_forest with key: random_forest_regression_[('max_depth', None), ('min_samples_leaf', 1), ('min_samples_split', 2), ('n_estimators', 100)]_-5894487252191956419
2025-10-20 13:48:35,438 - model - INFO - Using cached results for random_forest
2025-10-20 13:48:35,438 - model - WARNING - Failed to load cached model: name 'cache' is not defined, retraining
2025-10-20 13:48:35,438 - model - INFO - Training random_forest model with params: {'n_estimators': 100, 'max_depth': None, 'min_samples_split': 2, 'min_samples_leaf': 1}
2025-10-20 13:48:37,080 - model - INFO - Stored trained model with ID: random_forest_2
2025-10-20 13:48:43,739 - model - WARNING - Failed to cache model object for random_forest_2: module 'joblib' has no attribute 'dumps'
2025-10-20 13:48:43,739 - model - INFO - Model random_forest trained successfully. CV Score: -179276.2159
2025-10-20 13:50:44,764 - model - INFO - Model linear_0 evaluation completed. Test Score: 0.8438
2025-10-20 13:50:44,767 - model - INFO - Model decision_tree_1 evaluation completed. Test Score: 0.9961
2025-10-20 13:50:44,795 - model - INFO - Model random_forest_2 evaluation completed. Test Score: 0.9985
2025-10-20 16:13:53,705 - model - INFO - Checking cache for linear with key: linear_regression_[('polynomial_degree', 2)]_1559212764546850434
2025-10-20 16:13:53,757 - model - INFO - Cache miss for linear - training new model
2025-10-20 17:02:53,642 - model - INFO - Checking cache for linear with key: linear_regression_[('polynomial_degree', 2)]_-5058091075258358849
2025-10-20 17:02:53,648 - model - INFO - Cache miss for linear - training new model
2025-10-20 17:02:53,650 - model - INFO - Applied polynomial features (degree 2) to linear model
2025-10-20 17:02:53,650 - model - INFO - Applied StandardScaler to features for linear model
2025-10-20 17:25:47,467 - model - INFO - Checking cache for linear with key: linear_regression_[('polynomial_degree', 2)]_-8933840722324498270
2025-10-20 17:25:47,468 - model - INFO - Cache miss for linear - training new model
2025-10-20 17:25:47,469 - model - INFO - Applied polynomial features (degree 2) to linear model
2025-10-20 17:25:47,471 - model - INFO - Applied StandardScaler to features for linear model
2025-10-20 17:25:47,471 - model - INFO - Training linear model with params: {'polynomial_degree': 2}
2025-10-20 17:25:47,481 - model - INFO - Stored trained model with ID: linear_0
2025-10-20 17:25:47,545 - model - WARNING - Failed to cache model object for linear_0: module 'joblib' has no attribute 'dumps'
2025-10-20 17:25:47,545 - model - INFO - Model linear trained successfully. CV Score: -0.0345
2025-10-20 17:26:07,748 - model - INFO - Checking cache for linear with key: linear_regression_[('polynomial_degree', 2)]_1603744582397529251
2025-10-20 17:26:07,748 - model - INFO - Using cached results for linear
2025-10-20 17:26:07,748 - model - WARNING - Failed to load cached model: name 'cache' is not defined, retraining
2025-10-20 17:26:07,750 - model - INFO - Applied polynomial features (degree 2) to linear model
2025-10-20 17:26:07,751 - model - INFO - Applied StandardScaler to features for linear model
2025-10-20 17:26:07,751 - model - INFO - Training linear model with params: {'polynomial_degree': 2}
2025-10-20 17:26:07,752 - model - INFO - Stored trained model with ID: linear_0
2025-10-20 17:26:07,766 - model - WARNING - Failed to cache model object for linear_0: module 'joblib' has no attribute 'dumps'
2025-10-20 17:26:07,766 - model - INFO - Model linear trained successfully. CV Score: -0.0345
2025-10-20 17:26:07,767 - model - INFO - Starting hyperparameter tuning for linear
2025-10-20 17:26:20,213 - model - INFO - Checking cache for linear with key: linear_regression_[('polynomial_degree', 2)]_4884810027542061197
2025-10-20 17:26:20,214 - model - INFO - Using cached results for linear
2025-10-20 17:26:20,214 - model - WARNING - Failed to load cached model: name 'cache' is not defined, retraining
2025-10-20 17:26:20,215 - model - INFO - Applied polynomial features (degree 2) to linear model
2025-10-20 17:26:20,216 - model - INFO - Applied StandardScaler to features for linear model
2025-10-20 17:26:20,216 - model - INFO - Training linear model with params: {'polynomial_degree': 2}
2025-10-20 17:26:20,217 - model - INFO - Stored trained model with ID: linear_0
2025-10-20 17:26:20,232 - model - WARNING - Failed to cache model object for linear_0: module 'joblib' has no attribute 'dumps'
2025-10-20 17:26:20,233 - model - INFO - Model linear trained successfully. CV Score: -0.0345
2025-10-20 17:26:20,234 - model - INFO - Starting hyperparameter tuning for linear
2025-10-20 17:26:45,861 - model - INFO - Checking cache for linear with key: linear_regression_[('polynomial_degree', 2)]_315358162871870792
2025-10-20 17:26:45,861 - model - INFO - Using cached results for linear
2025-10-20 17:26:45,861 - model - WARNING - Failed to load cached model: name 'cache' is not defined, retraining
2025-10-20 17:26:45,862 - model - INFO - Applied polynomial features (degree 2) to linear model
2025-10-20 17:26:45,864 - model - INFO - Applied StandardScaler to features for linear model
2025-10-20 17:26:45,864 - model - INFO - Training linear model with params: {'polynomial_degree': 2}
2025-10-20 17:26:45,865 - model - INFO - Stored trained model with ID: linear_0
2025-10-20 17:26:45,878 - model - WARNING - Failed to cache model object for linear_0: module 'joblib' has no attribute 'dumps'
2025-10-20 17:26:45,878 - model - INFO - Model linear trained successfully. CV Score: -0.0345
2025-10-20 17:26:45,879 - model - INFO - Starting hyperparameter tuning for linear
2025-10-20 17:54:18,206 - model - INFO - Checking cache for linear with key: linear_regression_[('polynomial_degree', 2)]_7867192060182181605
2025-10-20 17:54:18,207 - model - INFO - Using cached results for linear
2025-10-20 17:54:18,207 - model - WARNING - Failed to load cached model: name 'cache' is not defined, retraining
2025-10-20 17:54:18,208 - model - INFO - Applied polynomial features (degree 2) to linear model
2025-10-20 17:54:18,209 - model - INFO - Applied StandardScaler to features for linear model
2025-10-20 17:54:18,209 - model - INFO - Training linear model with params: {'polynomial_degree': 2}
2025-10-20 17:54:18,210 - model - INFO - Stored trained model with ID: linear_0
2025-10-20 17:54:18,224 - model - WARNING - Failed to cache model object for linear_0: module 'joblib' has no attribute 'dumps'
2025-10-20 17:54:18,224 - model - INFO - Model linear trained successfully. CV Score: -0.0345
2025-10-20 17:54:18,225 - model - INFO - Starting hyperparameter tuning for linear
2025-10-20 17:54:55,102 - model - INFO - Checking cache for linear with key: linear_regression_[('polynomial_degree', 2)]_-6263583148936069406
2025-10-20 17:54:55,102 - model - INFO - Using cached results for linear
2025-10-20 17:54:55,102 - model - WARNING - Failed to load cached model: name 'cache' is not defined, retraining
2025-10-20 17:54:55,104 - model - INFO - Applied polynomial features (degree 2) to linear model
2025-10-20 17:54:55,104 - model - INFO - Applied StandardScaler to features for linear model
2025-10-20 17:54:55,104 - model - INFO - Training linear model with params: {'polynomial_degree': 2}
2025-10-20 17:54:55,105 - model - INFO - Stored trained model with ID: linear_0
2025-10-20 17:54:55,119 - model - WARNING - Failed to cache model object for linear_0: module 'joblib' has no attribute 'dumps'
2025-10-20 17:54:55,119 - model - INFO - Model linear trained successfully. CV Score: -0.0345
2025-10-20 17:54:55,120 - model - INFO - Starting hyperparameter tuning for linear
2025-10-20 17:54:55,146 - model - INFO - Hyperparameter tuning completed. Best score: 1.3499
2025-10-20 18:26:52,260 - model - INFO - Checking cache for linear with key: linear_regression_[('polynomial_degree', 1)]_7612759759894048179
2025-10-20 18:26:52,261 - model - INFO - Cache miss for linear - training new model
2025-10-20 18:26:52,262 - model - INFO - Applied StandardScaler to features for linear model
2025-10-20 18:26:52,263 - model - INFO - Training linear model with params: {'polynomial_degree': 1}
2025-10-20 18:26:52,270 - model - INFO - Stored trained model with ID: linear_0
2025-10-20 18:26:52,317 - model - WARNING - Failed to cache model object for linear_0: module 'joblib' has no attribute 'dumps'
2025-10-20 18:26:52,317 - model - INFO - Model linear trained successfully. CV Score: -0.6596
2025-10-20 18:26:52,318 - model - INFO - Checking cache for linear with key: linear_regression_[('polynomial_degree', 2)]_7612759759894048179
2025-10-20 18:26:52,318 - model - INFO - Using cached results for linear
2025-10-20 18:26:52,318 - model - WARNING - Failed to load cached model: name 'cache' is not defined, retraining
2025-10-20 18:26:52,320 - model - INFO - Applied polynomial features (degree 2) to linear model
2025-10-20 18:26:52,321 - model - INFO - Applied StandardScaler to features for linear model
2025-10-20 18:26:52,321 - model - INFO - Training linear model with params: {'polynomial_degree': 2}
2025-10-20 18:26:52,322 - model - INFO - Stored trained model with ID: linear_1
2025-10-20 18:26:52,336 - model - WARNING - Failed to cache model object for linear_1: module 'joblib' has no attribute 'dumps'
2025-10-20 18:26:52,336 - model - INFO - Model linear trained successfully. CV Score: -0.2791
2025-10-20 18:26:52,336 - model - INFO - Checking cache for linear with key: linear_regression_[('polynomial_degree', 3)]_7612759759894048179
2025-10-20 18:26:52,347 - model - INFO - Cache miss for linear - training new model
2025-10-20 18:26:52,348 - model - INFO - Applied polynomial features (degree 3) to linear model
2025-10-20 18:26:52,349 - model - INFO - Applied StandardScaler to features for linear model
2025-10-20 18:26:52,349 - model - INFO - Training linear model with params: {'polynomial_degree': 3}
2025-10-20 18:26:52,349 - model - INFO - Stored trained model with ID: linear_2
2025-10-20 18:26:52,390 - model - WARNING - Failed to cache model object for linear_2: module 'joblib' has no attribute 'dumps'
2025-10-20 18:26:52,390 - model - INFO - Model linear trained successfully. CV Score: -44532.4320
2025-10-23 17:36:48,575 - model - INFO - Checking cache for linear with key: linear_regression_[]_2526414478346588963
2025-10-23 17:36:48,581 - model - INFO - Using cached results for linear
2025-10-23 17:36:48,581 - model - WARNING - Failed to load cached model: name 'cache' is not defined, retraining
2025-10-23 17:36:48,582 - model - INFO - Applied StandardScaler to features for linear model
2025-10-23 17:36:48,582 - model - INFO - Training linear model with params: {}
2025-10-23 17:36:48,585 - model - INFO - Stored trained model with ID: linear_0
2025-10-23 17:36:48,603 - model - WARNING - Failed to cache model object for linear_0: module 'joblib' has no attribute 'dumps'
2025-10-23 17:36:48,603 - model - INFO - Model linear trained successfully. CV Score: -12204820.6103
2025-10-23 17:36:51,138 - model - INFO - Checking cache for decision_tree with key: decision_tree_regression_[('max_depth', None), ('min_samples_leaf', 1), ('min_samples_split', 2)]_2526414478346588963
2025-10-23 17:36:51,141 - model - INFO - Using cached results for decision_tree
2025-10-23 17:36:51,141 - model - WARNING - Failed to load cached model: name 'cache' is not defined, retraining
2025-10-23 17:36:51,141 - model - INFO - Training decision_tree model with params: {'max_depth': None, 'min_samples_split': 2, 'min_samples_leaf': 1}
2025-10-23 17:36:51,167 - model - INFO - Stored trained model with ID: decision_tree_1
2025-10-23 17:36:51,274 - model - WARNING - Failed to cache model object for decision_tree_1: module 'joblib' has no attribute 'dumps'
2025-10-23 17:36:51,274 - model - INFO - Model decision_tree trained successfully. CV Score: -410490.4941
2025-10-23 17:36:54,998 - model - INFO - Checking cache for random_forest with key: random_forest_regression_[('max_depth', None), ('min_samples_leaf', 1), ('min_samples_split', 2), ('n_estimators', 100)]_2526414478346588963
2025-10-23 17:36:54,998 - model - INFO - Using cached results for random_forest
2025-10-23 17:36:54,998 - model - WARNING - Failed to load cached model: name 'cache' is not defined, retraining
2025-10-23 17:36:54,998 - model - INFO - Training random_forest model with params: {'n_estimators': 100, 'max_depth': None, 'min_samples_split': 2, 'min_samples_leaf': 1}
2025-10-23 17:36:56,800 - model - INFO - Stored trained model with ID: random_forest_2
2025-10-23 17:37:03,479 - model - WARNING - Failed to cache model object for random_forest_2: module 'joblib' has no attribute 'dumps'
2025-10-23 17:37:03,480 - model - INFO - Model random_forest trained successfully. CV Score: -179276.2159
2025-10-23 17:39:08,000 - model - INFO - Model linear_0 evaluation completed. Test Score: 0.8438
2025-10-23 17:39:08,003 - model - INFO - Model decision_tree_1 evaluation completed. Test Score: 0.9961
2025-10-23 17:39:08,035 - model - INFO - Model random_forest_2 evaluation completed. Test Score: 0.9985
2025-11-04 08:19:34,829 - model - INFO - Checking cache for linear with key: linear_regression_[]_-5398035747052669665
2025-11-04 08:19:34,834 - model - INFO - Using cached results for linear
2025-11-04 08:19:34,834 - model - WARNING - Failed to load cached model: name 'cache' is not defined, retraining
2025-11-04 08:19:34,837 - model - INFO - Applied StandardScaler to features for linear model
2025-11-04 08:19:34,837 - model - INFO - Training linear model with params: {}
2025-11-04 08:19:34,844 - model - INFO - Stored trained model with ID: linear_0
2025-11-04 08:19:34,866 - model - WARNING - Failed to cache model object for linear_0: module 'joblib' has no attribute 'dumps'
2025-11-04 08:19:34,866 - model - INFO - Model linear trained successfully. CV Score: -12204820.6103
2025-11-04 08:19:38,030 - model - INFO - Checking cache for decision_tree with key: decision_tree_regression_[('max_depth', None), ('min_samples_leaf', 1), ('min_samples_split', 2)]_-5398035747052669665
2025-11-04 08:19:38,031 - model - INFO - Using cached results for decision_tree
2025-11-04 08:19:38,031 - model - WARNING - Failed to load cached model: name 'cache' is not defined, retraining
2025-11-04 08:19:38,031 - model - INFO - Training decision_tree model with params: {'max_depth': None, 'min_samples_split': 2, 'min_samples_leaf': 1}
2025-11-04 08:19:38,061 - model - INFO - Stored trained model with ID: decision_tree_1
2025-11-04 08:19:38,175 - model - WARNING - Failed to cache model object for decision_tree_1: module 'joblib' has no attribute 'dumps'
2025-11-04 08:19:38,175 - model - INFO - Model decision_tree trained successfully. CV Score: -410490.4941
2025-11-04 08:19:42,295 - model - INFO - Checking cache for random_forest with key: random_forest_regression_[('max_depth', None), ('min_samples_leaf', 1), ('min_samples_split', 2), ('n_estimators', 100)]_-5398035747052669665
2025-11-04 08:19:42,298 - model - INFO - Using cached results for random_forest
2025-11-04 08:19:42,298 - model - WARNING - Failed to load cached model: name 'cache' is not defined, retraining
2025-11-04 08:19:42,299 - model - INFO - Training random_forest model with params: {'n_estimators': 100, 'max_depth': None, 'min_samples_split': 2, 'min_samples_leaf': 1}
2025-11-04 08:19:44,012 - model - INFO - Stored trained model with ID: random_forest_2
2025-11-04 08:19:51,156 - model - WARNING - Failed to cache model object for random_forest_2: module 'joblib' has no attribute 'dumps'
2025-11-04 08:19:51,156 - model - INFO - Model random_forest trained successfully. CV Score: -179276.2159
2025-11-04 08:21:57,900 - model - INFO - Model linear_0 evaluation completed. Test Score: 0.8438
2025-11-04 08:21:57,902 - model - INFO - Model decision_tree_1 evaluation completed. Test Score: 0.9961
2025-11-04 08:21:57,940 - model - INFO - Model random_forest_2 evaluation completed. Test Score: 0.9985
2025-11-04 08:28:41,199 - model - INFO - Checking cache for linear with key: linear_regression_[]_-4604691851246935154
2025-11-04 08:28:41,202 - model - INFO - Using cached results for linear
2025-11-04 08:28:41,202 - model - WARNING - Failed to load cached model: name 'cache' is not defined, retraining
2025-11-04 08:28:41,203 - model - INFO - Applied StandardScaler to features for linear model
2025-11-04 08:28:41,203 - model - INFO - Training linear model with params: {}
2025-11-04 08:28:41,205 - model - INFO - Stored trained model with ID: linear_0
2025-11-04 08:28:41,221 - model - WARNING - Failed to cache model object for linear_0: module 'joblib' has no attribute 'dumps'
2025-11-04 08:28:41,221 - model - INFO - Model linear trained successfully. CV Score: -12204820.6103
2025-11-04 08:28:44,003 - model - INFO - Checking cache for random_forest with key: random_forest_regression_[('bootstrap', True), ('ccp_alpha', 0.0), ('criterion', 'gini'), ('max_depth', None), ('max_features', 'sqrt'), ('max_samples', 0.5), ('min_samples_leaf', 1), ('min_samples_split', 2), ('n_estimators', 50)]_-4604691851246935154
2025-11-04 08:28:44,004 - model - INFO - Cache miss for random_forest - training new model
2025-11-04 08:28:44,004 - model - INFO - Training random_forest model with params: {'n_estimators': 50, 'max_depth': None, 'min_samples_split': 2, 'min_samples_leaf': 1, 'max_features': 'sqrt', 'bootstrap': True, 'criterion': 'gini', 'ccp_alpha': 0.0, 'max_samples': 0.5}
2025-11-04 08:29:01,914 - model - INFO - Checking cache for linear with key: linear_regression_[]_5696226243785353922
2025-11-04 08:29:01,915 - model - INFO - Using cached results for linear
2025-11-04 08:29:01,915 - model - WARNING - Failed to load cached model: name 'cache' is not defined, retraining
2025-11-04 08:29:01,916 - model - INFO - Applied StandardScaler to features for linear model
2025-11-04 08:29:01,916 - model - INFO - Training linear model with params: {}
2025-11-04 08:29:01,918 - model - INFO - Stored trained model with ID: linear_0
2025-11-04 08:29:01,936 - model - WARNING - Failed to cache model object for linear_0: module 'joblib' has no attribute 'dumps'
2025-11-04 08:29:01,936 - model - INFO - Model linear trained successfully. CV Score: -12204820.6103
2025-11-04 08:29:04,694 - model - INFO - Checking cache for random_forest with key: random_forest_regression_[('bootstrap', True), ('ccp_alpha', 0.0), ('criterion', 'squared_error'), ('max_depth', None), ('max_features', 'sqrt'), ('max_samples', 0.5), ('min_samples_leaf', 1), ('min_samples_split', 2), ('n_estimators', 50)]_5696226243785353922
2025-11-04 08:29:04,695 - model - INFO - Cache miss for random_forest - training new model
2025-11-04 08:29:04,695 - model - INFO - Training random_forest model with params: {'n_estimators': 50, 'max_depth': None, 'min_samples_split': 2, 'min_samples_leaf': 1, 'max_features': 'sqrt', 'bootstrap': True, 'criterion': 'squared_error', 'ccp_alpha': 0.0, 'max_samples': 0.5}
2025-11-04 08:40:34,941 - model - INFO - Checking cache for linear with key: linear_regression_[]_-2320954583964824767
2025-11-04 08:40:34,942 - model - INFO - Using cached results for linear
2025-11-04 08:40:34,942 - model - WARNING - Failed to load cached model: name 'cache' is not defined, retraining
2025-11-04 08:40:34,943 - model - INFO - Applied StandardScaler to features for linear model
2025-11-04 08:40:34,943 - model - INFO - Training linear model with params: {}
2025-11-04 08:40:34,945 - model - INFO - Stored trained model with ID: linear_0
2025-11-04 08:40:34,969 - model - WARNING - Failed to cache model object for linear_0: module 'joblib' has no attribute 'dumps'
2025-11-04 08:40:34,969 - model - INFO - Model linear trained successfully. CV Score: -12204820.6103
2025-11-04 08:40:37,733 - model - INFO - Checking cache for decision_tree with key: decision_tree_regression_[('ccp_alpha', 0.0), ('criterion', 'gini'), ('max_depth', None), ('max_features', 'sqrt'), ('min_samples_leaf', 1), ('min_samples_split', 2)]_-2320954583964824767
2025-11-04 08:40:37,733 - model - INFO - Cache miss for decision_tree - training new model
2025-11-04 08:40:37,733 - model - INFO - Training decision_tree model with params: {'max_depth': None, 'min_samples_split': 2, 'min_samples_leaf': 1, 'max_features': 'sqrt', 'criterion': 'gini', 'ccp_alpha': 0.0}
2025-11-04 08:40:37,734 - model - INFO - Checking cache for random_forest with key: random_forest_regression_[('bootstrap', True), ('ccp_alpha', 0.0), ('criterion', 'squared_error'), ('max_depth', None), ('max_features', 'sqrt'), ('max_samples', 0.5), ('min_samples_leaf', 1), ('min_samples_split', 2), ('n_estimators', 50)]_-2320954583964824767
2025-11-04 08:40:37,734 - model - INFO - Cache miss for random_forest - training new model
2025-11-04 08:40:37,734 - model - INFO - Training random_forest model with params: {'n_estimators': 50, 'max_depth': None, 'min_samples_split': 2, 'min_samples_leaf': 1, 'max_features': 'sqrt', 'bootstrap': True, 'criterion': 'squared_error', 'ccp_alpha': 0.0, 'max_samples': 0.5}
2025-11-04 08:40:37,926 - model - INFO - Applied bootstrap sampling with max_samples=3196
2025-11-04 08:40:37,926 - model - INFO - Stored trained model with ID: random_forest_1
2025-11-04 08:40:38,915 - model - WARNING - Failed to cache model object for random_forest_1: module 'joblib' has no attribute 'dumps'
2025-11-04 08:40:38,915 - model - INFO - Model random_forest trained successfully. CV Score: -1778375.4848
2025-11-04 08:40:55,607 - model - INFO - Model linear_0 evaluation completed. Test Score: 0.8438
2025-11-04 08:40:55,626 - model - INFO - Model random_forest_1 evaluation completed. Test Score: 0.9833
2025-11-04 08:43:04,195 - model - INFO - Checking cache for linear with key: linear_regression_[]_2415223056630460721
2025-11-04 08:43:04,196 - model - INFO - Cache feature mismatch, retraining linear
2025-11-04 08:43:04,198 - model - INFO - Applied StandardScaler to features for linear model
2025-11-04 08:43:04,198 - model - INFO - Training linear model with params: {}
2025-11-04 08:43:04,199 - model - INFO - Stored trained model with ID: linear_0
2025-11-04 08:43:04,262 - model - WARNING - Failed to cache model object for linear_0: module 'joblib' has no attribute 'dumps'
2025-11-04 08:43:04,262 - model - INFO - Model linear trained successfully. CV Score: -12203992.1819
2025-11-04 08:43:04,262 - model - INFO - Checking cache for linear with key: linear_regression_[('polynomial_degree', 2)]_2415223056630460721
2025-11-04 08:43:04,263 - model - INFO - Cache feature mismatch, retraining linear
2025-11-04 08:43:04,265 - model - INFO - Applied polynomial features (degree 2) to linear model
2025-11-04 08:43:04,267 - model - INFO - Applied StandardScaler to features for linear model
2025-11-04 08:43:04,267 - model - INFO - Training linear model with params: {'polynomial_degree': 2}
2025-11-04 08:43:04,275 - model - INFO - Stored trained model with ID: linear_1
2025-11-04 08:43:07,058 - model - WARNING - Failed to cache model object for linear_1: module 'joblib' has no attribute 'dumps'
2025-11-04 08:43:07,058 - model - INFO - Model linear trained successfully. CV Score: -0.0000
2025-11-04 08:43:07,058 - model - INFO - Checking cache for linear with key: linear_regression_[('polynomial_degree', 3)]_2415223056630460721
2025-11-04 08:43:07,059 - model - INFO - Cache feature mismatch, retraining linear
2025-11-04 08:43:07,062 - model - INFO - Applied polynomial features (degree 3) to linear model
2025-11-04 08:43:07,069 - model - INFO - Applied StandardScaler to features for linear model
2025-11-04 08:43:07,069 - model - INFO - Training linear model with params: {'polynomial_degree': 3}
2025-11-04 08:43:07,094 - model - INFO - Stored trained model with ID: linear_2
2025-11-04 08:44:52,015 - model - INFO - Checking cache for linear with key: linear_regression_[]_-1358847415095451770
2025-11-04 08:44:52,018 - model - INFO - Using cached results for linear
2025-11-04 08:44:52,018 - model - WARNING - Failed to load cached model: name 'cache' is not defined, retraining
2025-11-04 08:44:52,019 - model - INFO - Applied StandardScaler to features for linear model
2025-11-04 08:44:52,019 - model - INFO - Training linear model with params: {}
2025-11-04 08:44:52,020 - model - INFO - Stored trained model with ID: linear_0
2025-11-04 08:44:52,044 - model - WARNING - Failed to cache model object for linear_0: module 'joblib' has no attribute 'dumps'
2025-11-04 08:44:52,044 - model - INFO - Model linear trained successfully. CV Score: -12203992.1819
2025-11-04 08:44:52,045 - model - INFO - Checking cache for linear with key: linear_regression_[('polynomial_degree', 2)]_-1358847415095451770
2025-11-04 08:44:52,045 - model - INFO - Using cached results for linear
2025-11-04 08:44:52,045 - model - WARNING - Failed to load cached model: name 'cache' is not defined, retraining
2025-11-04 08:44:52,048 - model - INFO - Applied polynomial features (degree 2) to linear model
2025-11-04 08:44:52,050 - model - INFO - Applied StandardScaler to features for linear model
2025-11-04 08:44:52,050 - model - INFO - Training linear model with params: {'polynomial_degree': 2}
2025-11-04 08:44:52,061 - model - INFO - Stored trained model with ID: linear_1
2025-11-04 08:44:55,060 - model - WARNING - Failed to cache model object for linear_1: module 'joblib' has no attribute 'dumps'
2025-11-04 08:44:55,060 - model - INFO - Model linear trained successfully. CV Score: -0.0000
2025-11-04 08:44:55,060 - model - INFO - Checking cache for linear with key: linear_regression_[('polynomial_degree', 3)]_-1358847415095451770
2025-11-04 08:44:55,061 - model - INFO - Cache feature mismatch, retraining linear
2025-11-04 08:44:55,065 - model - INFO - Applied polynomial features (degree 3) to linear model
2025-11-04 08:44:55,074 - model - INFO - Applied StandardScaler to features for linear model
2025-11-04 08:44:55,074 - model - INFO - Training linear model with params: {'polynomial_degree': 3}
2025-11-04 08:44:55,108 - model - INFO - Stored trained model with ID: linear_2
2025-11-04 08:48:42,123 - model - INFO - Checking cache for linear with key: linear_regression_[]_4802474738172211885
2025-11-04 08:48:42,126 - model - INFO - Using cached results for linear
2025-11-04 08:48:42,126 - model - WARNING - Failed to load cached model: name 'cache' is not defined, retraining
2025-11-04 08:48:42,127 - model - INFO - Applied StandardScaler to features for linear model
2025-11-04 08:48:42,127 - model - INFO - Training linear model with params: {}
2025-11-04 08:48:42,128 - model - INFO - Stored trained model with ID: linear_0
2025-11-04 08:48:42,143 - model - WARNING - Failed to cache model object for linear_0: module 'joblib' has no attribute 'dumps'
2025-11-04 08:48:42,143 - model - INFO - Model linear trained successfully. CV Score: -12203992.1819
2025-11-04 08:48:42,144 - model - INFO - Checking cache for linear with key: linear_regression_[('polynomial_degree', 2)]_4802474738172211885
2025-11-04 08:48:42,145 - model - INFO - Using cached results for linear
2025-11-04 08:48:42,145 - model - WARNING - Failed to load cached model: name 'cache' is not defined, retraining
2025-11-04 08:48:42,146 - model - INFO - Applied polynomial features (degree 2) to linear model
2025-11-04 08:48:42,149 - model - INFO - Applied StandardScaler to features for linear model
2025-11-04 08:48:42,149 - model - INFO - Training linear model with params: {'polynomial_degree': 2}
2025-11-04 08:48:42,158 - model - INFO - Stored trained model with ID: linear_1
2025-11-04 08:48:45,486 - model - WARNING - Failed to cache model object for linear_1: module 'joblib' has no attribute 'dumps'
2025-11-04 08:48:45,486 - model - INFO - Model linear trained successfully. CV Score: -0.0000
2025-11-04 08:48:45,487 - model - INFO - Checking cache for linear with key: linear_regression_[('polynomial_degree', 3)]_4802474738172211885
2025-11-04 08:48:45,487 - model - INFO - Cache feature mismatch, retraining linear
2025-11-04 08:48:45,491 - model - INFO - Applied polynomial features (degree 3) to linear model
2025-11-04 08:48:45,497 - model - INFO - Applied StandardScaler to features for linear model
2025-11-04 08:48:45,497 - model - INFO - Training linear model with params: {'polynomial_degree': 3}
2025-11-04 08:48:45,526 - model - INFO - Stored trained model with ID: linear_2
2025-11-04 08:57:50,475 - model - INFO - Checking cache for linear with key: linear_regression_[]_-5947040487611981901
2025-11-04 08:57:50,478 - model - INFO - Cache feature mismatch, retraining linear
2025-11-04 08:57:50,479 - model - INFO - Applied StandardScaler to features for linear model
2025-11-04 08:57:50,479 - model - INFO - Training linear model with params: {}
2025-11-04 08:57:50,480 - model - INFO - Stored trained model with ID: linear_0
2025-11-04 08:57:50,492 - model - WARNING - Failed to cache model object for linear_0: module 'joblib' has no attribute 'dumps'
2025-11-04 08:57:50,492 - model - INFO - Model linear trained successfully. CV Score: -12203992.1819
2025-11-04 08:57:50,524 - model - INFO - Checking cache for linear with key: linear_regression_[('polynomial_degree', 2)]_-5947040487611981901
2025-11-04 08:57:50,524 - model - INFO - Cache feature mismatch, retraining linear
2025-11-04 08:57:50,526 - model - INFO - Applied polynomial features (degree 2) to linear model
2025-11-04 08:57:50,528 - model - INFO - Applied StandardScaler to features for linear model
2025-11-04 08:57:50,528 - model - INFO - Training linear model with params: {'polynomial_degree': 2}
2025-11-04 08:57:50,534 - model - INFO - Stored trained model with ID: linear_1
2025-11-04 08:57:53,234 - model - WARNING - Failed to cache model object for linear_1: module 'joblib' has no attribute 'dumps'
2025-11-04 08:57:53,234 - model - INFO - Model linear trained successfully. CV Score: -0.0000
2025-11-04 08:57:53,265 - model - INFO - Checking cache for linear with key: linear_regression_[('polynomial_degree', 3)]_-5947040487611981901
2025-11-04 08:57:53,266 - model - INFO - Cache feature mismatch, retraining linear
2025-11-04 08:57:53,269 - model - INFO - Applied polynomial features (degree 3) to linear model
2025-11-04 08:57:53,274 - model - INFO - Applied StandardScaler to features for linear model
2025-11-04 08:57:53,274 - model - INFO - Training linear model with params: {'polynomial_degree': 3}
2025-11-04 08:57:53,300 - model - INFO - Stored trained model with ID: linear_2
2025-11-04 08:58:50,774 - model - INFO - Checking cache for linear with key: linear_regression_[]_-3164283177417360271
2025-11-04 08:58:50,777 - model - INFO - Cache feature mismatch, retraining linear
2025-11-04 08:58:50,778 - model - INFO - Applied StandardScaler to features for linear model
2025-11-04 08:58:50,778 - model - INFO - Training linear model with params: {}
2025-11-04 08:58:50,785 - model - INFO - Stored trained model with ID: linear_0
2025-11-04 08:58:50,801 - model - WARNING - Failed to cache model object for linear_0: module 'joblib' has no attribute 'dumps'
2025-11-04 08:58:50,801 - model - INFO - Model linear trained successfully. CV Score: -12204820.6103
2025-11-04 08:58:52,710 - model - INFO - Checking cache for decision_tree with key: decision_tree_regression_[('ccp_alpha', 0.0), ('criterion', 'gini'), ('max_depth', None), ('max_features', 'sqrt'), ('min_samples_leaf', 1), ('min_samples_split', 2)]_-3164283177417360271
2025-11-04 08:58:52,710 - model - INFO - Cache miss for decision_tree - training new model
2025-11-04 08:58:52,710 - model - INFO - Training decision_tree model with params: {'max_depth': None, 'min_samples_split': 2, 'min_samples_leaf': 1, 'max_features': 'sqrt', 'criterion': 'gini', 'ccp_alpha': 0.0}
2025-11-04 08:58:52,710 - model - INFO - Checking cache for random_forest with key: random_forest_regression_[('bootstrap', True), ('ccp_alpha', 0.0), ('criterion', 'squared_error'), ('max_depth', None), ('max_features', 'sqrt'), ('max_samples', 0.5), ('min_samples_leaf', 1), ('min_samples_split', 2), ('n_estimators', 50)]_-3164283177417360271
2025-11-04 08:58:52,711 - model - INFO - Cache miss for random_forest - training new model
2025-11-04 08:58:52,711 - model - INFO - Training random_forest model with params: {'n_estimators': 50, 'max_depth': None, 'min_samples_split': 2, 'min_samples_leaf': 1, 'max_features': 'sqrt', 'bootstrap': True, 'criterion': 'squared_error', 'ccp_alpha': 0.0, 'max_samples': 0.5}
2025-11-04 08:58:52,907 - model - INFO - Applied bootstrap sampling with max_samples=3196
2025-11-04 08:58:52,907 - model - INFO - Stored trained model with ID: random_forest_1
2025-11-04 08:58:53,903 - model - WARNING - Failed to cache model object for random_forest_1: module 'joblib' has no attribute 'dumps'
2025-11-04 08:58:53,903 - model - INFO - Model random_forest trained successfully. CV Score: -1778375.4848
2025-11-04 08:59:09,796 - model - INFO - Model linear_0 evaluation completed. Test Score: 0.8438
2025-11-04 08:59:09,806 - model - INFO - Model random_forest_1 evaluation completed. Test Score: 0.9833
2025-11-04 09:04:23,497 - model - INFO - Checking cache for linear with key: linear_regression_[]_2139512423556622947
2025-11-04 09:04:23,498 - model - INFO - Cache feature mismatch, retraining linear
2025-11-04 09:04:23,499 - model - INFO - Applied StandardScaler to features for linear model
2025-11-04 09:04:23,499 - model - INFO - Training linear model with params: {}
2025-11-04 09:04:23,500 - model - INFO - Stored trained model with ID: linear_0
2025-11-04 09:04:23,510 - model - WARNING - Failed to cache model object for linear_0: module 'joblib' has no attribute 'dumps'
2025-11-04 09:04:23,510 - model - INFO - Model linear trained successfully. CV Score: -12203992.1819
2025-11-04 09:04:23,541 - model - INFO - Checking cache for linear with key: linear_regression_[('polynomial_degree', 2)]_2139512423556622947
2025-11-04 09:04:23,541 - model - INFO - Using cached results for linear
2025-11-04 09:04:23,541 - model - WARNING - Failed to load cached model: name 'cache' is not defined, retraining
2025-11-04 09:04:23,543 - model - INFO - Applied polynomial features (degree 2) to linear model
2025-11-04 09:04:23,545 - model - INFO - Applied StandardScaler to features for linear model
2025-11-04 09:04:23,545 - model - INFO - Training linear model with params: {'polynomial_degree': 2}
2025-11-04 09:04:23,553 - model - INFO - Stored trained model with ID: linear_1
2025-11-04 09:04:26,245 - model - WARNING - Failed to cache model object for linear_1: module 'joblib' has no attribute 'dumps'
2025-11-04 09:04:26,245 - model - INFO - Model linear trained successfully. CV Score: -0.0000
2025-11-04 09:04:26,279 - model - INFO - Checking cache for linear with key: linear_regression_[('polynomial_degree', 3)]_2139512423556622947
2025-11-04 09:04:26,279 - model - INFO - Cache feature mismatch, retraining linear
2025-11-04 09:04:26,282 - model - INFO - Applied polynomial features (degree 3) to linear model
2025-11-04 09:04:26,288 - model - INFO - Applied StandardScaler to features for linear model
2025-11-04 09:04:26,288 - model - INFO - Training linear model with params: {'polynomial_degree': 3}
2025-11-04 09:04:26,314 - model - INFO - Stored trained model with ID: linear_2
2025-11-04 09:35:15,672 - model - INFO - Checking cache for linear with key: linear_regression_[]_3918099099513865840
2025-11-04 09:35:15,687 - model - INFO - Cache feature mismatch, retraining linear
2025-11-04 09:35:15,691 - model - INFO - Applied RobustScaler to features for linear model
2025-11-04 09:35:15,691 - model - INFO - Training linear model with params: {}
2025-11-04 09:35:15,697 - model - INFO - Stored trained model with ID: linear_0
2025-11-04 09:35:15,725 - model - WARNING - Failed to cache model object for linear_0: module 'joblib' has no attribute 'dumps'
2025-11-04 09:35:15,725 - model - INFO - Model linear trained successfully. CV Score: -12204820.6103
2025-11-04 09:35:18,693 - model - INFO - Checking cache for decision_tree with key: decision_tree_regression_[('ccp_alpha', 0.0), ('criterion', 'squared_error'), ('max_depth', 10), ('max_features', 'sqrt'), ('min_samples_leaf', 1), ('min_samples_split', 2), ('splitter', 'best')]_3918099099513865840
2025-11-04 09:35:18,694 - model - INFO - Cache miss for decision_tree - training new model
2025-11-04 09:35:18,694 - model - INFO - Training decision_tree model with params: {'max_depth': 10, 'min_samples_split': 2, 'min_samples_leaf': 1, 'max_features': 'sqrt', 'criterion': 'squared_error', 'ccp_alpha': 0.0, 'splitter': 'best'}
2025-11-04 09:35:18,709 - model - INFO - Checking cache for random_forest with key: random_forest_regression_[('bootstrap', True), ('ccp_alpha', 0.0), ('criterion', 'squared_error'), ('max_depth', 10), ('max_features', 'sqrt'), ('max_samples', 0.5), ('min_impurity_decrease', 0.0), ('min_samples_leaf', 1), ('min_samples_split', 2), ('n_estimators', 100)]_3918099099513865840
2025-11-04 09:35:18,710 - model - INFO - Cache miss for random_forest - training new model
2025-11-04 09:35:18,710 - model - INFO - Training random_forest model with params: {'n_estimators': 100, 'max_depth': 10, 'min_samples_split': 2, 'min_samples_leaf': 1, 'max_features': 'sqrt', 'bootstrap': True, 'criterion': 'squared_error', 'ccp_alpha': 0.0, 'max_samples': 0.5, 'min_impurity_decrease': 0.0}
2025-11-04 09:35:18,969 - model - INFO - Applied bootstrap sampling with max_samples=3196
2025-11-04 09:35:18,969 - model - INFO - Stored trained model with ID: random_forest_1
2025-11-04 09:35:20,287 - model - WARNING - Failed to cache model object for random_forest_1: module 'joblib' has no attribute 'dumps'
2025-11-04 09:35:20,287 - model - INFO - Model random_forest trained successfully. CV Score: -2145824.2386
2025-11-04 09:35:43,430 - model - INFO - Model linear_0 evaluation completed. Test Score: 0.5098
2025-11-04 09:35:43,442 - model - INFO - Model random_forest_1 evaluation completed. Test Score: 0.9747
2025-11-04 10:06:12,432 - model - INFO - Checking cache for linear with key: linear_regression_[]_6172205370215443239
2025-11-04 10:06:12,432 - model - INFO - Using cached results for linear
2025-11-04 10:06:12,432 - model - WARNING - Failed to load cached model: name 'cache' is not defined, retraining
2025-11-04 10:06:12,435 - model - INFO - Applied RobustScaler to features for linear model
2025-11-04 10:06:12,435 - model - INFO - Training linear model with params: {}
2025-11-04 10:06:12,443 - model - INFO - Stored trained model with ID: linear_0
2025-11-04 10:06:12,466 - model - WARNING - Failed to cache model object for linear_0: module 'joblib' has no attribute 'dumps'
2025-11-04 10:06:12,466 - model - INFO - Model linear trained successfully. CV Score: -12204820.6103
2025-11-04 10:06:14,231 - model - INFO - Checking cache for decision_tree with key: decision_tree_regression_[('ccp_alpha', 0.0), ('criterion', 'squared_error'), ('max_depth', 10), ('max_features', 'sqrt'), ('min_samples_leaf', 1), ('min_samples_split', 2), ('splitter', 'best')]_6172205370215443239
2025-11-04 10:06:14,231 - model - INFO - Cache miss for decision_tree - training new model
2025-11-04 10:06:14,231 - model - INFO - Training decision_tree model with params: {'max_depth': 10, 'min_samples_split': 2, 'min_samples_leaf': 1, 'max_features': 'sqrt', 'criterion': 'squared_error', 'ccp_alpha': 0.0, 'splitter': 'best'}
2025-11-04 10:06:14,245 - model - INFO - Checking cache for random_forest with key: random_forest_regression_[('bootstrap', True), ('ccp_alpha', 0.0), ('criterion', 'squared_error'), ('max_depth', 10), ('max_features', 'sqrt'), ('max_samples', 0.5), ('min_impurity_decrease', 0.0), ('min_samples_leaf', 1), ('min_samples_split', 2), ('n_estimators', 100)]_6172205370215443239
2025-11-04 10:06:14,247 - model - INFO - Using cached results for random_forest
2025-11-04 10:06:14,247 - model - WARNING - Failed to load cached model: name 'cache' is not defined, retraining
2025-11-04 10:06:14,247 - model - INFO - Training random_forest model with params: {'n_estimators': 100, 'max_depth': 10, 'min_samples_split': 2, 'min_samples_leaf': 1, 'max_features': 'sqrt', 'bootstrap': True, 'criterion': 'squared_error', 'ccp_alpha': 0.0, 'max_samples': 0.5, 'min_impurity_decrease': 0.0}
2025-11-04 10:06:14,504 - model - INFO - Applied bootstrap sampling with max_samples=3196
2025-11-04 10:06:14,504 - model - INFO - Stored trained model with ID: random_forest_1
2025-11-04 10:06:15,836 - model - WARNING - Failed to cache model object for random_forest_1: module 'joblib' has no attribute 'dumps'
2025-11-04 10:06:15,836 - model - INFO - Model random_forest trained successfully. CV Score: -2145824.2386
2025-11-04 10:06:36,959 - model - INFO - Model linear_0 evaluation completed. Test Score: 0.5098
2025-11-04 10:06:36,969 - model - INFO - Model random_forest_1 evaluation completed. Test Score: 0.9747
2025-11-04 10:22:38,337 - model - INFO - Checking cache for ridge with key: ridge_regression_[('alpha', 0.01), ('fit_intercept', True), ('polynomial_degree', 1), ('solver', 'auto')]_4267540659713794658
2025-11-04 10:22:38,339 - model - INFO - Cache miss for ridge - training new model
2025-11-04 10:22:38,342 - model - INFO - Checking cache for lasso with key: lasso_regression_[('alpha', 0.001), ('fit_intercept', True), ('max_iter', 1000), ('polynomial_degree', 1), ('selection', 'cyclic')]_4267540659713794658
2025-11-04 10:22:38,343 - model - INFO - Cache miss for lasso - training new model
2025-11-04 10:22:38,346 - model - INFO - Checking cache for elasticnet with key: elasticnet_regression_[('alpha', 0.001), ('fit_intercept', True), ('l1_ratio', 0.1), ('max_iter', 1000), ('polynomial_degree', 1), ('selection', 'cyclic')]_4267540659713794658
2025-11-04 10:22:38,346 - model - INFO - Cache miss for elasticnet - training new model
2025-11-04 10:22:38,349 - model - INFO - Checking cache for decision_tree with key: decision_tree_regression_[('ccp_alpha', 0.0), ('criterion', 'squared_error'), ('max_depth', 10), ('max_features', 'sqrt'), ('min_samples_leaf', 1), ('min_samples_split', 2), ('splitter', 'best')]_4267540659713794658
2025-11-04 10:22:38,349 - model - INFO - Cache miss for decision_tree - training new model
2025-11-04 10:22:38,349 - model - INFO - Training decision_tree model with params: {'max_depth': 10, 'min_samples_split': 2, 'min_samples_leaf': 1, 'max_features': 'sqrt', 'criterion': 'squared_error', 'ccp_alpha': 0.0, 'splitter': 'best'}
2025-11-04 10:22:38,352 - model - INFO - Checking cache for random_forest with key: random_forest_regression_[('bootstrap', True), ('ccp_alpha', 0.0), ('criterion', 'squared_error'), ('max_depth', 10), ('max_features', 'sqrt'), ('max_samples', 0.5), ('min_impurity_decrease', 0.0), ('min_samples_leaf', 1), ('min_samples_split', 2), ('n_estimators', 100)]_4267540659713794658
2025-11-04 10:22:38,353 - model - INFO - Cache feature mismatch, retraining random_forest
2025-11-04 10:22:38,353 - model - INFO - Training random_forest model with params: {'n_estimators': 100, 'max_depth': 10, 'min_samples_split': 2, 'min_samples_leaf': 1, 'max_features': 'sqrt', 'bootstrap': True, 'criterion': 'squared_error', 'ccp_alpha': 0.0, 'max_samples': 0.5, 'min_impurity_decrease': 0.0}
2025-11-04 10:22:38,355 - model - INFO - Checking cache for gradient_boosting with key: gradient_boosting_regression_[('criterion', 'friedman_mse'), ('learning_rate', 0.01), ('loss', 'squared_error'), ('max_depth', 3), ('max_features', 'sqrt'), ('min_samples_leaf', 1), ('min_samples_split', 2), ('n_estimators', 100), ('subsample', 0.6)]_4267540659713794658
2025-11-04 10:22:38,356 - model - INFO - Cache miss for gradient_boosting - training new model
2025-11-04 10:22:38,356 - model - INFO - Training gradient_boosting model with params: {'n_estimators': 100, 'learning_rate': 0.01, 'max_depth': 3, 'min_samples_split': 2, 'min_samples_leaf': 1, 'subsample': 0.6, 'max_features': 'sqrt', 'loss': 'squared_error', 'criterion': 'friedman_mse'}
2025-11-11 08:58:02,228 - model - INFO - Checking cache for linear with key: linear_[('fit_intercept', True), ('polynomial_degree', 1)]_2405892715929904715
2025-11-11 08:58:02,231 - model - INFO - Cache miss for linear - training new model
2025-11-11 08:58:02,234 - model - INFO - Applied RobustScaler to features for linear
2025-11-11 08:58:02,234 - model - INFO - Training linear model with params: {'fit_intercept': True, 'polynomial_degree': 1}
2025-11-11 08:58:02,236 - model - INFO - Stored trained model with ID: linear_0
2025-11-11 08:58:02,256 - model - WARNING - Failed to cache model object for linear_0: module 'joblib' has no attribute 'dumps'
2025-11-11 08:58:02,256 - model - INFO - Model linear trained successfully. CV Score: 12204820.6103
2025-11-11 08:58:04,660 - model - INFO - Checking cache for decision_tree with key: decision_tree_[('ccp_alpha', 0.0), ('criterion', 'squared_error'), ('max_depth', 10), ('max_features', 'sqrt'), ('min_samples_leaf', 1), ('min_samples_split', 2), ('splitter', 'best')]_2405892715929904715
2025-11-11 08:58:04,660 - model - INFO - Cache miss for decision_tree - training new model
2025-11-11 08:58:04,661 - model - INFO - Training decision_tree model with params: {'max_depth': 10, 'min_samples_split': 2, 'min_samples_leaf': 1, 'max_features': 'sqrt', 'criterion': 'squared_error', 'ccp_alpha': 0.0, 'splitter': 'best'}
2025-11-11 08:58:18,172 - model - INFO - Applied cost complexity pruning with alpha=0.12641113892373032
2025-11-11 08:58:18,173 - model - INFO - Stored trained model with ID: decision_tree_1
2025-11-11 08:58:18,208 - model - WARNING - Failed to cache model object for decision_tree_1: module 'joblib' has no attribute 'dumps'
2025-11-11 08:58:18,208 - model - INFO - Model decision_tree trained successfully. CV Score: 8498638.1822
2025-11-11 08:58:20,556 - model - INFO - Checking cache for random_forest with key: random_forest_[('bootstrap', True), ('ccp_alpha', 0.0), ('criterion', 'squared_error'), ('max_depth', 10), ('max_features', 'sqrt'), ('max_samples', 0.5), ('min_impurity_decrease', 0.0), ('min_samples_leaf', 1), ('min_samples_split', 2), ('n_estimators', 100)]_2405892715929904715
2025-11-11 08:58:20,556 - model - INFO - Using cached results for random_forest
2025-11-11 08:58:20,556 - model - INFO - Model object not cached, retraining random_forest
2025-11-11 08:58:20,556 - model - INFO - Training random_forest model with params: {'n_estimators': 100, 'max_depth': 10, 'min_samples_split': 2, 'min_samples_leaf': 1, 'max_features': 'sqrt', 'bootstrap': True, 'criterion': 'squared_error', 'ccp_alpha': 0.0, 'max_samples': 0.5, 'min_impurity_decrease': 0.0}
2025-11-11 08:58:20,846 - model - INFO - Applied bootstrap sampling with max_samples=3196
2025-11-11 08:58:20,846 - model - INFO - Stored trained model with ID: random_forest_2
2025-11-11 08:58:22,293 - model - WARNING - Failed to cache model object for random_forest_2: module 'joblib' has no attribute 'dumps'
2025-11-11 08:58:22,293 - model - INFO - Model random_forest trained successfully. CV Score: 2145824.2386
2025-11-11 08:58:43,948 - model - INFO - Model linear_0 evaluation completed. Score: 0.8445
2025-11-11 08:58:43,949 - model - INFO - Model decision_tree_1 evaluation completed. Score: 0.8522
2025-11-11 08:58:43,959 - model - INFO - Model random_forest_2 evaluation completed. Score: 0.9747
2025-11-11 09:30:22,715 - model - INFO - Checking cache for linear with key: linear_[('fit_intercept', True), ('polynomial_degree', 1)]_-3734521091510860349
2025-11-11 09:30:22,719 - model - INFO - Using cached results for linear
2025-11-11 09:30:22,719 - model - INFO - Model object not cached, retraining linear
2025-11-11 09:30:22,722 - model - INFO - Applied RobustScaler to features for linear
2025-11-11 09:30:22,723 - model - INFO - Training linear model with params: {'fit_intercept': True, 'polynomial_degree': 1}
2025-11-11 09:30:22,727 - model - INFO - Stored trained model with ID: linear_0
2025-11-11 09:30:22,750 - model - WARNING - Failed to cache model object for linear_0: module 'joblib' has no attribute 'dumps'
2025-11-11 09:30:22,750 - model - INFO - Model linear trained successfully. CV Score: 12204820.6103
2025-11-11 09:30:24,782 - model - INFO - Checking cache for decision_tree with key: decision_tree_[('ccp_alpha', 0.0), ('criterion', 'squared_error'), ('max_depth', 10), ('max_features', 'sqrt'), ('min_samples_leaf', 1), ('min_samples_split', 2), ('splitter', 'best')]_-3734521091510860349
2025-11-11 09:30:24,782 - model - INFO - Using cached results for decision_tree
2025-11-11 09:30:24,783 - model - INFO - Model object not cached, retraining decision_tree
2025-11-11 09:30:24,783 - model - INFO - Training decision_tree model with params: {'max_depth': 10, 'min_samples_split': 2, 'min_samples_leaf': 1, 'max_features': 'sqrt', 'criterion': 'squared_error', 'ccp_alpha': 0.0, 'splitter': 'best'}
2025-11-11 09:30:37,451 - model - INFO - Applied cost complexity pruning with alpha=0.12641113892373032
2025-11-11 09:30:37,452 - model - INFO - Stored trained model with ID: decision_tree_1
2025-11-11 09:30:37,482 - model - WARNING - Failed to cache model object for decision_tree_1: module 'joblib' has no attribute 'dumps'
2025-11-11 09:30:37,482 - model - INFO - Model decision_tree trained successfully. CV Score: 8498638.1822
2025-11-11 09:30:39,587 - model - INFO - Checking cache for random_forest with key: random_forest_[('bootstrap', True), ('ccp_alpha', 0.0), ('criterion', 'squared_error'), ('max_depth', 10), ('max_features', 'sqrt'), ('max_samples', 0.5), ('min_impurity_decrease', 0.0), ('min_samples_leaf', 1), ('min_samples_split', 2), ('n_estimators', 100)]_-3734521091510860349
2025-11-11 09:30:39,587 - model - INFO - Using cached results for random_forest
2025-11-11 09:30:39,587 - model - INFO - Model object not cached, retraining random_forest
2025-11-11 09:30:39,587 - model - INFO - Training random_forest model with params: {'n_estimators': 100, 'max_depth': 10, 'min_samples_split': 2, 'min_samples_leaf': 1, 'max_features': 'sqrt', 'bootstrap': True, 'criterion': 'squared_error', 'ccp_alpha': 0.0, 'max_samples': 0.5, 'min_impurity_decrease': 0.0}
2025-11-11 09:30:39,847 - model - INFO - Applied bootstrap sampling with max_samples=3196
2025-11-11 09:30:39,847 - model - INFO - Stored trained model with ID: random_forest_2
2025-11-11 09:30:41,174 - model - WARNING - Failed to cache model object for random_forest_2: module 'joblib' has no attribute 'dumps'
2025-11-11 09:30:41,174 - model - INFO - Model random_forest trained successfully. CV Score: 2145824.2386
2025-11-11 09:31:02,716 - model - INFO - Model linear_0 evaluation completed. Score: 0.8445
2025-11-11 09:31:02,717 - model - INFO - Model decision_tree_1 evaluation completed. Score: 0.8522
2025-11-11 09:31:02,727 - model - INFO - Model random_forest_2 evaluation completed. Score: 0.9747
2025-11-11 18:13:17,834 - model - INFO - Checking cache for linear with key: linear_[('fit_intercept', True), ('polynomial_degree', 1)]_1064384492601242362
2025-11-11 18:13:17,838 - model - INFO - Using cached results for linear
2025-11-11 18:13:17,839 - model - INFO - Model object not cached, retraining linear
2025-11-11 18:13:17,842 - model - INFO - Applied RobustScaler to features for linear
2025-11-11 18:13:17,842 - model - INFO - Training linear model with params: {'fit_intercept': True, 'polynomial_degree': 1}
2025-11-11 18:13:17,843 - model - INFO - Stored trained model with ID: linear_0
2025-11-11 18:13:17,864 - model - WARNING - Failed to cache model object for linear_0: module 'joblib' has no attribute 'dumps'
2025-11-11 18:13:17,864 - model - INFO - Model linear trained successfully. CV Score: 12204820.6103
2025-11-11 18:13:19,920 - model - INFO - Checking cache for decision_tree with key: decision_tree_[('ccp_alpha', 0.0), ('criterion', 'squared_error'), ('max_depth', 10), ('max_features', 'sqrt'), ('min_samples_leaf', 1), ('min_samples_split', 2), ('splitter', 'best')]_1064384492601242362
2025-11-11 18:13:19,920 - model - INFO - Using cached results for decision_tree
2025-11-11 18:13:19,920 - model - INFO - Model object not cached, retraining decision_tree
2025-11-11 18:13:19,921 - model - INFO - Training decision_tree model with params: {'max_depth': 10, 'min_samples_split': 2, 'min_samples_leaf': 1, 'max_features': 'sqrt', 'criterion': 'squared_error', 'ccp_alpha': 0.0, 'splitter': 'best'}
2025-11-11 18:13:32,054 - model - INFO - Applied cost complexity pruning with alpha=0.12641113892373032
2025-11-11 18:13:32,055 - model - INFO - Stored trained model with ID: decision_tree_1
2025-11-11 18:13:32,085 - model - WARNING - Failed to cache model object for decision_tree_1: module 'joblib' has no attribute 'dumps'
2025-11-11 18:13:32,085 - model - INFO - Model decision_tree trained successfully. CV Score: 8498638.1822
2025-11-11 18:13:34,160 - model - INFO - Checking cache for random_forest with key: random_forest_[('bootstrap', True), ('ccp_alpha', 0.0), ('criterion', 'squared_error'), ('max_depth', 10), ('max_features', 'sqrt'), ('max_samples', 0.5), ('min_impurity_decrease', 0.0), ('min_samples_leaf', 1), ('min_samples_split', 2), ('n_estimators', 100)]_1064384492601242362
2025-11-11 18:13:34,161 - model - INFO - Using cached results for random_forest
2025-11-11 18:13:34,161 - model - INFO - Model object not cached, retraining random_forest
2025-11-11 18:13:34,161 - model - INFO - Training random_forest model with params: {'n_estimators': 100, 'max_depth': 10, 'min_samples_split': 2, 'min_samples_leaf': 1, 'max_features': 'sqrt', 'bootstrap': True, 'criterion': 'squared_error', 'ccp_alpha': 0.0, 'max_samples': 0.5, 'min_impurity_decrease': 0.0}
2025-11-11 18:13:34,427 - model - INFO - Applied bootstrap sampling with max_samples=3196
2025-11-11 18:13:34,427 - model - INFO - Stored trained model with ID: random_forest_2
2025-11-11 18:13:35,761 - model - WARNING - Failed to cache model object for random_forest_2: module 'joblib' has no attribute 'dumps'
2025-11-11 18:13:35,762 - model - INFO - Model random_forest trained successfully. CV Score: 2145824.2386
2025-11-11 18:13:57,243 - model - INFO - Model linear_0 evaluation completed. Score: 0.8445
2025-11-11 18:13:57,244 - model - INFO - Model decision_tree_1 evaluation completed. Score: 0.8522
2025-11-11 18:13:57,256 - model - INFO - Model random_forest_2 evaluation completed. Score: 0.9747
2025-11-12 00:13:37,218 - model - INFO - VIF Analysis complete. Max VIF: inf
2025-11-12 00:13:37,219 - model - WARNING - High VIF features (>10.0): ['Unit Cost', 'Unit Price', 'Procurement_to_Order_Days', 'Order_to_Ship_Days', 'Ship_to_Delivery_Days', 'Total_Lead_Time']
2025-11-12 00:13:37,220 - model - INFO - Dropping 1 highly correlated features: ['Total_Lead_Time']
2025-11-12 00:13:37,225 - model - INFO - Created 5 domain interaction features
2025-11-12 00:13:37,225 - model - INFO - Checking cache for linear with key: linear_[]_-8755538386591105768
2025-11-12 00:13:37,232 - model - INFO - Cache feature mismatch, retraining linear
2025-11-12 00:13:37,235 - model - INFO - Applied RobustScaler to features for linear
2025-11-12 00:13:37,235 - model - INFO - Training linear model with params: {}
2025-11-12 00:13:37,244 - model - INFO - Stored trained model with ID: linear_0
2025-11-12 00:13:37,264 - model - WARNING - Failed to cache model object for linear_0: module 'joblib' has no attribute 'dumps'
2025-11-12 00:13:37,264 - model - INFO - Model linear trained successfully. CV Score: 11220474.0613
2025-11-12 00:13:37,264 - model - INFO - Checking cache for ridge with key: ridge_[('alpha', 1.0)]_-8755538386591105768
2025-11-12 00:13:37,265 - model - INFO - Cache miss for ridge - training new model
2025-11-12 00:13:37,267 - model - INFO - Applied RobustScaler to features for ridge
2025-11-12 00:13:37,268 - model - INFO - Training ridge model with params: {'alpha': 1.0}
2025-11-12 00:13:37,270 - model - INFO - Stored trained model with ID: ridge_1
2025-11-12 00:13:37,288 - model - WARNING - Failed to cache model object for ridge_1: module 'joblib' has no attribute 'dumps'
2025-11-12 00:13:37,288 - model - INFO - Model ridge trained successfully. CV Score: 11220399.5940
2025-11-12 00:13:37,288 - model - INFO - Checking cache for lasso with key: lasso_[('alpha', 1.0)]_-8755538386591105768
2025-11-12 00:13:37,288 - model - INFO - Cache miss for lasso - training new model
2025-11-12 00:13:37,290 - model - INFO - Applied RobustScaler to features for lasso
2025-11-12 00:13:37,290 - model - INFO - Training lasso model with params: {'alpha': 1.0}
2025-11-12 00:13:37,296 - model - INFO - Stored trained model with ID: lasso_2
2025-11-12 00:13:37,331 - model - WARNING - Failed to cache model object for lasso_2: module 'joblib' has no attribute 'dumps'
2025-11-12 00:13:37,331 - model - INFO - Model lasso trained successfully. CV Score: 11220217.0289
2025-11-12 00:13:37,331 - model - INFO - Checking cache for elastic_net with key: elastic_net_[('alpha', 1.0), ('l1_ratio', 0.5)]_-8755538386591105768
2025-11-12 00:13:37,331 - model - INFO - Cache miss for elastic_net - training new model
2025-11-12 00:13:37,334 - model - INFO - Applied RobustScaler to features for elastic_net
2025-11-12 00:13:37,334 - model - INFO - Training elastic_net model with params: {'alpha': 1.0, 'l1_ratio': 0.5}
2025-11-12 00:13:37,335 - model - INFO - Stored trained model with ID: elastic_net_3
2025-11-12 00:13:37,352 - model - WARNING - Failed to cache model object for elastic_net_3: module 'joblib' has no attribute 'dumps'
2025-11-12 00:13:37,352 - model - INFO - Model elastic_net trained successfully. CV Score: 25210527.4700
2025-11-12 00:13:37,417 - model - INFO - Residual diagnostics: Normal=False, Homoscedastic=True
2025-11-12 00:13:37,455 - model - INFO - Residual diagnostics: Normal=False, Homoscedastic=True
2025-11-12 00:13:38,854 - model - INFO - Learning curves generated. Convergence gap: 429813.9759
2025-11-12 00:13:38,907 - model - INFO - Learning curves generated. Convergence gap: 431935.9666
2025-11-12 00:13:38,959 - model - INFO - RFE selected 9/9 features
2025-11-12 00:13:38,959 - model - INFO - Training ridge with automatic alpha selection (CV)
2025-11-12 00:13:39,185 - model - INFO - Optimal alpha for ridge: 0.059636
2025-11-12 00:13:39,185 - model - INFO - Training lasso with automatic alpha selection (CV)
2025-11-12 00:13:39,221 - model - INFO - Optimal alpha for lasso: 0.000100
2025-11-12 00:13:39,222 - model - INFO - Training elastic_net with automatic alpha selection (CV)
2025-11-12 00:13:39,797 - model - INFO - Optimal alpha for elastic_net: 0.000212
2025-11-12 00:14:14,752 - model - INFO - VIF Analysis complete. Max VIF: inf
2025-11-12 00:14:14,753 - model - WARNING - High VIF features (>10.0): ['Unit Cost', 'Unit Price', 'Procurement_to_Order_Days', 'Order_to_Ship_Days', 'Ship_to_Delivery_Days', 'Total_Lead_Time']
2025-11-12 00:14:14,755 - model - INFO - Dropping 1 highly correlated features: ['Total_Lead_Time']
2025-11-12 00:14:14,759 - model - INFO - Created 5 domain interaction features
2025-11-12 00:14:14,760 - model - INFO - Checking cache for linear with key: linear_[]_6626181433803447003
2025-11-12 00:14:14,761 - model - INFO - Using cached results for linear
2025-11-12 00:14:14,761 - model - INFO - Model object not cached, retraining linear
2025-11-12 00:14:14,764 - model - INFO - Applied RobustScaler to features for linear
2025-11-12 00:14:14,764 - model - INFO - Training linear model with params: {}
2025-11-12 00:14:14,766 - model - INFO - Stored trained model with ID: linear_0
2025-11-12 00:14:14,784 - model - WARNING - Failed to cache model object for linear_0: module 'joblib' has no attribute 'dumps'
2025-11-12 00:14:14,784 - model - INFO - Model linear trained successfully. CV Score: 11220474.0613
2025-11-12 00:14:14,784 - model - INFO - Checking cache for ridge with key: ridge_[('alpha', 1.0)]_6626181433803447003
2025-11-12 00:14:14,784 - model - INFO - Using cached results for ridge
2025-11-12 00:14:14,785 - model - INFO - Model object not cached, retraining ridge
2025-11-12 00:14:14,787 - model - INFO - Applied RobustScaler to features for ridge
2025-11-12 00:14:14,787 - model - INFO - Training ridge model with params: {'alpha': 1.0}
2025-11-12 00:14:14,788 - model - INFO - Stored trained model with ID: ridge_1
2025-11-12 00:14:14,805 - model - WARNING - Failed to cache model object for ridge_1: module 'joblib' has no attribute 'dumps'
2025-11-12 00:14:14,805 - model - INFO - Model ridge trained successfully. CV Score: 11220399.5940
2025-11-12 00:14:14,806 - model - INFO - Checking cache for lasso with key: lasso_[('alpha', 1.0)]_6626181433803447003
2025-11-12 00:14:14,806 - model - INFO - Using cached results for lasso
2025-11-12 00:14:14,806 - model - INFO - Model object not cached, retraining lasso
2025-11-12 00:14:14,808 - model - INFO - Applied RobustScaler to features for lasso
2025-11-12 00:14:14,808 - model - INFO - Training lasso model with params: {'alpha': 1.0}
2025-11-12 00:14:14,813 - model - INFO - Stored trained model with ID: lasso_2
2025-11-12 00:14:14,849 - model - WARNING - Failed to cache model object for lasso_2: module 'joblib' has no attribute 'dumps'
2025-11-12 00:14:14,849 - model - INFO - Model lasso trained successfully. CV Score: 11220217.0289
2025-11-12 00:14:14,849 - model - INFO - Checking cache for elastic_net with key: elastic_net_[('alpha', 1.0), ('l1_ratio', 0.5)]_6626181433803447003
2025-11-12 00:14:14,849 - model - INFO - Using cached results for elastic_net
2025-11-12 00:14:14,850 - model - INFO - Model object not cached, retraining elastic_net
2025-11-12 00:14:14,852 - model - INFO - Applied RobustScaler to features for elastic_net
2025-11-12 00:14:14,852 - model - INFO - Training elastic_net model with params: {'alpha': 1.0, 'l1_ratio': 0.5}
2025-11-12 00:14:14,853 - model - INFO - Stored trained model with ID: elastic_net_3
2025-11-12 00:14:14,870 - model - WARNING - Failed to cache model object for elastic_net_3: module 'joblib' has no attribute 'dumps'
2025-11-12 00:14:14,870 - model - INFO - Model elastic_net trained successfully. CV Score: 25210527.4700
2025-11-12 00:14:14,940 - model - INFO - Residual diagnostics: Normal=False, Homoscedastic=True
2025-11-12 00:14:14,977 - model - INFO - Residual diagnostics: Normal=False, Homoscedastic=True
2025-11-12 00:14:16,557 - model - INFO - Learning curves generated. Convergence gap: 429813.9759
2025-11-12 00:14:16,621 - model - INFO - Learning curves generated. Convergence gap: 431935.9666
2025-11-12 00:14:16,673 - model - INFO - RFE selected 9/9 features
2025-11-12 00:14:16,673 - model - INFO - Training ridge with automatic alpha selection (CV)
2025-11-12 00:14:17,130 - model - INFO - Optimal alpha for ridge: 0.059636
2025-11-12 00:14:17,131 - model - INFO - Training lasso with automatic alpha selection (CV)
2025-11-12 00:14:17,212 - model - INFO - Optimal alpha for lasso: 0.000100
2025-11-12 00:14:17,214 - model - INFO - Training elastic_net with automatic alpha selection (CV)
2025-11-12 00:14:17,924 - model - INFO - Optimal alpha for elastic_net: 0.000212
2025-11-12 00:15:10,580 - model - INFO - VIF Analysis complete. Max VIF: inf
2025-11-12 00:15:10,581 - model - WARNING - High VIF features (>10.0): ['Unit Cost', 'Unit Price', 'Procurement_to_Order_Days', 'Order_to_Ship_Days', 'Ship_to_Delivery_Days', 'Total_Lead_Time']
2025-11-12 00:15:10,582 - model - INFO - Dropping 1 highly correlated features: ['Total_Lead_Time']
2025-11-12 00:15:10,587 - model - INFO - Created 5 domain interaction features
2025-11-12 00:15:10,587 - model - INFO - Checking cache for linear with key: linear_[]_-3949342330042963913
2025-11-12 00:15:10,588 - model - INFO - Using cached results for linear
2025-11-12 00:15:10,588 - model - INFO - Model object not cached, retraining linear
2025-11-12 00:15:10,590 - model - INFO - Applied RobustScaler to features for linear
2025-11-12 00:15:10,590 - model - INFO - Training linear model with params: {}
2025-11-12 00:15:10,592 - model - INFO - Stored trained model with ID: linear_0
2025-11-12 00:15:10,610 - model - WARNING - Failed to cache model object for linear_0: module 'joblib' has no attribute 'dumps'
2025-11-12 00:15:10,610 - model - INFO - Model linear trained successfully. CV Score: 11220474.0613
2025-11-12 00:15:10,610 - model - INFO - Checking cache for ridge with key: ridge_[('alpha', 1.0)]_-3949342330042963913
2025-11-12 00:15:10,610 - model - INFO - Using cached results for ridge
2025-11-12 00:15:10,610 - model - INFO - Model object not cached, retraining ridge
2025-11-12 00:15:10,612 - model - INFO - Applied RobustScaler to features for ridge
2025-11-12 00:15:10,612 - model - INFO - Training ridge model with params: {'alpha': 1.0}
2025-11-12 00:15:10,614 - model - INFO - Stored trained model with ID: ridge_1
2025-11-12 00:15:10,629 - model - WARNING - Failed to cache model object for ridge_1: module 'joblib' has no attribute 'dumps'
2025-11-12 00:15:10,629 - model - INFO - Model ridge trained successfully. CV Score: 11220399.5940
2025-11-12 00:15:10,629 - model - INFO - Checking cache for lasso with key: lasso_[('alpha', 1.0)]_-3949342330042963913
2025-11-12 00:15:10,629 - model - INFO - Using cached results for lasso
2025-11-12 00:15:10,629 - model - INFO - Model object not cached, retraining lasso
2025-11-12 00:15:10,631 - model - INFO - Applied RobustScaler to features for lasso
2025-11-12 00:15:10,631 - model - INFO - Training lasso model with params: {'alpha': 1.0}
2025-11-12 00:15:10,637 - model - INFO - Stored trained model with ID: lasso_2
2025-11-12 00:15:10,672 - model - WARNING - Failed to cache model object for lasso_2: module 'joblib' has no attribute 'dumps'
2025-11-12 00:15:10,672 - model - INFO - Model lasso trained successfully. CV Score: 11220217.0289
2025-11-12 00:15:10,672 - model - INFO - Checking cache for elastic_net with key: elastic_net_[('alpha', 1.0), ('l1_ratio', 0.5)]_-3949342330042963913
2025-11-12 00:15:10,672 - model - INFO - Using cached results for elastic_net
2025-11-12 00:15:10,672 - model - INFO - Model object not cached, retraining elastic_net
2025-11-12 00:15:10,675 - model - INFO - Applied RobustScaler to features for elastic_net
2025-11-12 00:15:10,675 - model - INFO - Training elastic_net model with params: {'alpha': 1.0, 'l1_ratio': 0.5}
2025-11-12 00:15:10,675 - model - INFO - Stored trained model with ID: elastic_net_3
2025-11-12 00:15:10,692 - model - WARNING - Failed to cache model object for elastic_net_3: module 'joblib' has no attribute 'dumps'
2025-11-12 00:15:10,692 - model - INFO - Model elastic_net trained successfully. CV Score: 25210527.4700
2025-11-12 00:15:10,775 - model - INFO - Residual diagnostics: Normal=False, Homoscedastic=True
2025-11-12 00:15:10,809 - model - INFO - Residual diagnostics: Normal=False, Homoscedastic=True
2025-11-12 00:15:12,256 - model - INFO - Learning curves generated. Convergence gap: 429813.9759
2025-11-12 00:15:12,317 - model - INFO - Learning curves generated. Convergence gap: 431935.9666
2025-11-12 00:15:12,358 - model - INFO - RFE selected 9/9 features
2025-11-12 00:15:12,358 - model - INFO - Training ridge with automatic alpha selection (CV)
2025-11-12 00:15:12,585 - model - INFO - Optimal alpha for ridge: 0.059636
2025-11-12 00:15:12,585 - model - INFO - Training lasso with automatic alpha selection (CV)
2025-11-12 00:15:12,623 - model - INFO - Optimal alpha for lasso: 0.000100
2025-11-12 00:15:12,624 - model - INFO - Training elastic_net with automatic alpha selection (CV)
2025-11-12 00:15:13,220 - model - INFO - Optimal alpha for elastic_net: 0.000212
2025-11-12 17:16:22,524 - model - INFO - Checking cache for linear with key: linear_[('fit_intercept', True), ('polynomial_degree', 1)]_1317139832629386924
2025-11-12 17:16:22,528 - model - INFO - Using cached results for linear
2025-11-12 17:16:22,529 - model - INFO - Model object not cached, retraining linear
2025-11-12 17:16:22,533 - model - INFO - Applied RobustScaler to features for linear
2025-11-12 17:16:22,533 - model - INFO - Training linear model with params: {'fit_intercept': True, 'polynomial_degree': 1}
2025-11-12 17:16:22,539 - model - INFO - Stored trained model with ID: linear_0
2025-11-12 17:16:22,561 - model - WARNING - Failed to cache model object for linear_0: module 'joblib' has no attribute 'dumps'
2025-11-12 17:16:22,561 - model - INFO - Model linear trained successfully. CV Score: 11212237.0290
2025-11-12 17:16:24,951 - model - INFO - Checking cache for decision_tree with key: decision_tree_[('ccp_alpha', 0.0), ('criterion', 'squared_error'), ('max_depth', 10), ('max_features', 'sqrt'), ('min_samples_leaf', 1), ('min_samples_split', 2), ('splitter', 'best')]_1317139832629386924
2025-11-12 17:16:24,951 - model - INFO - Using cached results for decision_tree
2025-11-12 17:16:24,952 - model - INFO - Model object not cached, retraining decision_tree
2025-11-12 17:16:24,952 - model - INFO - Training decision_tree model with params: {'max_depth': 10, 'min_samples_split': 2, 'min_samples_leaf': 1, 'max_features': 'sqrt', 'criterion': 'squared_error', 'ccp_alpha': 0.0, 'splitter': 'best'}
2025-11-12 17:16:37,388 - model - INFO - Stored trained model with ID: decision_tree_1
2025-11-12 17:16:37,419 - model - WARNING - Failed to cache model object for decision_tree_1: module 'joblib' has no attribute 'dumps'
2025-11-12 17:16:37,419 - model - INFO - Model decision_tree trained successfully. CV Score: 8854333.7443
2025-11-12 17:16:39,359 - model - INFO - Checking cache for random_forest with key: random_forest_[('bootstrap', True), ('ccp_alpha', 0.0), ('criterion', 'squared_error'), ('max_depth', 10), ('max_features', 'sqrt'), ('max_samples', 0.5), ('min_impurity_decrease', 0.0), ('min_samples_leaf', 1), ('min_samples_split', 2), ('n_estimators', 100)]_1317139832629386924
2025-11-12 17:16:39,359 - model - INFO - Using cached results for random_forest
2025-11-12 17:16:39,359 - model - INFO - Model object not cached, retraining random_forest
2025-11-12 17:16:39,359 - model - INFO - Training random_forest model with params: {'n_estimators': 100, 'max_depth': 10, 'min_samples_split': 2, 'min_samples_leaf': 1, 'max_features': 'sqrt', 'bootstrap': True, 'criterion': 'squared_error', 'ccp_alpha': 0.0, 'max_samples': 0.5, 'min_impurity_decrease': 0.0}
2025-11-12 17:16:39,625 - model - INFO - Applied bootstrap sampling with max_samples=3178
2025-11-12 17:16:39,625 - model - INFO - Stored trained model with ID: random_forest_2
2025-11-12 17:16:40,991 - model - WARNING - Failed to cache model object for random_forest_2: module 'joblib' has no attribute 'dumps'
2025-11-12 17:16:40,991 - model - INFO - Model random_forest trained successfully. CV Score: 2120404.0515
2025-11-12 17:17:02,434 - model - INFO - Model linear_0 evaluation completed. Score: 0.8572
2025-11-12 17:17:02,435 - model - INFO - Model decision_tree_1 evaluation completed. Score: 0.9162
2025-11-12 17:17:02,450 - model - INFO - Model random_forest_2 evaluation completed. Score: 0.9680
2025-11-12 17:17:08,446 - model - INFO - Checking cache for linear with key: linear_[('fit_intercept', True), ('polynomial_degree', 1)]_1317139832629386924
2025-11-12 17:17:08,447 - model - INFO - Using cached results for linear
2025-11-12 17:17:08,447 - model - INFO - Model object not cached, retraining linear
2025-11-12 17:17:08,450 - model - INFO - Applied RobustScaler to features for linear
2025-11-12 17:17:08,450 - model - INFO - Training linear model with params: {'fit_intercept': True, 'polynomial_degree': 1}
2025-11-12 17:17:08,451 - model - INFO - Stored trained model with ID: linear_0
2025-11-12 17:17:08,471 - model - WARNING - Failed to cache model object for linear_0: module 'joblib' has no attribute 'dumps'
2025-11-12 17:17:08,471 - model - INFO - Model linear trained successfully. CV Score: 11212237.0290
2025-11-12 17:17:10,016 - model - INFO - Checking cache for decision_tree with key: decision_tree_[('ccp_alpha', 0.0), ('criterion', 'squared_error'), ('max_depth', 10), ('max_features', 'sqrt'), ('min_samples_leaf', 1), ('min_samples_split', 2), ('splitter', 'best')]_1317139832629386924
2025-11-12 17:17:10,016 - model - INFO - Using cached results for decision_tree
2025-11-12 17:17:10,016 - model - INFO - Model object not cached, retraining decision_tree
2025-11-12 17:17:10,017 - model - INFO - Training decision_tree model with params: {'max_depth': 10, 'min_samples_split': 2, 'min_samples_leaf': 1, 'max_features': 'sqrt', 'criterion': 'squared_error', 'ccp_alpha': 0.0, 'splitter': 'best'}
2025-11-12 17:17:22,835 - model - INFO - Stored trained model with ID: decision_tree_1
2025-11-12 17:17:22,865 - model - WARNING - Failed to cache model object for decision_tree_1: module 'joblib' has no attribute 'dumps'
2025-11-12 17:17:22,865 - model - INFO - Model decision_tree trained successfully. CV Score: 8854333.7443
2025-11-12 17:17:24,787 - model - INFO - Checking cache for random_forest with key: random_forest_[('bootstrap', True), ('ccp_alpha', 0.0), ('criterion', 'squared_error'), ('max_depth', 10), ('max_features', 'sqrt'), ('max_samples', 0.5), ('min_impurity_decrease', 0.0), ('min_samples_leaf', 1), ('min_samples_split', 2), ('n_estimators', 100)]_1317139832629386924
2025-11-12 17:17:24,787 - model - INFO - Using cached results for random_forest
2025-11-12 17:17:24,787 - model - INFO - Model object not cached, retraining random_forest
2025-11-12 17:17:24,788 - model - INFO - Training random_forest model with params: {'n_estimators': 100, 'max_depth': 10, 'min_samples_split': 2, 'min_samples_leaf': 1, 'max_features': 'sqrt', 'bootstrap': True, 'criterion': 'squared_error', 'ccp_alpha': 0.0, 'max_samples': 0.5, 'min_impurity_decrease': 0.0}
2025-11-12 17:17:25,049 - model - INFO - Applied bootstrap sampling with max_samples=3178
2025-11-12 17:17:25,049 - model - INFO - Stored trained model with ID: random_forest_2
2025-11-12 17:17:26,383 - model - WARNING - Failed to cache model object for random_forest_2: module 'joblib' has no attribute 'dumps'
2025-11-12 17:17:26,383 - model - INFO - Model random_forest trained successfully. CV Score: 2120404.0515
2025-11-12 17:17:48,162 - model - INFO - Model linear_0 evaluation completed. Score: 0.8572
2025-11-12 17:17:48,163 - model - INFO - Model decision_tree_1 evaluation completed. Score: 0.9162
2025-11-12 17:17:48,173 - model - INFO - Model random_forest_2 evaluation completed. Score: 0.9680
2025-11-12 21:00:38,944 - model - INFO - Checking cache for linear with key: linear_[('fit_intercept', True), ('polynomial_degree', 1)]_8009361361204557621
2025-11-12 21:00:38,948 - model - INFO - Using cached results for linear
2025-11-12 21:00:38,948 - model - INFO - Model object not cached, retraining linear
2025-11-12 21:00:38,952 - model - INFO - Applied RobustScaler to features for linear
2025-11-12 21:00:38,952 - model - INFO - Training linear model with params: {'fit_intercept': True, 'polynomial_degree': 1}
2025-11-12 21:00:38,953 - model - INFO - Stored trained model with ID: linear_0
2025-11-12 21:00:38,975 - model - WARNING - Failed to cache model object for linear_0: module 'joblib' has no attribute 'dumps'
2025-11-12 21:00:38,975 - model - INFO - Model linear trained successfully. CV Score: 11212237.0290
2025-11-12 21:00:41,184 - model - INFO - Checking cache for decision_tree with key: decision_tree_[('ccp_alpha', 0.0), ('criterion', 'squared_error'), ('max_depth', 10), ('max_features', 'sqrt'), ('min_samples_leaf', 1), ('min_samples_split', 2), ('splitter', 'best')]_8009361361204557621
2025-11-12 21:00:41,184 - model - INFO - Using cached results for decision_tree
2025-11-12 21:00:41,184 - model - INFO - Model object not cached, retraining decision_tree
2025-11-12 21:00:41,185 - model - INFO - Training decision_tree model with params: {'max_depth': 10, 'min_samples_split': 2, 'min_samples_leaf': 1, 'max_features': 'sqrt', 'criterion': 'squared_error', 'ccp_alpha': 0.0, 'splitter': 'best'}
2025-11-12 21:00:53,995 - model - INFO - Stored trained model with ID: decision_tree_1
2025-11-12 21:00:54,031 - model - WARNING - Failed to cache model object for decision_tree_1: module 'joblib' has no attribute 'dumps'
2025-11-12 21:00:54,031 - model - INFO - Model decision_tree trained successfully. CV Score: 8854333.7443
2025-11-12 21:00:56,336 - model - INFO - Checking cache for random_forest with key: random_forest_[('bootstrap', True), ('ccp_alpha', 0.0), ('criterion', 'squared_error'), ('max_depth', 10), ('max_features', 'sqrt'), ('max_samples', 0.5), ('min_impurity_decrease', 0.0), ('min_samples_leaf', 1), ('min_samples_split', 2), ('n_estimators', 100)]_8009361361204557621
2025-11-12 21:00:56,338 - model - INFO - Using cached results for random_forest
2025-11-12 21:00:56,338 - model - INFO - Model object not cached, retraining random_forest
2025-11-12 21:00:56,338 - model - INFO - Training random_forest model with params: {'n_estimators': 100, 'max_depth': 10, 'min_samples_split': 2, 'min_samples_leaf': 1, 'max_features': 'sqrt', 'bootstrap': True, 'criterion': 'squared_error', 'ccp_alpha': 0.0, 'max_samples': 0.5, 'min_impurity_decrease': 0.0}
2025-11-12 21:00:56,609 - model - INFO - Applied bootstrap sampling with max_samples=3178
2025-11-12 21:00:56,609 - model - INFO - Stored trained model with ID: random_forest_2
2025-11-12 21:00:58,052 - model - WARNING - Failed to cache model object for random_forest_2: module 'joblib' has no attribute 'dumps'
2025-11-12 21:00:58,052 - model - INFO - Model random_forest trained successfully. CV Score: 2120404.0515
2025-11-12 21:01:20,230 - model - INFO - Model linear_0 evaluation completed. Score: 0.8572
2025-11-12 21:01:20,232 - model - INFO - Model decision_tree_1 evaluation completed. Score: 0.9162
2025-11-12 21:01:20,243 - model - INFO - Model random_forest_2 evaluation completed. Score: 0.9680
2025-11-19 19:31:23,001 - model - INFO - Checking cache for linear with key: linear_[('fit_intercept', True), ('polynomial_degree', 1)]_-8940897972656007695
2025-11-19 19:31:23,006 - model - INFO - Using cached results for linear
2025-11-19 19:31:23,006 - model - INFO - Model object not cached, retraining linear
2025-11-19 19:31:23,009 - model - INFO - Applied RobustScaler to features for linear
2025-11-19 19:31:23,009 - model - INFO - Training linear model with params: {'fit_intercept': True, 'polynomial_degree': 1}
2025-11-19 19:31:23,015 - model - INFO - Stored trained model with ID: linear_0
2025-11-19 19:31:23,038 - model - WARNING - Failed to cache model object for linear_0: module 'joblib' has no attribute 'dumps'
2025-11-19 19:31:23,038 - model - INFO - Model linear trained successfully. CV Score: 11212237.0290
2025-11-19 19:31:25,534 - model - INFO - Checking cache for decision_tree with key: decision_tree_[('ccp_alpha', 0.0), ('criterion', 'squared_error'), ('max_depth', 10), ('max_features', 'sqrt'), ('min_samples_leaf', 1), ('min_samples_split', 2), ('splitter', 'best')]_-8940897972656007695
2025-11-19 19:31:25,534 - model - INFO - Using cached results for decision_tree
2025-11-19 19:31:25,534 - model - INFO - Model object not cached, retraining decision_tree
2025-11-19 19:31:25,534 - model - INFO - Training decision_tree model with params: {'max_depth': 10, 'min_samples_split': 2, 'min_samples_leaf': 1, 'max_features': 'sqrt', 'criterion': 'squared_error', 'ccp_alpha': 0.0, 'splitter': 'best'}
2025-11-19 19:31:38,269 - model - INFO - Stored trained model with ID: decision_tree_1
2025-11-19 19:31:38,301 - model - WARNING - Failed to cache model object for decision_tree_1: module 'joblib' has no attribute 'dumps'
2025-11-19 19:31:38,301 - model - INFO - Model decision_tree trained successfully. CV Score: 8854333.7443
2025-11-19 19:31:40,314 - model - INFO - Checking cache for random_forest with key: random_forest_[('bootstrap', True), ('ccp_alpha', 0.0), ('criterion', 'squared_error'), ('max_depth', 10), ('max_features', 'sqrt'), ('max_samples', 0.5), ('min_impurity_decrease', 0.0), ('min_samples_leaf', 1), ('min_samples_split', 2), ('n_estimators', 100)]_-8940897972656007695
2025-11-19 19:31:40,314 - model - INFO - Using cached results for random_forest
2025-11-19 19:31:40,314 - model - INFO - Model object not cached, retraining random_forest
2025-11-19 19:31:40,315 - model - INFO - Training random_forest model with params: {'n_estimators': 100, 'max_depth': 10, 'min_samples_split': 2, 'min_samples_leaf': 1, 'max_features': 'sqrt', 'bootstrap': True, 'criterion': 'squared_error', 'ccp_alpha': 0.0, 'max_samples': 0.5, 'min_impurity_decrease': 0.0}
2025-11-19 19:31:40,575 - model - INFO - Applied bootstrap sampling with max_samples=3178
2025-11-19 19:31:40,575 - model - INFO - Stored trained model with ID: random_forest_2
2025-11-19 19:31:41,985 - model - WARNING - Failed to cache model object for random_forest_2: module 'joblib' has no attribute 'dumps'
2025-11-19 19:31:41,985 - model - INFO - Model random_forest trained successfully. CV Score: 2120404.0515
2025-11-19 19:32:03,955 - model - INFO - Model linear_0 evaluation completed. Score: 0.8572
2025-11-19 19:32:03,957 - model - INFO - Model decision_tree_1 evaluation completed. Score: 0.9162
2025-11-19 19:32:03,967 - model - INFO - Model random_forest_2 evaluation completed. Score: 0.9680
2025-11-19 19:32:05,880 - model - INFO - Checking cache for linear with key: linear_[('fit_intercept', True), ('polynomial_degree', 1)]_-8940897972656007695
2025-11-19 19:32:05,881 - model - INFO - Using cached results for linear
2025-11-19 19:32:05,881 - model - INFO - Model object not cached, retraining linear
2025-11-19 19:32:05,884 - model - INFO - Applied RobustScaler to features for linear
2025-11-19 19:32:05,884 - model - INFO - Training linear model with params: {'fit_intercept': True, 'polynomial_degree': 1}
2025-11-19 19:32:05,885 - model - INFO - Stored trained model with ID: linear_0
2025-11-19 19:32:05,906 - model - WARNING - Failed to cache model object for linear_0: module 'joblib' has no attribute 'dumps'
2025-11-19 19:32:05,906 - model - INFO - Model linear trained successfully. CV Score: 11212237.0290
2025-11-19 19:32:07,583 - model - INFO - Checking cache for decision_tree with key: decision_tree_[('ccp_alpha', 0.0), ('criterion', 'squared_error'), ('max_depth', 10), ('max_features', 'sqrt'), ('min_samples_leaf', 1), ('min_samples_split', 2), ('splitter', 'best')]_-8940897972656007695
2025-11-19 19:32:07,583 - model - INFO - Using cached results for decision_tree
2025-11-19 19:32:07,583 - model - INFO - Model object not cached, retraining decision_tree
2025-11-19 19:32:07,584 - model - INFO - Training decision_tree model with params: {'max_depth': 10, 'min_samples_split': 2, 'min_samples_leaf': 1, 'max_features': 'sqrt', 'criterion': 'squared_error', 'ccp_alpha': 0.0, 'splitter': 'best'}
2025-11-19 19:32:20,502 - model - INFO - Stored trained model with ID: decision_tree_1
2025-11-19 19:32:20,534 - model - WARNING - Failed to cache model object for decision_tree_1: module 'joblib' has no attribute 'dumps'
2025-11-19 19:32:20,534 - model - INFO - Model decision_tree trained successfully. CV Score: 8854333.7443
2025-11-19 19:32:22,609 - model - INFO - Checking cache for random_forest with key: random_forest_[('bootstrap', True), ('ccp_alpha', 0.0), ('criterion', 'squared_error'), ('max_depth', 10), ('max_features', 'sqrt'), ('max_samples', 0.5), ('min_impurity_decrease', 0.0), ('min_samples_leaf', 1), ('min_samples_split', 2), ('n_estimators', 100)]_-8940897972656007695
2025-11-19 19:32:22,609 - model - INFO - Using cached results for random_forest
2025-11-19 19:32:22,609 - model - INFO - Model object not cached, retraining random_forest
2025-11-19 19:32:22,610 - model - INFO - Training random_forest model with params: {'n_estimators': 100, 'max_depth': 10, 'min_samples_split': 2, 'min_samples_leaf': 1, 'max_features': 'sqrt', 'bootstrap': True, 'criterion': 'squared_error', 'ccp_alpha': 0.0, 'max_samples': 0.5, 'min_impurity_decrease': 0.0}
2025-11-19 19:32:22,879 - model - INFO - Applied bootstrap sampling with max_samples=3178
2025-11-19 19:32:22,879 - model - INFO - Stored trained model with ID: random_forest_2
2025-11-19 19:32:24,289 - model - WARNING - Failed to cache model object for random_forest_2: module 'joblib' has no attribute 'dumps'
2025-11-19 19:32:24,289 - model - INFO - Model random_forest trained successfully. CV Score: 2120404.0515
2025-11-19 19:32:46,487 - model - INFO - Model linear_0 evaluation completed. Score: 0.8572
2025-11-19 19:32:46,488 - model - INFO - Model decision_tree_1 evaluation completed. Score: 0.9162
2025-11-19 19:32:46,499 - model - INFO - Model random_forest_2 evaluation completed. Score: 0.9680
2025-11-19 19:36:44,621 - model - INFO - Checking cache for KNN with key: KNN_[]_5361557348162751271
2025-11-19 19:36:44,621 - model - INFO - Cache miss for KNN - training new model
2025-11-19 19:36:44,627 - model - INFO - Applied RobustScaler to features for KNN
2025-11-19 19:36:56,622 - model - INFO - Checking cache for KNN with key: KNN_[]_2569866626345086686
2025-11-19 19:36:56,623 - model - INFO - Cache miss for KNN - training new model
2025-11-19 19:36:56,628 - model - INFO - Applied RobustScaler to features for KNN
2025-11-19 19:36:56,628 - model - INFO - Training KNN model with params: {}
2025-11-19 19:36:56,629 - model - INFO - Stored trained model with ID: KNN_0
2025-11-19 19:38:38,381 - model - INFO - Checking cache for KNN with key: KNN_[]_-7878699820637433655
2025-11-19 19:38:38,382 - model - INFO - Cache miss for KNN - training new model
2025-11-19 19:38:38,389 - model - INFO - Applied RobustScaler to features for KNN
2025-11-19 19:38:38,389 - model - INFO - Training KNN model with params: {}
2025-11-19 19:38:38,390 - model - INFO - Stored trained model with ID: KNN_0
2025-11-19 19:39:00,447 - model - INFO - Checking cache for KNN with key: KNN_[]_5357842930953494476
2025-11-19 19:39:00,448 - model - INFO - Cache miss for KNN - training new model
2025-11-19 19:39:00,454 - model - INFO - Applied RobustScaler to features for KNN
2025-11-19 19:39:00,454 - model - INFO - Training KNN model with params: {}
2025-11-19 19:39:00,455 - model - INFO - Stored trained model with ID: KNN_0
2025-11-19 19:39:00,556 - model - INFO - KNN Validation: Optimal K=5, CV Score=38281401.3632
2025-11-19 19:39:00,591 - model - WARNING - Failed to cache model object for KNN_0: module 'joblib' has no attribute 'dumps'
2025-11-19 19:39:00,591 - model - INFO - Model KNN trained successfully. CV Score: 38281401.3632
2025-11-19 19:39:23,775 - model - INFO - Checking cache for KNN with key: KNN_[]_-8398395115878830589
2025-11-19 19:39:23,776 - model - INFO - Using cached results for KNN
2025-11-19 19:39:23,776 - model - INFO - Model object not cached, retraining KNN
2025-11-19 19:39:23,783 - model - INFO - Applied RobustScaler to features for KNN
2025-11-19 19:39:23,783 - model - INFO - Training KNN model with params: {}
2025-11-19 19:39:23,784 - model - INFO - Stored trained model with ID: KNN_0
2025-11-19 19:39:23,895 - model - INFO - KNN Validation: Optimal K=5, CV Score=38281401.3632
2025-11-19 19:39:23,930 - model - WARNING - Failed to cache model object for KNN_0: module 'joblib' has no attribute 'dumps'
2025-11-19 19:39:23,930 - model - INFO - Model KNN trained successfully. CV Score: 38281401.3632
2025-11-19 19:39:23,931 - model - INFO - Starting hyperparameter tuning for KNN
2025-11-19 19:39:49,236 - model - INFO - Checking cache for linear with key: linear_[('fit_intercept', True), ('polynomial_degree', 1)]_-5287041295152077418
2025-11-19 19:39:49,237 - model - INFO - Using cached results for linear
2025-11-19 19:39:49,238 - model - INFO - Model object not cached, retraining linear
2025-11-19 19:39:49,245 - model - INFO - Applied RobustScaler to features for linear
2025-11-19 19:39:49,245 - model - INFO - Training linear model with params: {'fit_intercept': True, 'polynomial_degree': 1}
2025-11-19 19:39:49,249 - model - INFO - Stored trained model with ID: linear_0
2025-11-19 19:39:49,297 - model - WARNING - Failed to cache model object for linear_0: module 'joblib' has no attribute 'dumps'
2025-11-19 19:39:49,298 - model - INFO - Model linear trained successfully. CV Score: 11212237.0290
2025-11-19 19:39:51,613 - model - INFO - Checking cache for decision_tree with key: decision_tree_[('ccp_alpha', 0.0), ('criterion', 'squared_error'), ('max_depth', 10), ('max_features', 'sqrt'), ('min_samples_leaf', 1), ('min_samples_split', 2), ('splitter', 'best')]_-5287041295152077418
2025-11-19 19:39:51,620 - model - INFO - Using cached results for decision_tree
2025-11-19 19:39:51,621 - model - INFO - Model object not cached, retraining decision_tree
2025-11-19 19:39:51,621 - model - INFO - Training decision_tree model with params: {'max_depth': 10, 'min_samples_split': 2, 'min_samples_leaf': 1, 'max_features': 'sqrt', 'criterion': 'squared_error', 'ccp_alpha': 0.0, 'splitter': 'best'}
2025-11-19 19:40:04,070 - model - INFO - Tuning completed. Best score: 32113744.5375, Overfitting risk: low
2025-11-19 19:40:04,801 - model - INFO - K vs Accuracy plot saved to visualizations/knn_optimal_k_analysis.png
2025-11-19 19:40:04,802 - model - INFO - Checking cache for KNN with key: KNN_[('algorithm', 'kd_tree'), ('metric', 'manhattan'), ('n_neighbors', 30), ('p', 1), ('weights', 'distance')]_-8398395115878830589
2025-11-19 19:40:04,802 - model - INFO - Cache miss for KNN - training new model
2025-11-19 19:40:04,807 - model - INFO - Applied RobustScaler to features for KNN
2025-11-19 19:40:04,808 - model - INFO - Training KNN model with params: {'algorithm': 'kd_tree', 'metric': 'manhattan', 'n_neighbors': 30, 'p': 1, 'weights': 'distance'}
2025-11-19 19:40:04,811 - model - INFO - Stored trained model with ID: KNN_1
2025-11-19 19:40:05,233 - model - INFO - Stored trained model with ID: decision_tree_1
2025-11-19 19:40:05,266 - model - WARNING - Failed to cache model object for decision_tree_1: module 'joblib' has no attribute 'dumps'
2025-11-19 19:40:05,266 - model - INFO - Model decision_tree trained successfully. CV Score: 8854333.7443
2025-11-19 19:40:05,502 - model - INFO - KNN Validation: Optimal K=30, CV Score=32113744.5375
2025-11-19 19:40:05,687 - model - INFO - K vs Accuracy plot saved to visualizations/knn_optimal_k_analysis.png
2025-11-19 19:40:05,720 - model - WARNING - Failed to cache model object for KNN_1: module 'joblib' has no attribute 'dumps'
2025-11-19 19:40:05,720 - model - INFO - Model KNN trained successfully. CV Score: 32113744.5375
2025-11-19 19:40:07,584 - model - INFO - Checking cache for random_forest with key: random_forest_[('bootstrap', True), ('ccp_alpha', 0.0), ('criterion', 'squared_error'), ('max_depth', 10), ('max_features', 'sqrt'), ('max_samples', None), ('min_impurity_decrease', 0.0), ('min_samples_leaf', 1), ('min_samples_split', 2), ('n_estimators', 100)]_-5287041295152077418
2025-11-19 19:40:07,585 - model - INFO - Cache miss for random_forest - training new model
2025-11-19 19:40:07,585 - model - INFO - Training random_forest model with params: {'n_estimators': 100, 'max_depth': 10, 'min_samples_split': 2, 'min_samples_leaf': 1, 'max_features': 'sqrt', 'bootstrap': True, 'criterion': 'squared_error', 'ccp_alpha': 0.0, 'max_samples': None, 'min_impurity_decrease': 0.0}
2025-11-19 19:40:08,000 - model - INFO - Applied bootstrap sampling with max_samples=None
2025-11-19 19:40:08,000 - model - INFO - Stored trained model with ID: random_forest_2
2025-11-19 19:40:09,881 - model - WARNING - Failed to cache model object for random_forest_2: module 'joblib' has no attribute 'dumps'
2025-11-19 19:40:09,881 - model - INFO - Model random_forest trained successfully. CV Score: 2036000.2735
2025-11-19 19:40:45,439 - model - INFO - Model linear_0 evaluation completed. Score: 0.8572
2025-11-19 19:40:45,440 - model - INFO - Model decision_tree_1 evaluation completed. Score: 0.9162
2025-11-19 19:40:45,452 - model - INFO - Model random_forest_2 evaluation completed. Score: 0.9741
2025-11-19 19:40:47,495 - model - INFO - Checking cache for linear with key: linear_[('fit_intercept', True), ('polynomial_degree', 1)]_-5287041295152077418
2025-11-19 19:40:47,495 - model - INFO - Using cached results for linear
2025-11-19 19:40:47,495 - model - INFO - Model object not cached, retraining linear
2025-11-19 19:40:47,498 - model - INFO - Applied RobustScaler to features for linear
2025-11-19 19:40:47,498 - model - INFO - Training linear model with params: {'fit_intercept': True, 'polynomial_degree': 1}
2025-11-19 19:40:47,499 - model - INFO - Stored trained model with ID: linear_0
2025-11-19 19:40:47,520 - model - WARNING - Failed to cache model object for linear_0: module 'joblib' has no attribute 'dumps'
2025-11-19 19:40:47,520 - model - INFO - Model linear trained successfully. CV Score: 11212237.0290
2025-11-19 19:40:49,339 - model - INFO - Checking cache for decision_tree with key: decision_tree_[('ccp_alpha', 0.0), ('criterion', 'squared_error'), ('max_depth', 10), ('max_features', 'sqrt'), ('min_samples_leaf', 1), ('min_samples_split', 2), ('splitter', 'best')]_-5287041295152077418
2025-11-19 19:40:49,340 - model - INFO - Using cached results for decision_tree
2025-11-19 19:40:49,340 - model - INFO - Model object not cached, retraining decision_tree
2025-11-19 19:40:49,340 - model - INFO - Training decision_tree model with params: {'max_depth': 10, 'min_samples_split': 2, 'min_samples_leaf': 1, 'max_features': 'sqrt', 'criterion': 'squared_error', 'ccp_alpha': 0.0, 'splitter': 'best'}
2025-11-19 19:41:02,271 - model - INFO - Stored trained model with ID: decision_tree_1
2025-11-19 19:41:02,303 - model - WARNING - Failed to cache model object for decision_tree_1: module 'joblib' has no attribute 'dumps'
2025-11-19 19:41:02,303 - model - INFO - Model decision_tree trained successfully. CV Score: 8854333.7443
2025-11-19 19:41:04,453 - model - INFO - Checking cache for random_forest with key: random_forest_[('bootstrap', True), ('ccp_alpha', 0.0), ('criterion', 'squared_error'), ('max_depth', 10), ('max_features', 'sqrt'), ('max_samples', None), ('min_impurity_decrease', 0.0), ('min_samples_leaf', 1), ('min_samples_split', 2), ('n_estimators', 100)]_-5287041295152077418
2025-11-19 19:41:04,454 - model - INFO - Using cached results for random_forest
2025-11-19 19:41:04,454 - model - INFO - Model object not cached, retraining random_forest
2025-11-19 19:41:04,454 - model - INFO - Training random_forest model with params: {'n_estimators': 100, 'max_depth': 10, 'min_samples_split': 2, 'min_samples_leaf': 1, 'max_features': 'sqrt', 'bootstrap': True, 'criterion': 'squared_error', 'ccp_alpha': 0.0, 'max_samples': None, 'min_impurity_decrease': 0.0}
2025-11-19 19:41:04,876 - model - INFO - Applied bootstrap sampling with max_samples=None
2025-11-19 19:41:04,876 - model - INFO - Stored trained model with ID: random_forest_2
2025-11-19 19:41:06,694 - model - WARNING - Failed to cache model object for random_forest_2: module 'joblib' has no attribute 'dumps'
2025-11-19 19:41:06,694 - model - INFO - Model random_forest trained successfully. CV Score: 2036000.2735
2025-11-19 19:41:41,884 - model - INFO - Model linear_0 evaluation completed. Score: 0.8572
2025-11-19 19:41:41,885 - model - INFO - Model decision_tree_1 evaluation completed. Score: 0.9162
2025-11-19 19:41:41,897 - model - INFO - Model random_forest_2 evaluation completed. Score: 0.9741
2025-11-19 19:43:23,621 - model - INFO - Checking cache for KNN with key: KNN_[]_-6769223950136107808
2025-11-19 19:43:23,622 - model - INFO - Cache miss for KNN - training new model
2025-11-19 19:43:23,627 - model - INFO - Applied RobustScaler to features for KNN
2025-11-19 19:43:23,627 - model - INFO - Training KNN model with params: {}
2025-11-19 19:43:23,628 - model - INFO - Stored trained model with ID: KNN_0
2025-11-19 19:43:23,732 - model - INFO - KNN Validation: Optimal K=5, CV Score=38281401.3632
2025-11-19 19:43:23,733 - model - WARNING - Failed to cache model object for KNN_0: module 'joblib' has no attribute 'dumps'
2025-11-19 19:43:23,733 - model - INFO - Model KNN trained successfully. CV Score: 38281401.3632
2025-11-19 19:43:23,733 - model - INFO - Starting hyperparameter tuning for KNN
2025-11-19 19:43:57,359 - model - INFO - Tuning completed. Best score: 32113744.5375, Overfitting risk: low
2025-11-19 19:43:58,170 - model - INFO - K vs Accuracy plot saved to visualizations/knn_optimal_k_analysis.png
2025-11-19 19:43:58,171 - model - INFO - Checking cache for KNN with key: KNN_[('algorithm', 'kd_tree'), ('metric', 'manhattan'), ('n_neighbors', 30), ('p', 1), ('weights', 'distance')]_-6769223950136107808
2025-11-19 19:43:58,171 - model - INFO - Cache miss for KNN - training new model
2025-11-19 19:43:58,176 - model - INFO - Applied RobustScaler to features for KNN
2025-11-19 19:43:58,177 - model - INFO - Training KNN model with params: {'algorithm': 'kd_tree', 'metric': 'manhattan', 'n_neighbors': 30, 'p': 1, 'weights': 'distance'}
2025-11-19 19:43:58,179 - model - INFO - Stored trained model with ID: KNN_1
2025-11-19 19:43:58,846 - model - INFO - KNN Validation: Optimal K=30, CV Score=32113744.5375
2025-11-19 19:43:59,028 - model - INFO - K vs Accuracy plot saved to visualizations/knn_optimal_k_analysis.png
2025-11-19 19:43:59,029 - model - WARNING - Failed to cache model object for KNN_1: module 'joblib' has no attribute 'dumps'
2025-11-19 19:43:59,029 - model - INFO - Model KNN trained successfully. CV Score: 32113744.5375
2025-11-19 19:47:55,668 - model - WARNING - Could not import evaluation_engine: No module named 'plotly'. Using simplified evaluation.
2025-11-19 19:47:55,668 - model - INFO - Starting comprehensive model comparison with 6 models
2025-11-19 19:47:55,668 - model - INFO - Training and evaluating linear
2025-11-19 19:47:55,669 - model - INFO - Checking cache for linear with key: linear_[]_6956433915884589248
2025-11-19 19:47:55,669 - model - INFO - Cache feature mismatch, retraining linear
2025-11-19 19:47:55,674 - model - INFO - Applied RobustScaler to features for linear
2025-11-19 19:47:55,674 - model - INFO - Training linear model with params: {}
2025-11-19 19:47:55,676 - model - INFO - Stored trained model with ID: linear_0
2025-11-19 19:47:55,727 - model - WARNING - Failed to cache model object for linear_0: module 'joblib' has no attribute 'dumps'
2025-11-19 19:47:55,727 - model - INFO - Model linear trained successfully. CV Score: 11922347.4802
2025-11-19 19:47:55,732 - model - INFO - Completed evaluation for linear: R² = -11366974.4549
2025-11-19 19:47:55,732 - model - INFO - Training and evaluating ridge
2025-11-19 19:47:55,732 - model - INFO - Checking cache for ridge with key: ridge_[]_6956433915884589248
2025-11-19 19:47:55,732 - model - INFO - Cache miss for ridge - training new model
2025-11-19 19:47:55,734 - model - INFO - Applied RobustScaler to features for ridge
2025-11-19 19:47:55,734 - model - INFO - Training ridge model with params: {}
2025-11-19 19:47:55,738 - model - INFO - Stored trained model with ID: ridge_1
2025-11-19 19:47:55,786 - model - WARNING - Failed to cache model object for ridge_1: module 'joblib' has no attribute 'dumps'
2025-11-19 19:47:55,786 - model - INFO - Model ridge trained successfully. CV Score: 11920010.6962
2025-11-19 19:47:55,790 - model - INFO - Completed evaluation for ridge: R² = -10837174.9923
2025-11-19 19:47:55,790 - model - INFO - Training and evaluating lasso
2025-11-19 19:47:55,790 - model - INFO - Checking cache for lasso with key: lasso_[]_6956433915884589248
2025-11-19 19:47:55,790 - model - INFO - Cache miss for lasso - training new model
2025-11-19 19:47:55,792 - model - INFO - Applied RobustScaler to features for lasso
2025-11-19 19:47:55,792 - model - INFO - Training lasso model with params: {}
2025-11-19 19:47:55,794 - model - INFO - Stored trained model with ID: lasso_2
2025-11-19 19:47:55,850 - model - WARNING - Failed to cache model object for lasso_2: module 'joblib' has no attribute 'dumps'
2025-11-19 19:47:55,850 - model - INFO - Model lasso trained successfully. CV Score: 11917922.3296
2025-11-19 19:47:55,865 - model - INFO - Completed evaluation for lasso: R² = -11346754.7622
2025-11-19 19:47:55,865 - model - INFO - Training and evaluating decision_tree
2025-11-19 19:47:55,865 - model - INFO - Checking cache for decision_tree with key: decision_tree_[('max_depth', 10), ('max_features', 'sqrt'), ('min_samples_leaf', 2), ('min_samples_split', 5)]_6956433915884589248
2025-11-19 19:47:55,865 - model - INFO - Cache miss for decision_tree - training new model
2025-11-19 19:47:55,865 - model - INFO - Training decision_tree model with params: {'max_depth': 10, 'min_samples_split': 5, 'min_samples_leaf': 2, 'max_features': 'sqrt'}
2025-11-19 19:47:56,288 - model - INFO - Applied cost complexity pruning with alpha=181.88952540078384
2025-11-19 19:47:56,288 - model - INFO - Stored trained model with ID: decision_tree_3
2025-11-19 19:47:56,339 - model - WARNING - Failed to cache model object for decision_tree_3: module 'joblib' has no attribute 'dumps'
2025-11-19 19:47:56,339 - model - INFO - Model decision_tree trained successfully. CV Score: 14874524.2437
2025-11-19 19:47:56,345 - model - INFO - Completed evaluation for decision_tree: R² = 0.9754
2025-11-19 19:47:56,345 - model - INFO - Training and evaluating random_forest
2025-11-19 19:47:56,345 - model - INFO - Checking cache for random_forest with key: random_forest_[('bootstrap', True), ('max_depth', 10), ('max_features', 'sqrt'), ('max_samples', 0.5), ('min_samples_leaf', 2), ('min_samples_split', 5), ('n_estimators', 100)]_6956433915884589248
2025-11-19 19:47:56,345 - model - INFO - Cache miss for random_forest - training new model
2025-11-19 19:47:56,345 - model - INFO - Training random_forest model with params: {'max_depth': 10, 'min_samples_split': 5, 'min_samples_leaf': 2, 'max_features': 'sqrt', 'n_estimators': 100, 'bootstrap': True, 'max_samples': 0.5}
2025-11-19 19:47:56,405 - model - INFO - Applied bootstrap sampling with max_samples=500
2025-11-19 19:47:56,405 - model - INFO - Stored trained model with ID: random_forest_4
2025-11-19 19:47:56,758 - model - WARNING - Failed to cache model object for random_forest_4: module 'joblib' has no attribute 'dumps'
2025-11-19 19:47:56,758 - model - INFO - Model random_forest trained successfully. CV Score: 7450978.7799
2025-11-19 19:47:56,947 - model - INFO - Completed evaluation for random_forest: R² = 0.9521
2025-11-19 19:47:56,947 - model - INFO - Training and evaluating KNN
2025-11-19 19:47:56,947 - model - INFO - Starting hyperparameter tuning for KNN
2025-11-19 19:47:59,664 - model - INFO - Tuning completed. Best score: 33761207.2288, Overfitting risk: low
2025-11-19 19:47:59,664 - model - INFO - Checking cache for KNN with key: KNN_[('algorithm', 'auto'), ('metric', 'manhattan'), ('n_neighbors', 30), ('p', 1), ('weights', 'distance')]_6956433915884589248
2025-11-19 19:47:59,665 - model - INFO - Cache miss for KNN - training new model
2025-11-19 19:47:59,667 - model - INFO - Applied RobustScaler to features for KNN
2025-11-19 19:47:59,667 - model - INFO - Training KNN model with params: {'algorithm': 'auto', 'metric': 'manhattan', 'n_neighbors': 30, 'p': 1, 'weights': 'distance'}
2025-11-19 19:47:59,667 - model - INFO - Stored trained model with ID: KNN_5
2025-11-19 19:47:59,693 - model - INFO - KNN Validation: Optimal K=30, CV Score=33761207.2288
2025-11-19 19:47:59,730 - model - WARNING - Failed to cache model object for KNN_5: module 'joblib' has no attribute 'dumps'
2025-11-19 19:47:59,730 - model - INFO - Model KNN trained successfully. CV Score: 33761207.2288
2025-11-19 19:47:59,751 - model - INFO - Completed evaluation for KNN: R² = -3.0041
2025-11-19 19:48:00,390 - model - INFO - Generated model comparison visualizations: ['model_comparison', 'knn_comparison']
2025-11-19 19:48:00,391 - model - INFO - Saved model comparison report to reports/model_comparison_report_20251119_194800.json
2025-11-19 19:48:00,391 - model - INFO - Model comparison completed. Best model: decision_tree (R² = 0.9754)
2025-11-19 19:48:51,519 - model - INFO - Starting comprehensive model comparison with 6 models
2025-11-19 19:48:51,519 - model - INFO - Training and evaluating linear
2025-11-19 19:48:51,519 - model - INFO - Checking cache for linear with key: linear_[]_-8312435562024291493
2025-11-19 19:48:51,520 - model - INFO - Cache feature mismatch, retraining linear
2025-11-19 19:48:51,522 - model - INFO - Applied RobustScaler to features for linear
2025-11-19 19:48:51,522 - model - INFO - Training linear model with params: {}
2025-11-19 19:48:51,524 - model - INFO - Stored trained model with ID: linear_0
2025-11-19 19:48:51,540 - model - WARNING - Failed to cache model object for linear_0: module 'joblib' has no attribute 'dumps'
2025-11-19 19:48:51,540 - model - INFO - Model linear trained successfully. CV Score: 11922347.4802
2025-11-19 19:48:51,543 - model - ERROR - Failed to evaluate linear: '[0, 1, 2, 3, 4, 5, 6, 7, 8, 9, 11, 12, 13, 14, 15, 16, 18, 20, 21, 22, 24, 26, 27, 28, 29, 32, 34, 35, 36, 38, 40, 42, 43, 45, 46, 47, 49, 51, 52, 53, 57, 58, 62, 64, 68, 71, 74, 75, 77, 81, 82, 83, 84, 85, 89, 90, 92, 94, 97, 98, 99, 100, 102, 103, 104, 105, 108, 109, 111, 112, 113, 114, 115, 116, 117, 119, 121, 122, 123, 124, 125, 126, 127, 128, 129, 130, 133, 134, 135, 138, 140, 141, 142, 143, 144, 145, 146, 147, 148, 150, 151, 152, 153, 154, 155, 156, 159, 160, 161, 162, 163, 164, 165, 166, 170, 171, 172, 173, 175, 178, 180, 182, 183, 186, 187, 188, 189, 190, 191, 192, 193, 194, 195, 196, 197, 200, 201, 202, 203, 204, 205, 206, 207, 211, 212, 214, 216, 219, 220, 223, 224, 225, 226, 227, 228, 229, 231, 232, 234, 236, 238, 240, 241, 242, 243, 246, 248, 249, 250, 252, 253, 255, 258, 262, 264, 266, 267, 268, 269, 270, 271, 272, 273, 274, 276, 278, 279, 282, 283, 284, 285, 286, 287, 288, 290, 291, 293, 295, 297, 300, 301, 302, 303, 304, 305, 306, 311, 313, 316, 317, 320, 322, 323, 324, 325, 326, 329, 330, 331, 333, 335, 336, 337, 338, 339, 340, 341, 342, 343, 344, 345, 347, 348, 350, 352, 356, 357, 358, 359, 360, 362, 364, 366, 368, 369, 372, 373, 374, 375, 376, 378, 379, 380, 383, 384, 385, 386, 387, 388, 389, 390, 391, 392, 394, 395, 396, 397, 398, 399, 400, 401, 402, 403, 404, 405, 406, 407, 409, 410, 412, 413, 414, 415, 416, 417, 418, 419, 420, 421, 422, 423, 424, 426, 427, 428, 430, 431, 433, 434, 437, 438, 440, 441, 442, 443, 444, 446, 447, 448, 449, 450, 452, 454, 455, 456, 458, 459, 460, 461, 463, 464, 466, 467, 469, 470, 471, 473, 474, 475, 477, 478, 480, 481, 482, 483, 484, 485, 488, 489, 490, 491, 492, 495, 497, 498, 500, 501, 502, 504, 505, 506, 507, 508, 510, 512, 514, 515, 516, 517, 519, 520, 523, 524, 525, 531, 532, 535, 536, 537, 539, 541, 545, 546, 547, 550, 551, 552, 553, 555, 556, 557, 558, 560, 561, 562, 563, 564, 565, 566, 567, 568, 569, 571, 572, 573, 574, 575, 577, 579, 580, 581, 582, 585, 587, 588, 591, 592, 593, 594, 596, 597, 598, 600, 602, 603, 605, 606, 607, 608, 609, 610, 611, 612, 614, 615, 616, 618, 619, 620, 622, 623, 624, 627, 628, 629, 630, 631, 632, 633, 634, 637, 638, 639, 640, 645, 646, 648, 651, 653, 654, 655, 657, 658, 659, 661, 663, 664, 665, 666, 667, 669, 671, 672, 673, 674, 675, 680, 681, 684, 685, 686, 688, 690, 691, 693, 695, 698, 699, 700, 701, 702, 703, 704, 705, 707, 708, 709, 715, 717, 718, 719, 720, 722, 723, 724, 725, 726, 727, 728, 729, 730, 731, 732, 734, 735, 738, 739, 744, 745, 746, 747, 750, 751, 752, 754, 755, 756, 757, 758, 759, 760, 762, 765, 766, 768, 769, 770, 771, 772, 774, 775, 776, 777, 778, 779, 780, 781, 782, 783, 784, 785, 788, 790, 791, 792, 793, 795, 796, 797, 798, 799, 801, 803, 804, 805, 806, 807, 808, 809, 812, 813, 814, 815, 817, 818, 819, 821, 824, 825, 827, 830, 831, 832, 833, 834, 836, 838, 839, 840, 841, 842, 843, 844, 846, 847, 848, 850, 851, 852, 853, 854, 855, 857, 860, 861, 862, 863, 864, 868, 869, 870, 871, 872, 873, 874, 875, 876, 877, 878, 880, 881, 882, 885, 886, 887, 888, 889, 890, 891, 894, 895, 896, 897, 898, 900, 903, 904, 905, 906, 907, 909, 910, 911, 912, 913, 915, 916, 918, 919, 920, 921, 922, 923, 925, 926, 928, 929, 930, 931, 933, 934, 935, 937, 939, 940, 943, 944, 945, 946, 949, 950, 951, 952, 953, 954, 955, 956, 958, 960, 961, 962, 963, 964, 966, 967, 968, 969, 971, 972, 975, 976, 979, 980, 981, 983, 984, 987, 988, 990, 991, 992, 993, 999] not in index'
2025-11-19 19:48:51,543 - model - INFO - Training and evaluating ridge
2025-11-19 19:48:51,543 - model - INFO - Checking cache for ridge with key: ridge_[]_-8312435562024291493
2025-11-19 19:48:51,543 - model - INFO - Cache miss for ridge - training new model
2025-11-19 19:48:51,545 - model - INFO - Applied RobustScaler to features for ridge
2025-11-19 19:48:51,545 - model - INFO - Training ridge model with params: {}
2025-11-19 19:48:51,546 - model - INFO - Stored trained model with ID: ridge_1
2025-11-19 19:48:51,559 - model - WARNING - Failed to cache model object for ridge_1: module 'joblib' has no attribute 'dumps'
2025-11-19 19:48:51,559 - model - INFO - Model ridge trained successfully. CV Score: 11920010.6962
2025-11-19 19:48:51,562 - model - ERROR - Failed to evaluate ridge: '[0, 1, 2, 3, 4, 5, 6, 7, 8, 9, 11, 12, 13, 14, 15, 16, 18, 20, 21, 22, 24, 26, 27, 28, 29, 32, 34, 35, 36, 38, 40, 42, 43, 45, 46, 47, 49, 51, 52, 53, 57, 58, 62, 64, 68, 71, 74, 75, 77, 81, 82, 83, 84, 85, 89, 90, 92, 94, 97, 98, 99, 100, 102, 103, 104, 105, 108, 109, 111, 112, 113, 114, 115, 116, 117, 119, 121, 122, 123, 124, 125, 126, 127, 128, 129, 130, 133, 134, 135, 138, 140, 141, 142, 143, 144, 145, 146, 147, 148, 150, 151, 152, 153, 154, 155, 156, 159, 160, 161, 162, 163, 164, 165, 166, 170, 171, 172, 173, 175, 178, 180, 182, 183, 186, 187, 188, 189, 190, 191, 192, 193, 194, 195, 196, 197, 200, 201, 202, 203, 204, 205, 206, 207, 211, 212, 214, 216, 219, 220, 223, 224, 225, 226, 227, 228, 229, 231, 232, 234, 236, 238, 240, 241, 242, 243, 246, 248, 249, 250, 252, 253, 255, 258, 262, 264, 266, 267, 268, 269, 270, 271, 272, 273, 274, 276, 278, 279, 282, 283, 284, 285, 286, 287, 288, 290, 291, 293, 295, 297, 300, 301, 302, 303, 304, 305, 306, 311, 313, 316, 317, 320, 322, 323, 324, 325, 326, 329, 330, 331, 333, 335, 336, 337, 338, 339, 340, 341, 342, 343, 344, 345, 347, 348, 350, 352, 356, 357, 358, 359, 360, 362, 364, 366, 368, 369, 372, 373, 374, 375, 376, 378, 379, 380, 383, 384, 385, 386, 387, 388, 389, 390, 391, 392, 394, 395, 396, 397, 398, 399, 400, 401, 402, 403, 404, 405, 406, 407, 409, 410, 412, 413, 414, 415, 416, 417, 418, 419, 420, 421, 422, 423, 424, 426, 427, 428, 430, 431, 433, 434, 437, 438, 440, 441, 442, 443, 444, 446, 447, 448, 449, 450, 452, 454, 455, 456, 458, 459, 460, 461, 463, 464, 466, 467, 469, 470, 471, 473, 474, 475, 477, 478, 480, 481, 482, 483, 484, 485, 488, 489, 490, 491, 492, 495, 497, 498, 500, 501, 502, 504, 505, 506, 507, 508, 510, 512, 514, 515, 516, 517, 519, 520, 523, 524, 525, 531, 532, 535, 536, 537, 539, 541, 545, 546, 547, 550, 551, 552, 553, 555, 556, 557, 558, 560, 561, 562, 563, 564, 565, 566, 567, 568, 569, 571, 572, 573, 574, 575, 577, 579, 580, 581, 582, 585, 587, 588, 591, 592, 593, 594, 596, 597, 598, 600, 602, 603, 605, 606, 607, 608, 609, 610, 611, 612, 614, 615, 616, 618, 619, 620, 622, 623, 624, 627, 628, 629, 630, 631, 632, 633, 634, 637, 638, 639, 640, 645, 646, 648, 651, 653, 654, 655, 657, 658, 659, 661, 663, 664, 665, 666, 667, 669, 671, 672, 673, 674, 675, 680, 681, 684, 685, 686, 688, 690, 691, 693, 695, 698, 699, 700, 701, 702, 703, 704, 705, 707, 708, 709, 715, 717, 718, 719, 720, 722, 723, 724, 725, 726, 727, 728, 729, 730, 731, 732, 734, 735, 738, 739, 744, 745, 746, 747, 750, 751, 752, 754, 755, 756, 757, 758, 759, 760, 762, 765, 766, 768, 769, 770, 771, 772, 774, 775, 776, 777, 778, 779, 780, 781, 782, 783, 784, 785, 788, 790, 791, 792, 793, 795, 796, 797, 798, 799, 801, 803, 804, 805, 806, 807, 808, 809, 812, 813, 814, 815, 817, 818, 819, 821, 824, 825, 827, 830, 831, 832, 833, 834, 836, 838, 839, 840, 841, 842, 843, 844, 846, 847, 848, 850, 851, 852, 853, 854, 855, 857, 860, 861, 862, 863, 864, 868, 869, 870, 871, 872, 873, 874, 875, 876, 877, 878, 880, 881, 882, 885, 886, 887, 888, 889, 890, 891, 894, 895, 896, 897, 898, 900, 903, 904, 905, 906, 907, 909, 910, 911, 912, 913, 915, 916, 918, 919, 920, 921, 922, 923, 925, 926, 928, 929, 930, 931, 933, 934, 935, 937, 939, 940, 943, 944, 945, 946, 949, 950, 951, 952, 953, 954, 955, 956, 958, 960, 961, 962, 963, 964, 966, 967, 968, 969, 971, 972, 975, 976, 979, 980, 981, 983, 984, 987, 988, 990, 991, 992, 993, 999] not in index'
2025-11-19 19:48:51,562 - model - INFO - Training and evaluating lasso
2025-11-19 19:48:51,562 - model - INFO - Checking cache for lasso with key: lasso_[]_-8312435562024291493
2025-11-19 19:48:51,562 - model - INFO - Cache miss for lasso - training new model
2025-11-19 19:48:51,564 - model - INFO - Applied RobustScaler to features for lasso
2025-11-19 19:48:51,564 - model - INFO - Training lasso model with params: {}
2025-11-19 19:48:51,565 - model - INFO - Stored trained model with ID: lasso_2
2025-11-19 19:48:51,589 - model - WARNING - Failed to cache model object for lasso_2: module 'joblib' has no attribute 'dumps'
2025-11-19 19:48:51,589 - model - INFO - Model lasso trained successfully. CV Score: 11917922.3296
2025-11-19 19:48:51,591 - model - ERROR - Failed to evaluate lasso: '[0, 1, 2, 3, 4, 5, 6, 7, 8, 9, 11, 12, 13, 14, 15, 16, 18, 20, 21, 22, 24, 26, 27, 28, 29, 32, 34, 35, 36, 38, 40, 42, 43, 45, 46, 47, 49, 51, 52, 53, 57, 58, 62, 64, 68, 71, 74, 75, 77, 81, 82, 83, 84, 85, 89, 90, 92, 94, 97, 98, 99, 100, 102, 103, 104, 105, 108, 109, 111, 112, 113, 114, 115, 116, 117, 119, 121, 122, 123, 124, 125, 126, 127, 128, 129, 130, 133, 134, 135, 138, 140, 141, 142, 143, 144, 145, 146, 147, 148, 150, 151, 152, 153, 154, 155, 156, 159, 160, 161, 162, 163, 164, 165, 166, 170, 171, 172, 173, 175, 178, 180, 182, 183, 186, 187, 188, 189, 190, 191, 192, 193, 194, 195, 196, 197, 200, 201, 202, 203, 204, 205, 206, 207, 211, 212, 214, 216, 219, 220, 223, 224, 225, 226, 227, 228, 229, 231, 232, 234, 236, 238, 240, 241, 242, 243, 246, 248, 249, 250, 252, 253, 255, 258, 262, 264, 266, 267, 268, 269, 270, 271, 272, 273, 274, 276, 278, 279, 282, 283, 284, 285, 286, 287, 288, 290, 291, 293, 295, 297, 300, 301, 302, 303, 304, 305, 306, 311, 313, 316, 317, 320, 322, 323, 324, 325, 326, 329, 330, 331, 333, 335, 336, 337, 338, 339, 340, 341, 342, 343, 344, 345, 347, 348, 350, 352, 356, 357, 358, 359, 360, 362, 364, 366, 368, 369, 372, 373, 374, 375, 376, 378, 379, 380, 383, 384, 385, 386, 387, 388, 389, 390, 391, 392, 394, 395, 396, 397, 398, 399, 400, 401, 402, 403, 404, 405, 406, 407, 409, 410, 412, 413, 414, 415, 416, 417, 418, 419, 420, 421, 422, 423, 424, 426, 427, 428, 430, 431, 433, 434, 437, 438, 440, 441, 442, 443, 444, 446, 447, 448, 449, 450, 452, 454, 455, 456, 458, 459, 460, 461, 463, 464, 466, 467, 469, 470, 471, 473, 474, 475, 477, 478, 480, 481, 482, 483, 484, 485, 488, 489, 490, 491, 492, 495, 497, 498, 500, 501, 502, 504, 505, 506, 507, 508, 510, 512, 514, 515, 516, 517, 519, 520, 523, 524, 525, 531, 532, 535, 536, 537, 539, 541, 545, 546, 547, 550, 551, 552, 553, 555, 556, 557, 558, 560, 561, 562, 563, 564, 565, 566, 567, 568, 569, 571, 572, 573, 574, 575, 577, 579, 580, 581, 582, 585, 587, 588, 591, 592, 593, 594, 596, 597, 598, 600, 602, 603, 605, 606, 607, 608, 609, 610, 611, 612, 614, 615, 616, 618, 619, 620, 622, 623, 624, 627, 628, 629, 630, 631, 632, 633, 634, 637, 638, 639, 640, 645, 646, 648, 651, 653, 654, 655, 657, 658, 659, 661, 663, 664, 665, 666, 667, 669, 671, 672, 673, 674, 675, 680, 681, 684, 685, 686, 688, 690, 691, 693, 695, 698, 699, 700, 701, 702, 703, 704, 705, 707, 708, 709, 715, 717, 718, 719, 720, 722, 723, 724, 725, 726, 727, 728, 729, 730, 731, 732, 734, 735, 738, 739, 744, 745, 746, 747, 750, 751, 752, 754, 755, 756, 757, 758, 759, 760, 762, 765, 766, 768, 769, 770, 771, 772, 774, 775, 776, 777, 778, 779, 780, 781, 782, 783, 784, 785, 788, 790, 791, 792, 793, 795, 796, 797, 798, 799, 801, 803, 804, 805, 806, 807, 808, 809, 812, 813, 814, 815, 817, 818, 819, 821, 824, 825, 827, 830, 831, 832, 833, 834, 836, 838, 839, 840, 841, 842, 843, 844, 846, 847, 848, 850, 851, 852, 853, 854, 855, 857, 860, 861, 862, 863, 864, 868, 869, 870, 871, 872, 873, 874, 875, 876, 877, 878, 880, 881, 882, 885, 886, 887, 888, 889, 890, 891, 894, 895, 896, 897, 898, 900, 903, 904, 905, 906, 907, 909, 910, 911, 912, 913, 915, 916, 918, 919, 920, 921, 922, 923, 925, 926, 928, 929, 930, 931, 933, 934, 935, 937, 939, 940, 943, 944, 945, 946, 949, 950, 951, 952, 953, 954, 955, 956, 958, 960, 961, 962, 963, 964, 966, 967, 968, 969, 971, 972, 975, 976, 979, 980, 981, 983, 984, 987, 988, 990, 991, 992, 993, 999] not in index'
2025-11-19 19:48:51,592 - model - INFO - Training and evaluating decision_tree
2025-11-19 19:48:51,592 - model - INFO - Checking cache for decision_tree with key: decision_tree_[('max_depth', 10), ('max_features', 'sqrt'), ('min_samples_leaf', 2), ('min_samples_split', 5)]_-8312435562024291493
2025-11-19 19:48:51,592 - model - INFO - Cache miss for decision_tree - training new model
2025-11-19 19:48:51,592 - model - INFO - Training decision_tree model with params: {'max_depth': 10, 'min_samples_split': 5, 'min_samples_leaf': 2, 'max_features': 'sqrt'}
2025-11-19 19:48:52,004 - model - INFO - Applied cost complexity pruning with alpha=181.88952540078384
2025-11-19 19:48:52,004 - model - INFO - Stored trained model with ID: decision_tree_3
2025-11-19 19:48:52,014 - model - WARNING - Failed to cache model object for decision_tree_3: module 'joblib' has no attribute 'dumps'
2025-11-19 19:48:52,014 - model - INFO - Model decision_tree trained successfully. CV Score: 14874524.2437
2025-11-19 19:48:52,016 - model - ERROR - Failed to evaluate decision_tree: '[0, 1, 2, 3, 4, 5, 6, 7, 8, 9, 11, 12, 13, 14, 15, 16, 18, 20, 21, 22, 24, 26, 27, 28, 29, 32, 34, 35, 36, 38, 40, 42, 43, 45, 46, 47, 49, 51, 52, 53, 57, 58, 62, 64, 68, 71, 74, 75, 77, 81, 82, 83, 84, 85, 89, 90, 92, 94, 97, 98, 99, 100, 102, 103, 104, 105, 108, 109, 111, 112, 113, 114, 115, 116, 117, 119, 121, 122, 123, 124, 125, 126, 127, 128, 129, 130, 133, 134, 135, 138, 140, 141, 142, 143, 144, 145, 146, 147, 148, 150, 151, 152, 153, 154, 155, 156, 159, 160, 161, 162, 163, 164, 165, 166, 170, 171, 172, 173, 175, 178, 180, 182, 183, 186, 187, 188, 189, 190, 191, 192, 193, 194, 195, 196, 197, 200, 201, 202, 203, 204, 205, 206, 207, 211, 212, 214, 216, 219, 220, 223, 224, 225, 226, 227, 228, 229, 231, 232, 234, 236, 238, 240, 241, 242, 243, 246, 248, 249, 250, 252, 253, 255, 258, 262, 264, 266, 267, 268, 269, 270, 271, 272, 273, 274, 276, 278, 279, 282, 283, 284, 285, 286, 287, 288, 290, 291, 293, 295, 297, 300, 301, 302, 303, 304, 305, 306, 311, 313, 316, 317, 320, 322, 323, 324, 325, 326, 329, 330, 331, 333, 335, 336, 337, 338, 339, 340, 341, 342, 343, 344, 345, 347, 348, 350, 352, 356, 357, 358, 359, 360, 362, 364, 366, 368, 369, 372, 373, 374, 375, 376, 378, 379, 380, 383, 384, 385, 386, 387, 388, 389, 390, 391, 392, 394, 395, 396, 397, 398, 399, 400, 401, 402, 403, 404, 405, 406, 407, 409, 410, 412, 413, 414, 415, 416, 417, 418, 419, 420, 421, 422, 423, 424, 426, 427, 428, 430, 431, 433, 434, 437, 438, 440, 441, 442, 443, 444, 446, 447, 448, 449, 450, 452, 454, 455, 456, 458, 459, 460, 461, 463, 464, 466, 467, 469, 470, 471, 473, 474, 475, 477, 478, 480, 481, 482, 483, 484, 485, 488, 489, 490, 491, 492, 495, 497, 498, 500, 501, 502, 504, 505, 506, 507, 508, 510, 512, 514, 515, 516, 517, 519, 520, 523, 524, 525, 531, 532, 535, 536, 537, 539, 541, 545, 546, 547, 550, 551, 552, 553, 555, 556, 557, 558, 560, 561, 562, 563, 564, 565, 566, 567, 568, 569, 571, 572, 573, 574, 575, 577, 579, 580, 581, 582, 585, 587, 588, 591, 592, 593, 594, 596, 597, 598, 600, 602, 603, 605, 606, 607, 608, 609, 610, 611, 612, 614, 615, 616, 618, 619, 620, 622, 623, 624, 627, 628, 629, 630, 631, 632, 633, 634, 637, 638, 639, 640, 645, 646, 648, 651, 653, 654, 655, 657, 658, 659, 661, 663, 664, 665, 666, 667, 669, 671, 672, 673, 674, 675, 680, 681, 684, 685, 686, 688, 690, 691, 693, 695, 698, 699, 700, 701, 702, 703, 704, 705, 707, 708, 709, 715, 717, 718, 719, 720, 722, 723, 724, 725, 726, 727, 728, 729, 730, 731, 732, 734, 735, 738, 739, 744, 745, 746, 747, 750, 751, 752, 754, 755, 756, 757, 758, 759, 760, 762, 765, 766, 768, 769, 770, 771, 772, 774, 775, 776, 777, 778, 779, 780, 781, 782, 783, 784, 785, 788, 790, 791, 792, 793, 795, 796, 797, 798, 799, 801, 803, 804, 805, 806, 807, 808, 809, 812, 813, 814, 815, 817, 818, 819, 821, 824, 825, 827, 830, 831, 832, 833, 834, 836, 838, 839, 840, 841, 842, 843, 844, 846, 847, 848, 850, 851, 852, 853, 854, 855, 857, 860, 861, 862, 863, 864, 868, 869, 870, 871, 872, 873, 874, 875, 876, 877, 878, 880, 881, 882, 885, 886, 887, 888, 889, 890, 891, 894, 895, 896, 897, 898, 900, 903, 904, 905, 906, 907, 909, 910, 911, 912, 913, 915, 916, 918, 919, 920, 921, 922, 923, 925, 926, 928, 929, 930, 931, 933, 934, 935, 937, 939, 940, 943, 944, 945, 946, 949, 950, 951, 952, 953, 954, 955, 956, 958, 960, 961, 962, 963, 964, 966, 967, 968, 969, 971, 972, 975, 976, 979, 980, 981, 983, 984, 987, 988, 990, 991, 992, 993, 999] not in index'
2025-11-19 19:48:52,016 - model - INFO - Training and evaluating random_forest
2025-11-19 19:48:52,016 - model - INFO - Checking cache for random_forest with key: random_forest_[('bootstrap', True), ('max_depth', 10), ('max_features', 'sqrt'), ('max_samples', 0.5), ('min_samples_leaf', 2), ('min_samples_split', 5), ('n_estimators', 100)]_-8312435562024291493
2025-11-19 19:48:52,017 - model - INFO - Cache miss for random_forest - training new model
2025-11-19 19:48:52,017 - model - INFO - Training random_forest model with params: {'max_depth': 10, 'min_samples_split': 5, 'min_samples_leaf': 2, 'max_features': 'sqrt', 'n_estimators': 100, 'bootstrap': True, 'max_samples': 0.5}
2025-11-19 19:48:52,077 - model - INFO - Applied bootstrap sampling with max_samples=500
2025-11-19 19:48:52,077 - model - INFO - Stored trained model with ID: random_forest_4
2025-11-19 19:48:52,388 - model - WARNING - Failed to cache model object for random_forest_4: module 'joblib' has no attribute 'dumps'
2025-11-19 19:48:52,388 - model - INFO - Model random_forest trained successfully. CV Score: 7450978.7799
2025-11-19 19:48:52,402 - model - ERROR - Failed to evaluate random_forest: '[0, 1, 2, 3, 4, 5, 6, 7, 8, 9, 11, 12, 13, 14, 15, 16, 18, 20, 21, 22, 24, 26, 27, 28, 29, 32, 34, 35, 36, 38, 40, 42, 43, 45, 46, 47, 49, 51, 52, 53, 57, 58, 62, 64, 68, 71, 74, 75, 77, 81, 82, 83, 84, 85, 89, 90, 92, 94, 97, 98, 99, 100, 102, 103, 104, 105, 108, 109, 111, 112, 113, 114, 115, 116, 117, 119, 121, 122, 123, 124, 125, 126, 127, 128, 129, 130, 133, 134, 135, 138, 140, 141, 142, 143, 144, 145, 146, 147, 148, 150, 151, 152, 153, 154, 155, 156, 159, 160, 161, 162, 163, 164, 165, 166, 170, 171, 172, 173, 175, 178, 180, 182, 183, 186, 187, 188, 189, 190, 191, 192, 193, 194, 195, 196, 197, 200, 201, 202, 203, 204, 205, 206, 207, 211, 212, 214, 216, 219, 220, 223, 224, 225, 226, 227, 228, 229, 231, 232, 234, 236, 238, 240, 241, 242, 243, 246, 248, 249, 250, 252, 253, 255, 258, 262, 264, 266, 267, 268, 269, 270, 271, 272, 273, 274, 276, 278, 279, 282, 283, 284, 285, 286, 287, 288, 290, 291, 293, 295, 297, 300, 301, 302, 303, 304, 305, 306, 311, 313, 316, 317, 320, 322, 323, 324, 325, 326, 329, 330, 331, 333, 335, 336, 337, 338, 339, 340, 341, 342, 343, 344, 345, 347, 348, 350, 352, 356, 357, 358, 359, 360, 362, 364, 366, 368, 369, 372, 373, 374, 375, 376, 378, 379, 380, 383, 384, 385, 386, 387, 388, 389, 390, 391, 392, 394, 395, 396, 397, 398, 399, 400, 401, 402, 403, 404, 405, 406, 407, 409, 410, 412, 413, 414, 415, 416, 417, 418, 419, 420, 421, 422, 423, 424, 426, 427, 428, 430, 431, 433, 434, 437, 438, 440, 441, 442, 443, 444, 446, 447, 448, 449, 450, 452, 454, 455, 456, 458, 459, 460, 461, 463, 464, 466, 467, 469, 470, 471, 473, 474, 475, 477, 478, 480, 481, 482, 483, 484, 485, 488, 489, 490, 491, 492, 495, 497, 498, 500, 501, 502, 504, 505, 506, 507, 508, 510, 512, 514, 515, 516, 517, 519, 520, 523, 524, 525, 531, 532, 535, 536, 537, 539, 541, 545, 546, 547, 550, 551, 552, 553, 555, 556, 557, 558, 560, 561, 562, 563, 564, 565, 566, 567, 568, 569, 571, 572, 573, 574, 575, 577, 579, 580, 581, 582, 585, 587, 588, 591, 592, 593, 594, 596, 597, 598, 600, 602, 603, 605, 606, 607, 608, 609, 610, 611, 612, 614, 615, 616, 618, 619, 620, 622, 623, 624, 627, 628, 629, 630, 631, 632, 633, 634, 637, 638, 639, 640, 645, 646, 648, 651, 653, 654, 655, 657, 658, 659, 661, 663, 664, 665, 666, 667, 669, 671, 672, 673, 674, 675, 680, 681, 684, 685, 686, 688, 690, 691, 693, 695, 698, 699, 700, 701, 702, 703, 704, 705, 707, 708, 709, 715, 717, 718, 719, 720, 722, 723, 724, 725, 726, 727, 728, 729, 730, 731, 732, 734, 735, 738, 739, 744, 745, 746, 747, 750, 751, 752, 754, 755, 756, 757, 758, 759, 760, 762, 765, 766, 768, 769, 770, 771, 772, 774, 775, 776, 777, 778, 779, 780, 781, 782, 783, 784, 785, 788, 790, 791, 792, 793, 795, 796, 797, 798, 799, 801, 803, 804, 805, 806, 807, 808, 809, 812, 813, 814, 815, 817, 818, 819, 821, 824, 825, 827, 830, 831, 832, 833, 834, 836, 838, 839, 840, 841, 842, 843, 844, 846, 847, 848, 850, 851, 852, 853, 854, 855, 857, 860, 861, 862, 863, 864, 868, 869, 870, 871, 872, 873, 874, 875, 876, 877, 878, 880, 881, 882, 885, 886, 887, 888, 889, 890, 891, 894, 895, 896, 897, 898, 900, 903, 904, 905, 906, 907, 909, 910, 911, 912, 913, 915, 916, 918, 919, 920, 921, 922, 923, 925, 926, 928, 929, 930, 931, 933, 934, 935, 937, 939, 940, 943, 944, 945, 946, 949, 950, 951, 952, 953, 954, 955, 956, 958, 960, 961, 962, 963, 964, 966, 967, 968, 969, 971, 972, 975, 976, 979, 980, 981, 983, 984, 987, 988, 990, 991, 992, 993, 999] not in index'
2025-11-19 19:48:52,402 - model - INFO - Training and evaluating KNN
2025-11-19 19:48:52,402 - model - INFO - Starting hyperparameter tuning for KNN
2025-11-19 19:48:55,621 - model - INFO - Tuning completed. Best score: 33761207.2288, Overfitting risk: low
2025-11-19 19:48:55,621 - model - INFO - Checking cache for KNN with key: KNN_[('algorithm', 'auto'), ('metric', 'manhattan'), ('n_neighbors', 30), ('p', 1), ('weights', 'distance')]_-8312435562024291493
2025-11-19 19:48:55,621 - model - INFO - Cache miss for KNN - training new model
2025-11-19 19:48:55,623 - model - INFO - Applied RobustScaler to features for KNN
2025-11-19 19:48:55,623 - model - INFO - Training KNN model with params: {'algorithm': 'auto', 'metric': 'manhattan', 'n_neighbors': 30, 'p': 1, 'weights': 'distance'}
2025-11-19 19:48:55,624 - model - INFO - Stored trained model with ID: KNN_5
2025-11-19 19:48:55,645 - model - INFO - KNN Validation: Optimal K=30, CV Score=33761207.2288
2025-11-19 19:48:55,646 - model - WARNING - Failed to cache model object for KNN_5: module 'joblib' has no attribute 'dumps'
2025-11-19 19:48:55,646 - model - INFO - Model KNN trained successfully. CV Score: 33761207.2288
2025-11-19 19:48:55,661 - model - ERROR - Failed to evaluate KNN: '[0, 1, 2, 3, 4, 5, 6, 7, 8, 9, 11, 12, 13, 14, 15, 16, 18, 20, 21, 22, 24, 26, 27, 28, 29, 32, 34, 35, 36, 38, 40, 42, 43, 45, 46, 47, 49, 51, 52, 53, 57, 58, 62, 64, 68, 71, 74, 75, 77, 81, 82, 83, 84, 85, 89, 90, 92, 94, 97, 98, 99, 100, 102, 103, 104, 105, 108, 109, 111, 112, 113, 114, 115, 116, 117, 119, 121, 122, 123, 124, 125, 126, 127, 128, 129, 130, 133, 134, 135, 138, 140, 141, 142, 143, 144, 145, 146, 147, 148, 150, 151, 152, 153, 154, 155, 156, 159, 160, 161, 162, 163, 164, 165, 166, 170, 171, 172, 173, 175, 178, 180, 182, 183, 186, 187, 188, 189, 190, 191, 192, 193, 194, 195, 196, 197, 200, 201, 202, 203, 204, 205, 206, 207, 211, 212, 214, 216, 219, 220, 223, 224, 225, 226, 227, 228, 229, 231, 232, 234, 236, 238, 240, 241, 242, 243, 246, 248, 249, 250, 252, 253, 255, 258, 262, 264, 266, 267, 268, 269, 270, 271, 272, 273, 274, 276, 278, 279, 282, 283, 284, 285, 286, 287, 288, 290, 291, 293, 295, 297, 300, 301, 302, 303, 304, 305, 306, 311, 313, 316, 317, 320, 322, 323, 324, 325, 326, 329, 330, 331, 333, 335, 336, 337, 338, 339, 340, 341, 342, 343, 344, 345, 347, 348, 350, 352, 356, 357, 358, 359, 360, 362, 364, 366, 368, 369, 372, 373, 374, 375, 376, 378, 379, 380, 383, 384, 385, 386, 387, 388, 389, 390, 391, 392, 394, 395, 396, 397, 398, 399, 400, 401, 402, 403, 404, 405, 406, 407, 409, 410, 412, 413, 414, 415, 416, 417, 418, 419, 420, 421, 422, 423, 424, 426, 427, 428, 430, 431, 433, 434, 437, 438, 440, 441, 442, 443, 444, 446, 447, 448, 449, 450, 452, 454, 455, 456, 458, 459, 460, 461, 463, 464, 466, 467, 469, 470, 471, 473, 474, 475, 477, 478, 480, 481, 482, 483, 484, 485, 488, 489, 490, 491, 492, 495, 497, 498, 500, 501, 502, 504, 505, 506, 507, 508, 510, 512, 514, 515, 516, 517, 519, 520, 523, 524, 525, 531, 532, 535, 536, 537, 539, 541, 545, 546, 547, 550, 551, 552, 553, 555, 556, 557, 558, 560, 561, 562, 563, 564, 565, 566, 567, 568, 569, 571, 572, 573, 574, 575, 577, 579, 580, 581, 582, 585, 587, 588, 591, 592, 593, 594, 596, 597, 598, 600, 602, 603, 605, 606, 607, 608, 609, 610, 611, 612, 614, 615, 616, 618, 619, 620, 622, 623, 624, 627, 628, 629, 630, 631, 632, 633, 634, 637, 638, 639, 640, 645, 646, 648, 651, 653, 654, 655, 657, 658, 659, 661, 663, 664, 665, 666, 667, 669, 671, 672, 673, 674, 675, 680, 681, 684, 685, 686, 688, 690, 691, 693, 695, 698, 699, 700, 701, 702, 703, 704, 705, 707, 708, 709, 715, 717, 718, 719, 720, 722, 723, 724, 725, 726, 727, 728, 729, 730, 731, 732, 734, 735, 738, 739, 744, 745, 746, 747, 750, 751, 752, 754, 755, 756, 757, 758, 759, 760, 762, 765, 766, 768, 769, 770, 771, 772, 774, 775, 776, 777, 778, 779, 780, 781, 782, 783, 784, 785, 788, 790, 791, 792, 793, 795, 796, 797, 798, 799, 801, 803, 804, 805, 806, 807, 808, 809, 812, 813, 814, 815, 817, 818, 819, 821, 824, 825, 827, 830, 831, 832, 833, 834, 836, 838, 839, 840, 841, 842, 843, 844, 846, 847, 848, 850, 851, 852, 853, 854, 855, 857, 860, 861, 862, 863, 864, 868, 869, 870, 871, 872, 873, 874, 875, 876, 877, 878, 880, 881, 882, 885, 886, 887, 888, 889, 890, 891, 894, 895, 896, 897, 898, 900, 903, 904, 905, 906, 907, 909, 910, 911, 912, 913, 915, 916, 918, 919, 920, 921, 922, 923, 925, 926, 928, 929, 930, 931, 933, 934, 935, 937, 939, 940, 943, 944, 945, 946, 949, 950, 951, 952, 953, 954, 955, 956, 958, 960, 961, 962, 963, 964, 966, 967, 968, 969, 971, 972, 975, 976, 979, 980, 981, 983, 984, 987, 988, 990, 991, 992, 993, 999] not in index'
2025-11-19 19:48:55,662 - model - ERROR - No valid models to compare
2025-11-19 19:49:02,601 - model - INFO - Starting comprehensive model comparison with 6 models
2025-11-19 19:49:02,601 - model - INFO - Training and evaluating linear
2025-11-19 19:49:02,601 - model - INFO - Checking cache for linear with key: linear_[]_-359696053048120169
2025-11-19 19:49:02,602 - model - INFO - Using cached results for linear
2025-11-19 19:49:02,602 - model - INFO - Model object not cached, retraining linear
2025-11-19 19:49:02,604 - model - INFO - Applied RobustScaler to features for linear
2025-11-19 19:49:02,604 - model - INFO - Training linear model with params: {}
2025-11-19 19:49:02,605 - model - INFO - Stored trained model with ID: linear_0
2025-11-19 19:49:02,620 - model - WARNING - Failed to cache model object for linear_0: module 'joblib' has no attribute 'dumps'
2025-11-19 19:49:02,620 - model - INFO - Model linear trained successfully. CV Score: 11922347.4802
2025-11-19 19:49:02,623 - model - ERROR - Failed to evaluate linear: '[0, 1, 2, 3, 4, 5, 6, 7, 8, 9, 11, 12, 13, 14, 15, 16, 18, 20, 21, 22, 24, 26, 27, 28, 29, 32, 34, 35, 36, 38, 40, 42, 43, 45, 46, 47, 49, 51, 52, 53, 57, 58, 62, 64, 68, 71, 74, 75, 77, 81, 82, 83, 84, 85, 89, 90, 92, 94, 97, 98, 99, 100, 102, 103, 104, 105, 108, 109, 111, 112, 113, 114, 115, 116, 117, 119, 121, 122, 123, 124, 125, 126, 127, 128, 129, 130, 133, 134, 135, 138, 140, 141, 142, 143, 144, 145, 146, 147, 148, 150, 151, 152, 153, 154, 155, 156, 159, 160, 161, 162, 163, 164, 165, 166, 170, 171, 172, 173, 175, 178, 180, 182, 183, 186, 187, 188, 189, 190, 191, 192, 193, 194, 195, 196, 197, 200, 201, 202, 203, 204, 205, 206, 207, 211, 212, 214, 216, 219, 220, 223, 224, 225, 226, 227, 228, 229, 231, 232, 234, 236, 238, 240, 241, 242, 243, 246, 248, 249, 250, 252, 253, 255, 258, 262, 264, 266, 267, 268, 269, 270, 271, 272, 273, 274, 276, 278, 279, 282, 283, 284, 285, 286, 287, 288, 290, 291, 293, 295, 297, 300, 301, 302, 303, 304, 305, 306, 311, 313, 316, 317, 320, 322, 323, 324, 325, 326, 329, 330, 331, 333, 335, 336, 337, 338, 339, 340, 341, 342, 343, 344, 345, 347, 348, 350, 352, 356, 357, 358, 359, 360, 362, 364, 366, 368, 369, 372, 373, 374, 375, 376, 378, 379, 380, 383, 384, 385, 386, 387, 388, 389, 390, 391, 392, 394, 395, 396, 397, 398, 399, 400, 401, 402, 403, 404, 405, 406, 407, 409, 410, 412, 413, 414, 415, 416, 417, 418, 419, 420, 421, 422, 423, 424, 426, 427, 428, 430, 431, 433, 434, 437, 438, 440, 441, 442, 443, 444, 446, 447, 448, 449, 450, 452, 454, 455, 456, 458, 459, 460, 461, 463, 464, 466, 467, 469, 470, 471, 473, 474, 475, 477, 478, 480, 481, 482, 483, 484, 485, 488, 489, 490, 491, 492, 495, 497, 498, 500, 501, 502, 504, 505, 506, 507, 508, 510, 512, 514, 515, 516, 517, 519, 520, 523, 524, 525, 531, 532, 535, 536, 537, 539, 541, 545, 546, 547, 550, 551, 552, 553, 555, 556, 557, 558, 560, 561, 562, 563, 564, 565, 566, 567, 568, 569, 571, 572, 573, 574, 575, 577, 579, 580, 581, 582, 585, 587, 588, 591, 592, 593, 594, 596, 597, 598, 600, 602, 603, 605, 606, 607, 608, 609, 610, 611, 612, 614, 615, 616, 618, 619, 620, 622, 623, 624, 627, 628, 629, 630, 631, 632, 633, 634, 637, 638, 639, 640, 645, 646, 648, 651, 653, 654, 655, 657, 658, 659, 661, 663, 664, 665, 666, 667, 669, 671, 672, 673, 674, 675, 680, 681, 684, 685, 686, 688, 690, 691, 693, 695, 698, 699, 700, 701, 702, 703, 704, 705, 707, 708, 709, 715, 717, 718, 719, 720, 722, 723, 724, 725, 726, 727, 728, 729, 730, 731, 732, 734, 735, 738, 739, 744, 745, 746, 747, 750, 751, 752, 754, 755, 756, 757, 758, 759, 760, 762, 765, 766, 768, 769, 770, 771, 772, 774, 775, 776, 777, 778, 779, 780, 781, 782, 783, 784, 785, 788, 790, 791, 792, 793, 795, 796, 797, 798, 799, 801, 803, 804, 805, 806, 807, 808, 809, 812, 813, 814, 815, 817, 818, 819, 821, 824, 825, 827, 830, 831, 832, 833, 834, 836, 838, 839, 840, 841, 842, 843, 844, 846, 847, 848, 850, 851, 852, 853, 854, 855, 857, 860, 861, 862, 863, 864, 868, 869, 870, 871, 872, 873, 874, 875, 876, 877, 878, 880, 881, 882, 885, 886, 887, 888, 889, 890, 891, 894, 895, 896, 897, 898, 900, 903, 904, 905, 906, 907, 909, 910, 911, 912, 913, 915, 916, 918, 919, 920, 921, 922, 923, 925, 926, 928, 929, 930, 931, 933, 934, 935, 937, 939, 940, 943, 944, 945, 946, 949, 950, 951, 952, 953, 954, 955, 956, 958, 960, 961, 962, 963, 964, 966, 967, 968, 969, 971, 972, 975, 976, 979, 980, 981, 983, 984, 987, 988, 990, 991, 992, 993, 999] not in index'
2025-11-19 19:49:02,623 - model - INFO - Training and evaluating ridge
2025-11-19 19:49:02,623 - model - INFO - Checking cache for ridge with key: ridge_[]_-359696053048120169
2025-11-19 19:49:02,623 - model - INFO - Using cached results for ridge
2025-11-19 19:49:02,623 - model - INFO - Model object not cached, retraining ridge
2025-11-19 19:49:02,625 - model - INFO - Applied RobustScaler to features for ridge
2025-11-19 19:49:02,625 - model - INFO - Training ridge model with params: {}
2025-11-19 19:49:02,626 - model - INFO - Stored trained model with ID: ridge_1
2025-11-19 19:49:02,639 - model - WARNING - Failed to cache model object for ridge_1: module 'joblib' has no attribute 'dumps'
2025-11-19 19:49:02,639 - model - INFO - Model ridge trained successfully. CV Score: 11920010.6962
2025-11-19 19:49:02,641 - model - ERROR - Failed to evaluate ridge: '[0, 1, 2, 3, 4, 5, 6, 7, 8, 9, 11, 12, 13, 14, 15, 16, 18, 20, 21, 22, 24, 26, 27, 28, 29, 32, 34, 35, 36, 38, 40, 42, 43, 45, 46, 47, 49, 51, 52, 53, 57, 58, 62, 64, 68, 71, 74, 75, 77, 81, 82, 83, 84, 85, 89, 90, 92, 94, 97, 98, 99, 100, 102, 103, 104, 105, 108, 109, 111, 112, 113, 114, 115, 116, 117, 119, 121, 122, 123, 124, 125, 126, 127, 128, 129, 130, 133, 134, 135, 138, 140, 141, 142, 143, 144, 145, 146, 147, 148, 150, 151, 152, 153, 154, 155, 156, 159, 160, 161, 162, 163, 164, 165, 166, 170, 171, 172, 173, 175, 178, 180, 182, 183, 186, 187, 188, 189, 190, 191, 192, 193, 194, 195, 196, 197, 200, 201, 202, 203, 204, 205, 206, 207, 211, 212, 214, 216, 219, 220, 223, 224, 225, 226, 227, 228, 229, 231, 232, 234, 236, 238, 240, 241, 242, 243, 246, 248, 249, 250, 252, 253, 255, 258, 262, 264, 266, 267, 268, 269, 270, 271, 272, 273, 274, 276, 278, 279, 282, 283, 284, 285, 286, 287, 288, 290, 291, 293, 295, 297, 300, 301, 302, 303, 304, 305, 306, 311, 313, 316, 317, 320, 322, 323, 324, 325, 326, 329, 330, 331, 333, 335, 336, 337, 338, 339, 340, 341, 342, 343, 344, 345, 347, 348, 350, 352, 356, 357, 358, 359, 360, 362, 364, 366, 368, 369, 372, 373, 374, 375, 376, 378, 379, 380, 383, 384, 385, 386, 387, 388, 389, 390, 391, 392, 394, 395, 396, 397, 398, 399, 400, 401, 402, 403, 404, 405, 406, 407, 409, 410, 412, 413, 414, 415, 416, 417, 418, 419, 420, 421, 422, 423, 424, 426, 427, 428, 430, 431, 433, 434, 437, 438, 440, 441, 442, 443, 444, 446, 447, 448, 449, 450, 452, 454, 455, 456, 458, 459, 460, 461, 463, 464, 466, 467, 469, 470, 471, 473, 474, 475, 477, 478, 480, 481, 482, 483, 484, 485, 488, 489, 490, 491, 492, 495, 497, 498, 500, 501, 502, 504, 505, 506, 507, 508, 510, 512, 514, 515, 516, 517, 519, 520, 523, 524, 525, 531, 532, 535, 536, 537, 539, 541, 545, 546, 547, 550, 551, 552, 553, 555, 556, 557, 558, 560, 561, 562, 563, 564, 565, 566, 567, 568, 569, 571, 572, 573, 574, 575, 577, 579, 580, 581, 582, 585, 587, 588, 591, 592, 593, 594, 596, 597, 598, 600, 602, 603, 605, 606, 607, 608, 609, 610, 611, 612, 614, 615, 616, 618, 619, 620, 622, 623, 624, 627, 628, 629, 630, 631, 632, 633, 634, 637, 638, 639, 640, 645, 646, 648, 651, 653, 654, 655, 657, 658, 659, 661, 663, 664, 665, 666, 667, 669, 671, 672, 673, 674, 675, 680, 681, 684, 685, 686, 688, 690, 691, 693, 695, 698, 699, 700, 701, 702, 703, 704, 705, 707, 708, 709, 715, 717, 718, 719, 720, 722, 723, 724, 725, 726, 727, 728, 729, 730, 731, 732, 734, 735, 738, 739, 744, 745, 746, 747, 750, 751, 752, 754, 755, 756, 757, 758, 759, 760, 762, 765, 766, 768, 769, 770, 771, 772, 774, 775, 776, 777, 778, 779, 780, 781, 782, 783, 784, 785, 788, 790, 791, 792, 793, 795, 796, 797, 798, 799, 801, 803, 804, 805, 806, 807, 808, 809, 812, 813, 814, 815, 817, 818, 819, 821, 824, 825, 827, 830, 831, 832, 833, 834, 836, 838, 839, 840, 841, 842, 843, 844, 846, 847, 848, 850, 851, 852, 853, 854, 855, 857, 860, 861, 862, 863, 864, 868, 869, 870, 871, 872, 873, 874, 875, 876, 877, 878, 880, 881, 882, 885, 886, 887, 888, 889, 890, 891, 894, 895, 896, 897, 898, 900, 903, 904, 905, 906, 907, 909, 910, 911, 912, 913, 915, 916, 918, 919, 920, 921, 922, 923, 925, 926, 928, 929, 930, 931, 933, 934, 935, 937, 939, 940, 943, 944, 945, 946, 949, 950, 951, 952, 953, 954, 955, 956, 958, 960, 961, 962, 963, 964, 966, 967, 968, 969, 971, 972, 975, 976, 979, 980, 981, 983, 984, 987, 988, 990, 991, 992, 993, 999] not in index'
2025-11-19 19:49:02,642 - model - INFO - Training and evaluating lasso
2025-11-19 19:49:02,642 - model - INFO - Checking cache for lasso with key: lasso_[]_-359696053048120169
2025-11-19 19:49:02,642 - model - INFO - Using cached results for lasso
2025-11-19 19:49:02,642 - model - INFO - Model object not cached, retraining lasso
2025-11-19 19:49:02,644 - model - INFO - Applied RobustScaler to features for lasso
2025-11-19 19:49:02,644 - model - INFO - Training lasso model with params: {}
2025-11-19 19:49:02,645 - model - INFO - Stored trained model with ID: lasso_2
2025-11-19 19:49:02,668 - model - WARNING - Failed to cache model object for lasso_2: module 'joblib' has no attribute 'dumps'
2025-11-19 19:49:02,668 - model - INFO - Model lasso trained successfully. CV Score: 11917922.3296
2025-11-19 19:49:02,670 - model - ERROR - Failed to evaluate lasso: '[0, 1, 2, 3, 4, 5, 6, 7, 8, 9, 11, 12, 13, 14, 15, 16, 18, 20, 21, 22, 24, 26, 27, 28, 29, 32, 34, 35, 36, 38, 40, 42, 43, 45, 46, 47, 49, 51, 52, 53, 57, 58, 62, 64, 68, 71, 74, 75, 77, 81, 82, 83, 84, 85, 89, 90, 92, 94, 97, 98, 99, 100, 102, 103, 104, 105, 108, 109, 111, 112, 113, 114, 115, 116, 117, 119, 121, 122, 123, 124, 125, 126, 127, 128, 129, 130, 133, 134, 135, 138, 140, 141, 142, 143, 144, 145, 146, 147, 148, 150, 151, 152, 153, 154, 155, 156, 159, 160, 161, 162, 163, 164, 165, 166, 170, 171, 172, 173, 175, 178, 180, 182, 183, 186, 187, 188, 189, 190, 191, 192, 193, 194, 195, 196, 197, 200, 201, 202, 203, 204, 205, 206, 207, 211, 212, 214, 216, 219, 220, 223, 224, 225, 226, 227, 228, 229, 231, 232, 234, 236, 238, 240, 241, 242, 243, 246, 248, 249, 250, 252, 253, 255, 258, 262, 264, 266, 267, 268, 269, 270, 271, 272, 273, 274, 276, 278, 279, 282, 283, 284, 285, 286, 287, 288, 290, 291, 293, 295, 297, 300, 301, 302, 303, 304, 305, 306, 311, 313, 316, 317, 320, 322, 323, 324, 325, 326, 329, 330, 331, 333, 335, 336, 337, 338, 339, 340, 341, 342, 343, 344, 345, 347, 348, 350, 352, 356, 357, 358, 359, 360, 362, 364, 366, 368, 369, 372, 373, 374, 375, 376, 378, 379, 380, 383, 384, 385, 386, 387, 388, 389, 390, 391, 392, 394, 395, 396, 397, 398, 399, 400, 401, 402, 403, 404, 405, 406, 407, 409, 410, 412, 413, 414, 415, 416, 417, 418, 419, 420, 421, 422, 423, 424, 426, 427, 428, 430, 431, 433, 434, 437, 438, 440, 441, 442, 443, 444, 446, 447, 448, 449, 450, 452, 454, 455, 456, 458, 459, 460, 461, 463, 464, 466, 467, 469, 470, 471, 473, 474, 475, 477, 478, 480, 481, 482, 483, 484, 485, 488, 489, 490, 491, 492, 495, 497, 498, 500, 501, 502, 504, 505, 506, 507, 508, 510, 512, 514, 515, 516, 517, 519, 520, 523, 524, 525, 531, 532, 535, 536, 537, 539, 541, 545, 546, 547, 550, 551, 552, 553, 555, 556, 557, 558, 560, 561, 562, 563, 564, 565, 566, 567, 568, 569, 571, 572, 573, 574, 575, 577, 579, 580, 581, 582, 585, 587, 588, 591, 592, 593, 594, 596, 597, 598, 600, 602, 603, 605, 606, 607, 608, 609, 610, 611, 612, 614, 615, 616, 618, 619, 620, 622, 623, 624, 627, 628, 629, 630, 631, 632, 633, 634, 637, 638, 639, 640, 645, 646, 648, 651, 653, 654, 655, 657, 658, 659, 661, 663, 664, 665, 666, 667, 669, 671, 672, 673, 674, 675, 680, 681, 684, 685, 686, 688, 690, 691, 693, 695, 698, 699, 700, 701, 702, 703, 704, 705, 707, 708, 709, 715, 717, 718, 719, 720, 722, 723, 724, 725, 726, 727, 728, 729, 730, 731, 732, 734, 735, 738, 739, 744, 745, 746, 747, 750, 751, 752, 754, 755, 756, 757, 758, 759, 760, 762, 765, 766, 768, 769, 770, 771, 772, 774, 775, 776, 777, 778, 779, 780, 781, 782, 783, 784, 785, 788, 790, 791, 792, 793, 795, 796, 797, 798, 799, 801, 803, 804, 805, 806, 807, 808, 809, 812, 813, 814, 815, 817, 818, 819, 821, 824, 825, 827, 830, 831, 832, 833, 834, 836, 838, 839, 840, 841, 842, 843, 844, 846, 847, 848, 850, 851, 852, 853, 854, 855, 857, 860, 861, 862, 863, 864, 868, 869, 870, 871, 872, 873, 874, 875, 876, 877, 878, 880, 881, 882, 885, 886, 887, 888, 889, 890, 891, 894, 895, 896, 897, 898, 900, 903, 904, 905, 906, 907, 909, 910, 911, 912, 913, 915, 916, 918, 919, 920, 921, 922, 923, 925, 926, 928, 929, 930, 931, 933, 934, 935, 937, 939, 940, 943, 944, 945, 946, 949, 950, 951, 952, 953, 954, 955, 956, 958, 960, 961, 962, 963, 964, 966, 967, 968, 969, 971, 972, 975, 976, 979, 980, 981, 983, 984, 987, 988, 990, 991, 992, 993, 999] not in index'
2025-11-19 19:49:02,670 - model - INFO - Training and evaluating decision_tree
2025-11-19 19:49:02,670 - model - INFO - Checking cache for decision_tree with key: decision_tree_[('max_depth', 10), ('max_features', 'sqrt'), ('min_samples_leaf', 2), ('min_samples_split', 5)]_-359696053048120169
2025-11-19 19:49:02,670 - model - INFO - Using cached results for decision_tree
2025-11-19 19:49:02,671 - model - INFO - Model object not cached, retraining decision_tree
2025-11-19 19:49:02,671 - model - INFO - Training decision_tree model with params: {'max_depth': 10, 'min_samples_split': 5, 'min_samples_leaf': 2, 'max_features': 'sqrt'}
2025-11-19 19:49:03,081 - model - INFO - Applied cost complexity pruning with alpha=181.88952540078384
2025-11-19 19:49:03,081 - model - INFO - Stored trained model with ID: decision_tree_3
2025-11-19 19:49:03,090 - model - WARNING - Failed to cache model object for decision_tree_3: module 'joblib' has no attribute 'dumps'
2025-11-19 19:49:03,090 - model - INFO - Model decision_tree trained successfully. CV Score: 14874524.2437
2025-11-19 19:49:03,093 - model - ERROR - Failed to evaluate decision_tree: '[0, 1, 2, 3, 4, 5, 6, 7, 8, 9, 11, 12, 13, 14, 15, 16, 18, 20, 21, 22, 24, 26, 27, 28, 29, 32, 34, 35, 36, 38, 40, 42, 43, 45, 46, 47, 49, 51, 52, 53, 57, 58, 62, 64, 68, 71, 74, 75, 77, 81, 82, 83, 84, 85, 89, 90, 92, 94, 97, 98, 99, 100, 102, 103, 104, 105, 108, 109, 111, 112, 113, 114, 115, 116, 117, 119, 121, 122, 123, 124, 125, 126, 127, 128, 129, 130, 133, 134, 135, 138, 140, 141, 142, 143, 144, 145, 146, 147, 148, 150, 151, 152, 153, 154, 155, 156, 159, 160, 161, 162, 163, 164, 165, 166, 170, 171, 172, 173, 175, 178, 180, 182, 183, 186, 187, 188, 189, 190, 191, 192, 193, 194, 195, 196, 197, 200, 201, 202, 203, 204, 205, 206, 207, 211, 212, 214, 216, 219, 220, 223, 224, 225, 226, 227, 228, 229, 231, 232, 234, 236, 238, 240, 241, 242, 243, 246, 248, 249, 250, 252, 253, 255, 258, 262, 264, 266, 267, 268, 269, 270, 271, 272, 273, 274, 276, 278, 279, 282, 283, 284, 285, 286, 287, 288, 290, 291, 293, 295, 297, 300, 301, 302, 303, 304, 305, 306, 311, 313, 316, 317, 320, 322, 323, 324, 325, 326, 329, 330, 331, 333, 335, 336, 337, 338, 339, 340, 341, 342, 343, 344, 345, 347, 348, 350, 352, 356, 357, 358, 359, 360, 362, 364, 366, 368, 369, 372, 373, 374, 375, 376, 378, 379, 380, 383, 384, 385, 386, 387, 388, 389, 390, 391, 392, 394, 395, 396, 397, 398, 399, 400, 401, 402, 403, 404, 405, 406, 407, 409, 410, 412, 413, 414, 415, 416, 417, 418, 419, 420, 421, 422, 423, 424, 426, 427, 428, 430, 431, 433, 434, 437, 438, 440, 441, 442, 443, 444, 446, 447, 448, 449, 450, 452, 454, 455, 456, 458, 459, 460, 461, 463, 464, 466, 467, 469, 470, 471, 473, 474, 475, 477, 478, 480, 481, 482, 483, 484, 485, 488, 489, 490, 491, 492, 495, 497, 498, 500, 501, 502, 504, 505, 506, 507, 508, 510, 512, 514, 515, 516, 517, 519, 520, 523, 524, 525, 531, 532, 535, 536, 537, 539, 541, 545, 546, 547, 550, 551, 552, 553, 555, 556, 557, 558, 560, 561, 562, 563, 564, 565, 566, 567, 568, 569, 571, 572, 573, 574, 575, 577, 579, 580, 581, 582, 585, 587, 588, 591, 592, 593, 594, 596, 597, 598, 600, 602, 603, 605, 606, 607, 608, 609, 610, 611, 612, 614, 615, 616, 618, 619, 620, 622, 623, 624, 627, 628, 629, 630, 631, 632, 633, 634, 637, 638, 639, 640, 645, 646, 648, 651, 653, 654, 655, 657, 658, 659, 661, 663, 664, 665, 666, 667, 669, 671, 672, 673, 674, 675, 680, 681, 684, 685, 686, 688, 690, 691, 693, 695, 698, 699, 700, 701, 702, 703, 704, 705, 707, 708, 709, 715, 717, 718, 719, 720, 722, 723, 724, 725, 726, 727, 728, 729, 730, 731, 732, 734, 735, 738, 739, 744, 745, 746, 747, 750, 751, 752, 754, 755, 756, 757, 758, 759, 760, 762, 765, 766, 768, 769, 770, 771, 772, 774, 775, 776, 777, 778, 779, 780, 781, 782, 783, 784, 785, 788, 790, 791, 792, 793, 795, 796, 797, 798, 799, 801, 803, 804, 805, 806, 807, 808, 809, 812, 813, 814, 815, 817, 818, 819, 821, 824, 825, 827, 830, 831, 832, 833, 834, 836, 838, 839, 840, 841, 842, 843, 844, 846, 847, 848, 850, 851, 852, 853, 854, 855, 857, 860, 861, 862, 863, 864, 868, 869, 870, 871, 872, 873, 874, 875, 876, 877, 878, 880, 881, 882, 885, 886, 887, 888, 889, 890, 891, 894, 895, 896, 897, 898, 900, 903, 904, 905, 906, 907, 909, 910, 911, 912, 913, 915, 916, 918, 919, 920, 921, 922, 923, 925, 926, 928, 929, 930, 931, 933, 934, 935, 937, 939, 940, 943, 944, 945, 946, 949, 950, 951, 952, 953, 954, 955, 956, 958, 960, 961, 962, 963, 964, 966, 967, 968, 969, 971, 972, 975, 976, 979, 980, 981, 983, 984, 987, 988, 990, 991, 992, 993, 999] not in index'
2025-11-19 19:49:03,093 - model - INFO - Training and evaluating random_forest
2025-11-19 19:49:03,093 - model - INFO - Checking cache for random_forest with key: random_forest_[('bootstrap', True), ('max_depth', 10), ('max_features', 'sqrt'), ('max_samples', 0.5), ('min_samples_leaf', 2), ('min_samples_split', 5), ('n_estimators', 100)]_-359696053048120169
2025-11-19 19:49:03,093 - model - INFO - Using cached results for random_forest
2025-11-19 19:49:03,093 - model - INFO - Model object not cached, retraining random_forest
2025-11-19 19:49:03,093 - model - INFO - Training random_forest model with params: {'max_depth': 10, 'min_samples_split': 5, 'min_samples_leaf': 2, 'max_features': 'sqrt', 'n_estimators': 100, 'bootstrap': True, 'max_samples': 0.5}
2025-11-19 19:49:03,153 - model - INFO - Applied bootstrap sampling with max_samples=500
2025-11-19 19:49:03,153 - model - INFO - Stored trained model with ID: random_forest_4
2025-11-19 19:49:03,472 - model - WARNING - Failed to cache model object for random_forest_4: module 'joblib' has no attribute 'dumps'
2025-11-19 19:49:03,472 - model - INFO - Model random_forest trained successfully. CV Score: 7450978.7799
2025-11-19 19:49:03,486 - model - ERROR - Failed to evaluate random_forest: '[0, 1, 2, 3, 4, 5, 6, 7, 8, 9, 11, 12, 13, 14, 15, 16, 18, 20, 21, 22, 24, 26, 27, 28, 29, 32, 34, 35, 36, 38, 40, 42, 43, 45, 46, 47, 49, 51, 52, 53, 57, 58, 62, 64, 68, 71, 74, 75, 77, 81, 82, 83, 84, 85, 89, 90, 92, 94, 97, 98, 99, 100, 102, 103, 104, 105, 108, 109, 111, 112, 113, 114, 115, 116, 117, 119, 121, 122, 123, 124, 125, 126, 127, 128, 129, 130, 133, 134, 135, 138, 140, 141, 142, 143, 144, 145, 146, 147, 148, 150, 151, 152, 153, 154, 155, 156, 159, 160, 161, 162, 163, 164, 165, 166, 170, 171, 172, 173, 175, 178, 180, 182, 183, 186, 187, 188, 189, 190, 191, 192, 193, 194, 195, 196, 197, 200, 201, 202, 203, 204, 205, 206, 207, 211, 212, 214, 216, 219, 220, 223, 224, 225, 226, 227, 228, 229, 231, 232, 234, 236, 238, 240, 241, 242, 243, 246, 248, 249, 250, 252, 253, 255, 258, 262, 264, 266, 267, 268, 269, 270, 271, 272, 273, 274, 276, 278, 279, 282, 283, 284, 285, 286, 287, 288, 290, 291, 293, 295, 297, 300, 301, 302, 303, 304, 305, 306, 311, 313, 316, 317, 320, 322, 323, 324, 325, 326, 329, 330, 331, 333, 335, 336, 337, 338, 339, 340, 341, 342, 343, 344, 345, 347, 348, 350, 352, 356, 357, 358, 359, 360, 362, 364, 366, 368, 369, 372, 373, 374, 375, 376, 378, 379, 380, 383, 384, 385, 386, 387, 388, 389, 390, 391, 392, 394, 395, 396, 397, 398, 399, 400, 401, 402, 403, 404, 405, 406, 407, 409, 410, 412, 413, 414, 415, 416, 417, 418, 419, 420, 421, 422, 423, 424, 426, 427, 428, 430, 431, 433, 434, 437, 438, 440, 441, 442, 443, 444, 446, 447, 448, 449, 450, 452, 454, 455, 456, 458, 459, 460, 461, 463, 464, 466, 467, 469, 470, 471, 473, 474, 475, 477, 478, 480, 481, 482, 483, 484, 485, 488, 489, 490, 491, 492, 495, 497, 498, 500, 501, 502, 504, 505, 506, 507, 508, 510, 512, 514, 515, 516, 517, 519, 520, 523, 524, 525, 531, 532, 535, 536, 537, 539, 541, 545, 546, 547, 550, 551, 552, 553, 555, 556, 557, 558, 560, 561, 562, 563, 564, 565, 566, 567, 568, 569, 571, 572, 573, 574, 575, 577, 579, 580, 581, 582, 585, 587, 588, 591, 592, 593, 594, 596, 597, 598, 600, 602, 603, 605, 606, 607, 608, 609, 610, 611, 612, 614, 615, 616, 618, 619, 620, 622, 623, 624, 627, 628, 629, 630, 631, 632, 633, 634, 637, 638, 639, 640, 645, 646, 648, 651, 653, 654, 655, 657, 658, 659, 661, 663, 664, 665, 666, 667, 669, 671, 672, 673, 674, 675, 680, 681, 684, 685, 686, 688, 690, 691, 693, 695, 698, 699, 700, 701, 702, 703, 704, 705, 707, 708, 709, 715, 717, 718, 719, 720, 722, 723, 724, 725, 726, 727, 728, 729, 730, 731, 732, 734, 735, 738, 739, 744, 745, 746, 747, 750, 751, 752, 754, 755, 756, 757, 758, 759, 760, 762, 765, 766, 768, 769, 770, 771, 772, 774, 775, 776, 777, 778, 779, 780, 781, 782, 783, 784, 785, 788, 790, 791, 792, 793, 795, 796, 797, 798, 799, 801, 803, 804, 805, 806, 807, 808, 809, 812, 813, 814, 815, 817, 818, 819, 821, 824, 825, 827, 830, 831, 832, 833, 834, 836, 838, 839, 840, 841, 842, 843, 844, 846, 847, 848, 850, 851, 852, 853, 854, 855, 857, 860, 861, 862, 863, 864, 868, 869, 870, 871, 872, 873, 874, 875, 876, 877, 878, 880, 881, 882, 885, 886, 887, 888, 889, 890, 891, 894, 895, 896, 897, 898, 900, 903, 904, 905, 906, 907, 909, 910, 911, 912, 913, 915, 916, 918, 919, 920, 921, 922, 923, 925, 926, 928, 929, 930, 931, 933, 934, 935, 937, 939, 940, 943, 944, 945, 946, 949, 950, 951, 952, 953, 954, 955, 956, 958, 960, 961, 962, 963, 964, 966, 967, 968, 969, 971, 972, 975, 976, 979, 980, 981, 983, 984, 987, 988, 990, 991, 992, 993, 999] not in index'
2025-11-19 19:49:03,487 - model - INFO - Training and evaluating KNN
2025-11-19 19:49:03,487 - model - INFO - Starting hyperparameter tuning for KNN
2025-11-19 19:49:06,413 - model - INFO - Tuning completed. Best score: 33761207.2288, Overfitting risk: low
2025-11-19 19:49:06,413 - model - INFO - Checking cache for KNN with key: KNN_[('algorithm', 'auto'), ('metric', 'manhattan'), ('n_neighbors', 30), ('p', 1), ('weights', 'distance')]_-359696053048120169
2025-11-19 19:49:06,414 - model - INFO - Using cached results for KNN
2025-11-19 19:49:06,414 - model - INFO - Model object not cached, retraining KNN
2025-11-19 19:49:06,416 - model - INFO - Applied RobustScaler to features for KNN
2025-11-19 19:49:06,416 - model - INFO - Training KNN model with params: {'algorithm': 'auto', 'metric': 'manhattan', 'n_neighbors': 30, 'p': 1, 'weights': 'distance'}
2025-11-19 19:49:06,416 - model - INFO - Stored trained model with ID: KNN_5
2025-11-19 19:49:06,441 - model - INFO - KNN Validation: Optimal K=30, CV Score=33761207.2288
2025-11-19 19:49:06,441 - model - WARNING - Failed to cache model object for KNN_5: module 'joblib' has no attribute 'dumps'
2025-11-19 19:49:06,441 - model - INFO - Model KNN trained successfully. CV Score: 33761207.2288
2025-11-19 19:49:06,460 - model - ERROR - Failed to evaluate KNN: '[0, 1, 2, 3, 4, 5, 6, 7, 8, 9, 11, 12, 13, 14, 15, 16, 18, 20, 21, 22, 24, 26, 27, 28, 29, 32, 34, 35, 36, 38, 40, 42, 43, 45, 46, 47, 49, 51, 52, 53, 57, 58, 62, 64, 68, 71, 74, 75, 77, 81, 82, 83, 84, 85, 89, 90, 92, 94, 97, 98, 99, 100, 102, 103, 104, 105, 108, 109, 111, 112, 113, 114, 115, 116, 117, 119, 121, 122, 123, 124, 125, 126, 127, 128, 129, 130, 133, 134, 135, 138, 140, 141, 142, 143, 144, 145, 146, 147, 148, 150, 151, 152, 153, 154, 155, 156, 159, 160, 161, 162, 163, 164, 165, 166, 170, 171, 172, 173, 175, 178, 180, 182, 183, 186, 187, 188, 189, 190, 191, 192, 193, 194, 195, 196, 197, 200, 201, 202, 203, 204, 205, 206, 207, 211, 212, 214, 216, 219, 220, 223, 224, 225, 226, 227, 228, 229, 231, 232, 234, 236, 238, 240, 241, 242, 243, 246, 248, 249, 250, 252, 253, 255, 258, 262, 264, 266, 267, 268, 269, 270, 271, 272, 273, 274, 276, 278, 279, 282, 283, 284, 285, 286, 287, 288, 290, 291, 293, 295, 297, 300, 301, 302, 303, 304, 305, 306, 311, 313, 316, 317, 320, 322, 323, 324, 325, 326, 329, 330, 331, 333, 335, 336, 337, 338, 339, 340, 341, 342, 343, 344, 345, 347, 348, 350, 352, 356, 357, 358, 359, 360, 362, 364, 366, 368, 369, 372, 373, 374, 375, 376, 378, 379, 380, 383, 384, 385, 386, 387, 388, 389, 390, 391, 392, 394, 395, 396, 397, 398, 399, 400, 401, 402, 403, 404, 405, 406, 407, 409, 410, 412, 413, 414, 415, 416, 417, 418, 419, 420, 421, 422, 423, 424, 426, 427, 428, 430, 431, 433, 434, 437, 438, 440, 441, 442, 443, 444, 446, 447, 448, 449, 450, 452, 454, 455, 456, 458, 459, 460, 461, 463, 464, 466, 467, 469, 470, 471, 473, 474, 475, 477, 478, 480, 481, 482, 483, 484, 485, 488, 489, 490, 491, 492, 495, 497, 498, 500, 501, 502, 504, 505, 506, 507, 508, 510, 512, 514, 515, 516, 517, 519, 520, 523, 524, 525, 531, 532, 535, 536, 537, 539, 541, 545, 546, 547, 550, 551, 552, 553, 555, 556, 557, 558, 560, 561, 562, 563, 564, 565, 566, 567, 568, 569, 571, 572, 573, 574, 575, 577, 579, 580, 581, 582, 585, 587, 588, 591, 592, 593, 594, 596, 597, 598, 600, 602, 603, 605, 606, 607, 608, 609, 610, 611, 612, 614, 615, 616, 618, 619, 620, 622, 623, 624, 627, 628, 629, 630, 631, 632, 633, 634, 637, 638, 639, 640, 645, 646, 648, 651, 653, 654, 655, 657, 658, 659, 661, 663, 664, 665, 666, 667, 669, 671, 672, 673, 674, 675, 680, 681, 684, 685, 686, 688, 690, 691, 693, 695, 698, 699, 700, 701, 702, 703, 704, 705, 707, 708, 709, 715, 717, 718, 719, 720, 722, 723, 724, 725, 726, 727, 728, 729, 730, 731, 732, 734, 735, 738, 739, 744, 745, 746, 747, 750, 751, 752, 754, 755, 756, 757, 758, 759, 760, 762, 765, 766, 768, 769, 770, 771, 772, 774, 775, 776, 777, 778, 779, 780, 781, 782, 783, 784, 785, 788, 790, 791, 792, 793, 795, 796, 797, 798, 799, 801, 803, 804, 805, 806, 807, 808, 809, 812, 813, 814, 815, 817, 818, 819, 821, 824, 825, 827, 830, 831, 832, 833, 834, 836, 838, 839, 840, 841, 842, 843, 844, 846, 847, 848, 850, 851, 852, 853, 854, 855, 857, 860, 861, 862, 863, 864, 868, 869, 870, 871, 872, 873, 874, 875, 876, 877, 878, 880, 881, 882, 885, 886, 887, 888, 889, 890, 891, 894, 895, 896, 897, 898, 900, 903, 904, 905, 906, 907, 909, 910, 911, 912, 913, 915, 916, 918, 919, 920, 921, 922, 923, 925, 926, 928, 929, 930, 931, 933, 934, 935, 937, 939, 940, 943, 944, 945, 946, 949, 950, 951, 952, 953, 954, 955, 956, 958, 960, 961, 962, 963, 964, 966, 967, 968, 969, 971, 972, 975, 976, 979, 980, 981, 983, 984, 987, 988, 990, 991, 992, 993, 999] not in index'
2025-11-19 19:49:06,460 - model - ERROR - No valid models to compare
2025-11-19 19:50:08,815 - model - INFO - Starting comprehensive model comparison with 6 models
2025-11-19 19:50:08,815 - model - INFO - Training and evaluating linear
2025-11-19 19:50:08,815 - model - INFO - Checking cache for linear with key: linear_[]_-5488197214442262300
2025-11-19 19:50:08,816 - model - INFO - Using cached results for linear
2025-11-19 19:50:08,816 - model - INFO - Model object not cached, retraining linear
2025-11-19 19:50:08,819 - model - INFO - Applied RobustScaler to features for linear
2025-11-19 19:50:08,819 - model - INFO - Training linear model with params: {}
2025-11-19 19:50:08,820 - model - INFO - Stored trained model with ID: linear_0
2025-11-19 19:50:08,838 - model - WARNING - Failed to cache model object for linear_0: module 'joblib' has no attribute 'dumps'
2025-11-19 19:50:08,838 - model - INFO - Model linear trained successfully. CV Score: 11922347.4802
2025-11-19 19:50:08,841 - model - ERROR - Failed to evaluate linear: '[0, 1, 2, 3, 4, 5, 6, 7, 8, 9, 11, 12, 13, 14, 15, 16, 18, 20, 21, 22, 24, 26, 27, 28, 29, 32, 34, 35, 36, 38, 40, 42, 43, 45, 46, 47, 49, 51, 52, 53, 57, 58, 62, 64, 68, 71, 74, 75, 77, 81, 82, 83, 84, 85, 89, 90, 92, 94, 97, 98, 99, 100, 102, 103, 104, 105, 108, 109, 111, 112, 113, 114, 115, 116, 117, 119, 121, 122, 123, 124, 125, 126, 127, 128, 129, 130, 133, 134, 135, 138, 140, 141, 142, 143, 144, 145, 146, 147, 148, 150, 151, 152, 153, 154, 155, 156, 159, 160, 161, 162, 163, 164, 165, 166, 170, 171, 172, 173, 175, 178, 180, 182, 183, 186, 187, 188, 189, 190, 191, 192, 193, 194, 195, 196, 197, 200, 201, 202, 203, 204, 205, 206, 207, 211, 212, 214, 216, 219, 220, 223, 224, 225, 226, 227, 228, 229, 231, 232, 234, 236, 238, 240, 241, 242, 243, 246, 248, 249, 250, 252, 253, 255, 258, 262, 264, 266, 267, 268, 269, 270, 271, 272, 273, 274, 276, 278, 279, 282, 283, 284, 285, 286, 287, 288, 290, 291, 293, 295, 297, 300, 301, 302, 303, 304, 305, 306, 311, 313, 316, 317, 320, 322, 323, 324, 325, 326, 329, 330, 331, 333, 335, 336, 337, 338, 339, 340, 341, 342, 343, 344, 345, 347, 348, 350, 352, 356, 357, 358, 359, 360, 362, 364, 366, 368, 369, 372, 373, 374, 375, 376, 378, 379, 380, 383, 384, 385, 386, 387, 388, 389, 390, 391, 392, 394, 395, 396, 397, 398, 399, 400, 401, 402, 403, 404, 405, 406, 407, 409, 410, 412, 413, 414, 415, 416, 417, 418, 419, 420, 421, 422, 423, 424, 426, 427, 428, 430, 431, 433, 434, 437, 438, 440, 441, 442, 443, 444, 446, 447, 448, 449, 450, 452, 454, 455, 456, 458, 459, 460, 461, 463, 464, 466, 467, 469, 470, 471, 473, 474, 475, 477, 478, 480, 481, 482, 483, 484, 485, 488, 489, 490, 491, 492, 495, 497, 498, 500, 501, 502, 504, 505, 506, 507, 508, 510, 512, 514, 515, 516, 517, 519, 520, 523, 524, 525, 531, 532, 535, 536, 537, 539, 541, 545, 546, 547, 550, 551, 552, 553, 555, 556, 557, 558, 560, 561, 562, 563, 564, 565, 566, 567, 568, 569, 571, 572, 573, 574, 575, 577, 579, 580, 581, 582, 585, 587, 588, 591, 592, 593, 594, 596, 597, 598, 600, 602, 603, 605, 606, 607, 608, 609, 610, 611, 612, 614, 615, 616, 618, 619, 620, 622, 623, 624, 627, 628, 629, 630, 631, 632, 633, 634, 637, 638, 639, 640, 645, 646, 648, 651, 653, 654, 655, 657, 658, 659, 661, 663, 664, 665, 666, 667, 669, 671, 672, 673, 674, 675, 680, 681, 684, 685, 686, 688, 690, 691, 693, 695, 698, 699, 700, 701, 702, 703, 704, 705, 707, 708, 709, 715, 717, 718, 719, 720, 722, 723, 724, 725, 726, 727, 728, 729, 730, 731, 732, 734, 735, 738, 739, 744, 745, 746, 747, 750, 751, 752, 754, 755, 756, 757, 758, 759, 760, 762, 765, 766, 768, 769, 770, 771, 772, 774, 775, 776, 777, 778, 779, 780, 781, 782, 783, 784, 785, 788, 790, 791, 792, 793, 795, 796, 797, 798, 799, 801, 803, 804, 805, 806, 807, 808, 809, 812, 813, 814, 815, 817, 818, 819, 821, 824, 825, 827, 830, 831, 832, 833, 834, 836, 838, 839, 840, 841, 842, 843, 844, 846, 847, 848, 850, 851, 852, 853, 854, 855, 857, 860, 861, 862, 863, 864, 868, 869, 870, 871, 872, 873, 874, 875, 876, 877, 878, 880, 881, 882, 885, 886, 887, 888, 889, 890, 891, 894, 895, 896, 897, 898, 900, 903, 904, 905, 906, 907, 909, 910, 911, 912, 913, 915, 916, 918, 919, 920, 921, 922, 923, 925, 926, 928, 929, 930, 931, 933, 934, 935, 937, 939, 940, 943, 944, 945, 946, 949, 950, 951, 952, 953, 954, 955, 956, 958, 960, 961, 962, 963, 964, 966, 967, 968, 969, 971, 972, 975, 976, 979, 980, 981, 983, 984, 987, 988, 990, 991, 992, 993, 999] not in index'
2025-11-19 19:50:08,841 - model - INFO - Training and evaluating ridge
2025-11-19 19:50:08,841 - model - INFO - Checking cache for ridge with key: ridge_[]_-5488197214442262300
2025-11-19 19:50:08,842 - model - INFO - Using cached results for ridge
2025-11-19 19:50:08,842 - model - INFO - Model object not cached, retraining ridge
2025-11-19 19:50:08,843 - model - INFO - Applied RobustScaler to features for ridge
2025-11-19 19:50:08,843 - model - INFO - Training ridge model with params: {}
2025-11-19 19:50:08,846 - model - INFO - Stored trained model with ID: ridge_1
2025-11-19 19:50:08,861 - model - WARNING - Failed to cache model object for ridge_1: module 'joblib' has no attribute 'dumps'
2025-11-19 19:50:08,861 - model - INFO - Model ridge trained successfully. CV Score: 11920010.6962
2025-11-19 19:50:08,863 - model - ERROR - Failed to evaluate ridge: '[0, 1, 2, 3, 4, 5, 6, 7, 8, 9, 11, 12, 13, 14, 15, 16, 18, 20, 21, 22, 24, 26, 27, 28, 29, 32, 34, 35, 36, 38, 40, 42, 43, 45, 46, 47, 49, 51, 52, 53, 57, 58, 62, 64, 68, 71, 74, 75, 77, 81, 82, 83, 84, 85, 89, 90, 92, 94, 97, 98, 99, 100, 102, 103, 104, 105, 108, 109, 111, 112, 113, 114, 115, 116, 117, 119, 121, 122, 123, 124, 125, 126, 127, 128, 129, 130, 133, 134, 135, 138, 140, 141, 142, 143, 144, 145, 146, 147, 148, 150, 151, 152, 153, 154, 155, 156, 159, 160, 161, 162, 163, 164, 165, 166, 170, 171, 172, 173, 175, 178, 180, 182, 183, 186, 187, 188, 189, 190, 191, 192, 193, 194, 195, 196, 197, 200, 201, 202, 203, 204, 205, 206, 207, 211, 212, 214, 216, 219, 220, 223, 224, 225, 226, 227, 228, 229, 231, 232, 234, 236, 238, 240, 241, 242, 243, 246, 248, 249, 250, 252, 253, 255, 258, 262, 264, 266, 267, 268, 269, 270, 271, 272, 273, 274, 276, 278, 279, 282, 283, 284, 285, 286, 287, 288, 290, 291, 293, 295, 297, 300, 301, 302, 303, 304, 305, 306, 311, 313, 316, 317, 320, 322, 323, 324, 325, 326, 329, 330, 331, 333, 335, 336, 337, 338, 339, 340, 341, 342, 343, 344, 345, 347, 348, 350, 352, 356, 357, 358, 359, 360, 362, 364, 366, 368, 369, 372, 373, 374, 375, 376, 378, 379, 380, 383, 384, 385, 386, 387, 388, 389, 390, 391, 392, 394, 395, 396, 397, 398, 399, 400, 401, 402, 403, 404, 405, 406, 407, 409, 410, 412, 413, 414, 415, 416, 417, 418, 419, 420, 421, 422, 423, 424, 426, 427, 428, 430, 431, 433, 434, 437, 438, 440, 441, 442, 443, 444, 446, 447, 448, 449, 450, 452, 454, 455, 456, 458, 459, 460, 461, 463, 464, 466, 467, 469, 470, 471, 473, 474, 475, 477, 478, 480, 481, 482, 483, 484, 485, 488, 489, 490, 491, 492, 495, 497, 498, 500, 501, 502, 504, 505, 506, 507, 508, 510, 512, 514, 515, 516, 517, 519, 520, 523, 524, 525, 531, 532, 535, 536, 537, 539, 541, 545, 546, 547, 550, 551, 552, 553, 555, 556, 557, 558, 560, 561, 562, 563, 564, 565, 566, 567, 568, 569, 571, 572, 573, 574, 575, 577, 579, 580, 581, 582, 585, 587, 588, 591, 592, 593, 594, 596, 597, 598, 600, 602, 603, 605, 606, 607, 608, 609, 610, 611, 612, 614, 615, 616, 618, 619, 620, 622, 623, 624, 627, 628, 629, 630, 631, 632, 633, 634, 637, 638, 639, 640, 645, 646, 648, 651, 653, 654, 655, 657, 658, 659, 661, 663, 664, 665, 666, 667, 669, 671, 672, 673, 674, 675, 680, 681, 684, 685, 686, 688, 690, 691, 693, 695, 698, 699, 700, 701, 702, 703, 704, 705, 707, 708, 709, 715, 717, 718, 719, 720, 722, 723, 724, 725, 726, 727, 728, 729, 730, 731, 732, 734, 735, 738, 739, 744, 745, 746, 747, 750, 751, 752, 754, 755, 756, 757, 758, 759, 760, 762, 765, 766, 768, 769, 770, 771, 772, 774, 775, 776, 777, 778, 779, 780, 781, 782, 783, 784, 785, 788, 790, 791, 792, 793, 795, 796, 797, 798, 799, 801, 803, 804, 805, 806, 807, 808, 809, 812, 813, 814, 815, 817, 818, 819, 821, 824, 825, 827, 830, 831, 832, 833, 834, 836, 838, 839, 840, 841, 842, 843, 844, 846, 847, 848, 850, 851, 852, 853, 854, 855, 857, 860, 861, 862, 863, 864, 868, 869, 870, 871, 872, 873, 874, 875, 876, 877, 878, 880, 881, 882, 885, 886, 887, 888, 889, 890, 891, 894, 895, 896, 897, 898, 900, 903, 904, 905, 906, 907, 909, 910, 911, 912, 913, 915, 916, 918, 919, 920, 921, 922, 923, 925, 926, 928, 929, 930, 931, 933, 934, 935, 937, 939, 940, 943, 944, 945, 946, 949, 950, 951, 952, 953, 954, 955, 956, 958, 960, 961, 962, 963, 964, 966, 967, 968, 969, 971, 972, 975, 976, 979, 980, 981, 983, 984, 987, 988, 990, 991, 992, 993, 999] not in index'
2025-11-19 19:50:08,863 - model - INFO - Training and evaluating lasso
2025-11-19 19:50:08,863 - model - INFO - Checking cache for lasso with key: lasso_[]_-5488197214442262300
2025-11-19 19:50:08,863 - model - INFO - Using cached results for lasso
2025-11-19 19:50:08,863 - model - INFO - Model object not cached, retraining lasso
2025-11-19 19:50:08,865 - model - INFO - Applied RobustScaler to features for lasso
2025-11-19 19:50:08,865 - model - INFO - Training lasso model with params: {}
2025-11-19 19:50:08,868 - model - INFO - Stored trained model with ID: lasso_2
2025-11-19 19:50:08,899 - model - WARNING - Failed to cache model object for lasso_2: module 'joblib' has no attribute 'dumps'
2025-11-19 19:50:08,899 - model - INFO - Model lasso trained successfully. CV Score: 11917922.3296
2025-11-19 19:50:08,901 - model - ERROR - Failed to evaluate lasso: '[0, 1, 2, 3, 4, 5, 6, 7, 8, 9, 11, 12, 13, 14, 15, 16, 18, 20, 21, 22, 24, 26, 27, 28, 29, 32, 34, 35, 36, 38, 40, 42, 43, 45, 46, 47, 49, 51, 52, 53, 57, 58, 62, 64, 68, 71, 74, 75, 77, 81, 82, 83, 84, 85, 89, 90, 92, 94, 97, 98, 99, 100, 102, 103, 104, 105, 108, 109, 111, 112, 113, 114, 115, 116, 117, 119, 121, 122, 123, 124, 125, 126, 127, 128, 129, 130, 133, 134, 135, 138, 140, 141, 142, 143, 144, 145, 146, 147, 148, 150, 151, 152, 153, 154, 155, 156, 159, 160, 161, 162, 163, 164, 165, 166, 170, 171, 172, 173, 175, 178, 180, 182, 183, 186, 187, 188, 189, 190, 191, 192, 193, 194, 195, 196, 197, 200, 201, 202, 203, 204, 205, 206, 207, 211, 212, 214, 216, 219, 220, 223, 224, 225, 226, 227, 228, 229, 231, 232, 234, 236, 238, 240, 241, 242, 243, 246, 248, 249, 250, 252, 253, 255, 258, 262, 264, 266, 267, 268, 269, 270, 271, 272, 273, 274, 276, 278, 279, 282, 283, 284, 285, 286, 287, 288, 290, 291, 293, 295, 297, 300, 301, 302, 303, 304, 305, 306, 311, 313, 316, 317, 320, 322, 323, 324, 325, 326, 329, 330, 331, 333, 335, 336, 337, 338, 339, 340, 341, 342, 343, 344, 345, 347, 348, 350, 352, 356, 357, 358, 359, 360, 362, 364, 366, 368, 369, 372, 373, 374, 375, 376, 378, 379, 380, 383, 384, 385, 386, 387, 388, 389, 390, 391, 392, 394, 395, 396, 397, 398, 399, 400, 401, 402, 403, 404, 405, 406, 407, 409, 410, 412, 413, 414, 415, 416, 417, 418, 419, 420, 421, 422, 423, 424, 426, 427, 428, 430, 431, 433, 434, 437, 438, 440, 441, 442, 443, 444, 446, 447, 448, 449, 450, 452, 454, 455, 456, 458, 459, 460, 461, 463, 464, 466, 467, 469, 470, 471, 473, 474, 475, 477, 478, 480, 481, 482, 483, 484, 485, 488, 489, 490, 491, 492, 495, 497, 498, 500, 501, 502, 504, 505, 506, 507, 508, 510, 512, 514, 515, 516, 517, 519, 520, 523, 524, 525, 531, 532, 535, 536, 537, 539, 541, 545, 546, 547, 550, 551, 552, 553, 555, 556, 557, 558, 560, 561, 562, 563, 564, 565, 566, 567, 568, 569, 571, 572, 573, 574, 575, 577, 579, 580, 581, 582, 585, 587, 588, 591, 592, 593, 594, 596, 597, 598, 600, 602, 603, 605, 606, 607, 608, 609, 610, 611, 612, 614, 615, 616, 618, 619, 620, 622, 623, 624, 627, 628, 629, 630, 631, 632, 633, 634, 637, 638, 639, 640, 645, 646, 648, 651, 653, 654, 655, 657, 658, 659, 661, 663, 664, 665, 666, 667, 669, 671, 672, 673, 674, 675, 680, 681, 684, 685, 686, 688, 690, 691, 693, 695, 698, 699, 700, 701, 702, 703, 704, 705, 707, 708, 709, 715, 717, 718, 719, 720, 722, 723, 724, 725, 726, 727, 728, 729, 730, 731, 732, 734, 735, 738, 739, 744, 745, 746, 747, 750, 751, 752, 754, 755, 756, 757, 758, 759, 760, 762, 765, 766, 768, 769, 770, 771, 772, 774, 775, 776, 777, 778, 779, 780, 781, 782, 783, 784, 785, 788, 790, 791, 792, 793, 795, 796, 797, 798, 799, 801, 803, 804, 805, 806, 807, 808, 809, 812, 813, 814, 815, 817, 818, 819, 821, 824, 825, 827, 830, 831, 832, 833, 834, 836, 838, 839, 840, 841, 842, 843, 844, 846, 847, 848, 850, 851, 852, 853, 854, 855, 857, 860, 861, 862, 863, 864, 868, 869, 870, 871, 872, 873, 874, 875, 876, 877, 878, 880, 881, 882, 885, 886, 887, 888, 889, 890, 891, 894, 895, 896, 897, 898, 900, 903, 904, 905, 906, 907, 909, 910, 911, 912, 913, 915, 916, 918, 919, 920, 921, 922, 923, 925, 926, 928, 929, 930, 931, 933, 934, 935, 937, 939, 940, 943, 944, 945, 946, 949, 950, 951, 952, 953, 954, 955, 956, 958, 960, 961, 962, 963, 964, 966, 967, 968, 969, 971, 972, 975, 976, 979, 980, 981, 983, 984, 987, 988, 990, 991, 992, 993, 999] not in index'
2025-11-19 19:50:08,901 - model - INFO - Training and evaluating decision_tree
2025-11-19 19:50:08,901 - model - INFO - Checking cache for decision_tree with key: decision_tree_[('max_depth', 10), ('max_features', 'sqrt'), ('min_samples_leaf', 2), ('min_samples_split', 5)]_-5488197214442262300
2025-11-19 19:50:08,902 - model - INFO - Using cached results for decision_tree
2025-11-19 19:50:08,902 - model - INFO - Model object not cached, retraining decision_tree
2025-11-19 19:50:08,902 - model - INFO - Training decision_tree model with params: {'max_depth': 10, 'min_samples_split': 5, 'min_samples_leaf': 2, 'max_features': 'sqrt'}
2025-11-19 19:50:09,320 - model - INFO - Applied cost complexity pruning with alpha=181.88952540078384
2025-11-19 19:50:09,320 - model - INFO - Stored trained model with ID: decision_tree_3
2025-11-19 19:50:09,330 - model - WARNING - Failed to cache model object for decision_tree_3: module 'joblib' has no attribute 'dumps'
2025-11-19 19:50:09,330 - model - INFO - Model decision_tree trained successfully. CV Score: 14874524.2437
2025-11-19 19:50:09,332 - model - ERROR - Failed to evaluate decision_tree: '[0, 1, 2, 3, 4, 5, 6, 7, 8, 9, 11, 12, 13, 14, 15, 16, 18, 20, 21, 22, 24, 26, 27, 28, 29, 32, 34, 35, 36, 38, 40, 42, 43, 45, 46, 47, 49, 51, 52, 53, 57, 58, 62, 64, 68, 71, 74, 75, 77, 81, 82, 83, 84, 85, 89, 90, 92, 94, 97, 98, 99, 100, 102, 103, 104, 105, 108, 109, 111, 112, 113, 114, 115, 116, 117, 119, 121, 122, 123, 124, 125, 126, 127, 128, 129, 130, 133, 134, 135, 138, 140, 141, 142, 143, 144, 145, 146, 147, 148, 150, 151, 152, 153, 154, 155, 156, 159, 160, 161, 162, 163, 164, 165, 166, 170, 171, 172, 173, 175, 178, 180, 182, 183, 186, 187, 188, 189, 190, 191, 192, 193, 194, 195, 196, 197, 200, 201, 202, 203, 204, 205, 206, 207, 211, 212, 214, 216, 219, 220, 223, 224, 225, 226, 227, 228, 229, 231, 232, 234, 236, 238, 240, 241, 242, 243, 246, 248, 249, 250, 252, 253, 255, 258, 262, 264, 266, 267, 268, 269, 270, 271, 272, 273, 274, 276, 278, 279, 282, 283, 284, 285, 286, 287, 288, 290, 291, 293, 295, 297, 300, 301, 302, 303, 304, 305, 306, 311, 313, 316, 317, 320, 322, 323, 324, 325, 326, 329, 330, 331, 333, 335, 336, 337, 338, 339, 340, 341, 342, 343, 344, 345, 347, 348, 350, 352, 356, 357, 358, 359, 360, 362, 364, 366, 368, 369, 372, 373, 374, 375, 376, 378, 379, 380, 383, 384, 385, 386, 387, 388, 389, 390, 391, 392, 394, 395, 396, 397, 398, 399, 400, 401, 402, 403, 404, 405, 406, 407, 409, 410, 412, 413, 414, 415, 416, 417, 418, 419, 420, 421, 422, 423, 424, 426, 427, 428, 430, 431, 433, 434, 437, 438, 440, 441, 442, 443, 444, 446, 447, 448, 449, 450, 452, 454, 455, 456, 458, 459, 460, 461, 463, 464, 466, 467, 469, 470, 471, 473, 474, 475, 477, 478, 480, 481, 482, 483, 484, 485, 488, 489, 490, 491, 492, 495, 497, 498, 500, 501, 502, 504, 505, 506, 507, 508, 510, 512, 514, 515, 516, 517, 519, 520, 523, 524, 525, 531, 532, 535, 536, 537, 539, 541, 545, 546, 547, 550, 551, 552, 553, 555, 556, 557, 558, 560, 561, 562, 563, 564, 565, 566, 567, 568, 569, 571, 572, 573, 574, 575, 577, 579, 580, 581, 582, 585, 587, 588, 591, 592, 593, 594, 596, 597, 598, 600, 602, 603, 605, 606, 607, 608, 609, 610, 611, 612, 614, 615, 616, 618, 619, 620, 622, 623, 624, 627, 628, 629, 630, 631, 632, 633, 634, 637, 638, 639, 640, 645, 646, 648, 651, 653, 654, 655, 657, 658, 659, 661, 663, 664, 665, 666, 667, 669, 671, 672, 673, 674, 675, 680, 681, 684, 685, 686, 688, 690, 691, 693, 695, 698, 699, 700, 701, 702, 703, 704, 705, 707, 708, 709, 715, 717, 718, 719, 720, 722, 723, 724, 725, 726, 727, 728, 729, 730, 731, 732, 734, 735, 738, 739, 744, 745, 746, 747, 750, 751, 752, 754, 755, 756, 757, 758, 759, 760, 762, 765, 766, 768, 769, 770, 771, 772, 774, 775, 776, 777, 778, 779, 780, 781, 782, 783, 784, 785, 788, 790, 791, 792, 793, 795, 796, 797, 798, 799, 801, 803, 804, 805, 806, 807, 808, 809, 812, 813, 814, 815, 817, 818, 819, 821, 824, 825, 827, 830, 831, 832, 833, 834, 836, 838, 839, 840, 841, 842, 843, 844, 846, 847, 848, 850, 851, 852, 853, 854, 855, 857, 860, 861, 862, 863, 864, 868, 869, 870, 871, 872, 873, 874, 875, 876, 877, 878, 880, 881, 882, 885, 886, 887, 888, 889, 890, 891, 894, 895, 896, 897, 898, 900, 903, 904, 905, 906, 907, 909, 910, 911, 912, 913, 915, 916, 918, 919, 920, 921, 922, 923, 925, 926, 928, 929, 930, 931, 933, 934, 935, 937, 939, 940, 943, 944, 945, 946, 949, 950, 951, 952, 953, 954, 955, 956, 958, 960, 961, 962, 963, 964, 966, 967, 968, 969, 971, 972, 975, 976, 979, 980, 981, 983, 984, 987, 988, 990, 991, 992, 993, 999] not in index'
2025-11-19 19:50:09,332 - model - INFO - Training and evaluating random_forest
2025-11-19 19:50:09,332 - model - INFO - Checking cache for random_forest with key: random_forest_[('bootstrap', True), ('max_depth', 10), ('max_features', 'sqrt'), ('max_samples', 0.5), ('min_samples_leaf', 2), ('min_samples_split', 5), ('n_estimators', 100)]_-5488197214442262300
2025-11-19 19:50:09,332 - model - INFO - Using cached results for random_forest
2025-11-19 19:50:09,333 - model - INFO - Model object not cached, retraining random_forest
2025-11-19 19:50:09,333 - model - INFO - Training random_forest model with params: {'max_depth': 10, 'min_samples_split': 5, 'min_samples_leaf': 2, 'max_features': 'sqrt', 'n_estimators': 100, 'bootstrap': True, 'max_samples': 0.5}
2025-11-19 19:50:09,392 - model - INFO - Applied bootstrap sampling with max_samples=500
2025-11-19 19:50:09,392 - model - INFO - Stored trained model with ID: random_forest_4
2025-11-19 19:50:09,710 - model - WARNING - Failed to cache model object for random_forest_4: module 'joblib' has no attribute 'dumps'
2025-11-19 19:50:09,710 - model - INFO - Model random_forest trained successfully. CV Score: 7450978.7799
2025-11-19 19:50:09,725 - model - ERROR - Failed to evaluate random_forest: '[0, 1, 2, 3, 4, 5, 6, 7, 8, 9, 11, 12, 13, 14, 15, 16, 18, 20, 21, 22, 24, 26, 27, 28, 29, 32, 34, 35, 36, 38, 40, 42, 43, 45, 46, 47, 49, 51, 52, 53, 57, 58, 62, 64, 68, 71, 74, 75, 77, 81, 82, 83, 84, 85, 89, 90, 92, 94, 97, 98, 99, 100, 102, 103, 104, 105, 108, 109, 111, 112, 113, 114, 115, 116, 117, 119, 121, 122, 123, 124, 125, 126, 127, 128, 129, 130, 133, 134, 135, 138, 140, 141, 142, 143, 144, 145, 146, 147, 148, 150, 151, 152, 153, 154, 155, 156, 159, 160, 161, 162, 163, 164, 165, 166, 170, 171, 172, 173, 175, 178, 180, 182, 183, 186, 187, 188, 189, 190, 191, 192, 193, 194, 195, 196, 197, 200, 201, 202, 203, 204, 205, 206, 207, 211, 212, 214, 216, 219, 220, 223, 224, 225, 226, 227, 228, 229, 231, 232, 234, 236, 238, 240, 241, 242, 243, 246, 248, 249, 250, 252, 253, 255, 258, 262, 264, 266, 267, 268, 269, 270, 271, 272, 273, 274, 276, 278, 279, 282, 283, 284, 285, 286, 287, 288, 290, 291, 293, 295, 297, 300, 301, 302, 303, 304, 305, 306, 311, 313, 316, 317, 320, 322, 323, 324, 325, 326, 329, 330, 331, 333, 335, 336, 337, 338, 339, 340, 341, 342, 343, 344, 345, 347, 348, 350, 352, 356, 357, 358, 359, 360, 362, 364, 366, 368, 369, 372, 373, 374, 375, 376, 378, 379, 380, 383, 384, 385, 386, 387, 388, 389, 390, 391, 392, 394, 395, 396, 397, 398, 399, 400, 401, 402, 403, 404, 405, 406, 407, 409, 410, 412, 413, 414, 415, 416, 417, 418, 419, 420, 421, 422, 423, 424, 426, 427, 428, 430, 431, 433, 434, 437, 438, 440, 441, 442, 443, 444, 446, 447, 448, 449, 450, 452, 454, 455, 456, 458, 459, 460, 461, 463, 464, 466, 467, 469, 470, 471, 473, 474, 475, 477, 478, 480, 481, 482, 483, 484, 485, 488, 489, 490, 491, 492, 495, 497, 498, 500, 501, 502, 504, 505, 506, 507, 508, 510, 512, 514, 515, 516, 517, 519, 520, 523, 524, 525, 531, 532, 535, 536, 537, 539, 541, 545, 546, 547, 550, 551, 552, 553, 555, 556, 557, 558, 560, 561, 562, 563, 564, 565, 566, 567, 568, 569, 571, 572, 573, 574, 575, 577, 579, 580, 581, 582, 585, 587, 588, 591, 592, 593, 594, 596, 597, 598, 600, 602, 603, 605, 606, 607, 608, 609, 610, 611, 612, 614, 615, 616, 618, 619, 620, 622, 623, 624, 627, 628, 629, 630, 631, 632, 633, 634, 637, 638, 639, 640, 645, 646, 648, 651, 653, 654, 655, 657, 658, 659, 661, 663, 664, 665, 666, 667, 669, 671, 672, 673, 674, 675, 680, 681, 684, 685, 686, 688, 690, 691, 693, 695, 698, 699, 700, 701, 702, 703, 704, 705, 707, 708, 709, 715, 717, 718, 719, 720, 722, 723, 724, 725, 726, 727, 728, 729, 730, 731, 732, 734, 735, 738, 739, 744, 745, 746, 747, 750, 751, 752, 754, 755, 756, 757, 758, 759, 760, 762, 765, 766, 768, 769, 770, 771, 772, 774, 775, 776, 777, 778, 779, 780, 781, 782, 783, 784, 785, 788, 790, 791, 792, 793, 795, 796, 797, 798, 799, 801, 803, 804, 805, 806, 807, 808, 809, 812, 813, 814, 815, 817, 818, 819, 821, 824, 825, 827, 830, 831, 832, 833, 834, 836, 838, 839, 840, 841, 842, 843, 844, 846, 847, 848, 850, 851, 852, 853, 854, 855, 857, 860, 861, 862, 863, 864, 868, 869, 870, 871, 872, 873, 874, 875, 876, 877, 878, 880, 881, 882, 885, 886, 887, 888, 889, 890, 891, 894, 895, 896, 897, 898, 900, 903, 904, 905, 906, 907, 909, 910, 911, 912, 913, 915, 916, 918, 919, 920, 921, 922, 923, 925, 926, 928, 929, 930, 931, 933, 934, 935, 937, 939, 940, 943, 944, 945, 946, 949, 950, 951, 952, 953, 954, 955, 956, 958, 960, 961, 962, 963, 964, 966, 967, 968, 969, 971, 972, 975, 976, 979, 980, 981, 983, 984, 987, 988, 990, 991, 992, 993, 999] not in index'
2025-11-19 19:50:09,725 - model - INFO - Training and evaluating KNN
2025-11-19 19:50:09,725 - model - INFO - Starting hyperparameter tuning for KNN
2025-11-19 19:50:12,612 - model - INFO - Tuning completed. Best score: 33761207.2288, Overfitting risk: low
2025-11-19 19:50:12,612 - model - INFO - Checking cache for KNN with key: KNN_[('algorithm', 'auto'), ('metric', 'manhattan'), ('n_neighbors', 30), ('p', 1), ('weights', 'distance')]_-5488197214442262300
2025-11-19 19:50:12,613 - model - INFO - Using cached results for KNN
2025-11-19 19:50:12,613 - model - INFO - Model object not cached, retraining KNN
2025-11-19 19:50:12,615 - model - INFO - Applied RobustScaler to features for KNN
2025-11-19 19:50:12,615 - model - INFO - Training KNN model with params: {'algorithm': 'auto', 'metric': 'manhattan', 'n_neighbors': 30, 'p': 1, 'weights': 'distance'}
2025-11-19 19:50:12,615 - model - INFO - Stored trained model with ID: KNN_5
2025-11-19 19:50:12,639 - model - INFO - KNN Validation: Optimal K=30, CV Score=33761207.2288
2025-11-19 19:50:12,639 - model - WARNING - Failed to cache model object for KNN_5: module 'joblib' has no attribute 'dumps'
2025-11-19 19:50:12,639 - model - INFO - Model KNN trained successfully. CV Score: 33761207.2288
2025-11-19 19:50:12,654 - model - ERROR - Failed to evaluate KNN: '[0, 1, 2, 3, 4, 5, 6, 7, 8, 9, 11, 12, 13, 14, 15, 16, 18, 20, 21, 22, 24, 26, 27, 28, 29, 32, 34, 35, 36, 38, 40, 42, 43, 45, 46, 47, 49, 51, 52, 53, 57, 58, 62, 64, 68, 71, 74, 75, 77, 81, 82, 83, 84, 85, 89, 90, 92, 94, 97, 98, 99, 100, 102, 103, 104, 105, 108, 109, 111, 112, 113, 114, 115, 116, 117, 119, 121, 122, 123, 124, 125, 126, 127, 128, 129, 130, 133, 134, 135, 138, 140, 141, 142, 143, 144, 145, 146, 147, 148, 150, 151, 152, 153, 154, 155, 156, 159, 160, 161, 162, 163, 164, 165, 166, 170, 171, 172, 173, 175, 178, 180, 182, 183, 186, 187, 188, 189, 190, 191, 192, 193, 194, 195, 196, 197, 200, 201, 202, 203, 204, 205, 206, 207, 211, 212, 214, 216, 219, 220, 223, 224, 225, 226, 227, 228, 229, 231, 232, 234, 236, 238, 240, 241, 242, 243, 246, 248, 249, 250, 252, 253, 255, 258, 262, 264, 266, 267, 268, 269, 270, 271, 272, 273, 274, 276, 278, 279, 282, 283, 284, 285, 286, 287, 288, 290, 291, 293, 295, 297, 300, 301, 302, 303, 304, 305, 306, 311, 313, 316, 317, 320, 322, 323, 324, 325, 326, 329, 330, 331, 333, 335, 336, 337, 338, 339, 340, 341, 342, 343, 344, 345, 347, 348, 350, 352, 356, 357, 358, 359, 360, 362, 364, 366, 368, 369, 372, 373, 374, 375, 376, 378, 379, 380, 383, 384, 385, 386, 387, 388, 389, 390, 391, 392, 394, 395, 396, 397, 398, 399, 400, 401, 402, 403, 404, 405, 406, 407, 409, 410, 412, 413, 414, 415, 416, 417, 418, 419, 420, 421, 422, 423, 424, 426, 427, 428, 430, 431, 433, 434, 437, 438, 440, 441, 442, 443, 444, 446, 447, 448, 449, 450, 452, 454, 455, 456, 458, 459, 460, 461, 463, 464, 466, 467, 469, 470, 471, 473, 474, 475, 477, 478, 480, 481, 482, 483, 484, 485, 488, 489, 490, 491, 492, 495, 497, 498, 500, 501, 502, 504, 505, 506, 507, 508, 510, 512, 514, 515, 516, 517, 519, 520, 523, 524, 525, 531, 532, 535, 536, 537, 539, 541, 545, 546, 547, 550, 551, 552, 553, 555, 556, 557, 558, 560, 561, 562, 563, 564, 565, 566, 567, 568, 569, 571, 572, 573, 574, 575, 577, 579, 580, 581, 582, 585, 587, 588, 591, 592, 593, 594, 596, 597, 598, 600, 602, 603, 605, 606, 607, 608, 609, 610, 611, 612, 614, 615, 616, 618, 619, 620, 622, 623, 624, 627, 628, 629, 630, 631, 632, 633, 634, 637, 638, 639, 640, 645, 646, 648, 651, 653, 654, 655, 657, 658, 659, 661, 663, 664, 665, 666, 667, 669, 671, 672, 673, 674, 675, 680, 681, 684, 685, 686, 688, 690, 691, 693, 695, 698, 699, 700, 701, 702, 703, 704, 705, 707, 708, 709, 715, 717, 718, 719, 720, 722, 723, 724, 725, 726, 727, 728, 729, 730, 731, 732, 734, 735, 738, 739, 744, 745, 746, 747, 750, 751, 752, 754, 755, 756, 757, 758, 759, 760, 762, 765, 766, 768, 769, 770, 771, 772, 774, 775, 776, 777, 778, 779, 780, 781, 782, 783, 784, 785, 788, 790, 791, 792, 793, 795, 796, 797, 798, 799, 801, 803, 804, 805, 806, 807, 808, 809, 812, 813, 814, 815, 817, 818, 819, 821, 824, 825, 827, 830, 831, 832, 833, 834, 836, 838, 839, 840, 841, 842, 843, 844, 846, 847, 848, 850, 851, 852, 853, 854, 855, 857, 860, 861, 862, 863, 864, 868, 869, 870, 871, 872, 873, 874, 875, 876, 877, 878, 880, 881, 882, 885, 886, 887, 888, 889, 890, 891, 894, 895, 896, 897, 898, 900, 903, 904, 905, 906, 907, 909, 910, 911, 912, 913, 915, 916, 918, 919, 920, 921, 922, 923, 925, 926, 928, 929, 930, 931, 933, 934, 935, 937, 939, 940, 943, 944, 945, 946, 949, 950, 951, 952, 953, 954, 955, 956, 958, 960, 961, 962, 963, 964, 966, 967, 968, 969, 971, 972, 975, 976, 979, 980, 981, 983, 984, 987, 988, 990, 991, 992, 993, 999] not in index'
2025-11-19 19:50:12,655 - model - ERROR - No valid models to compare
2025-11-19 19:50:32,032 - model - INFO - Checking cache for linear with key: linear_[('fit_intercept', True), ('polynomial_degree', 1)]_1558414321179854493
2025-11-19 19:50:32,032 - model - INFO - Cache miss for linear - training new model
2025-11-19 19:50:32,036 - model - INFO - Applied RobustScaler to features for linear
2025-11-19 19:50:32,037 - model - INFO - Training linear model with params: {'fit_intercept': True, 'polynomial_degree': 1}
2025-11-19 19:50:32,040 - model - INFO - Stored trained model with ID: linear_0
2025-11-19 19:50:32,097 - model - WARNING - Failed to cache model object for linear_0: module 'joblib' has no attribute 'dumps'
2025-11-19 19:50:32,097 - model - INFO - Model linear trained successfully. CV Score: 11212237.0290
2025-11-19 19:50:33,260 - model - INFO - Checking cache for decision_tree with key: decision_tree_[('ccp_alpha', 0.0), ('criterion', 'squared_error'), ('max_depth', 10), ('max_features', 'sqrt'), ('min_samples_leaf', 1), ('min_samples_split', 2), ('splitter', 'best')]_1558414321179854493
2025-11-19 19:50:33,260 - model - INFO - Cache miss for decision_tree - training new model
2025-11-19 19:50:33,261 - model - INFO - Training decision_tree model with params: {'max_depth': 10, 'min_samples_split': 2, 'min_samples_leaf': 1, 'max_features': 'sqrt', 'criterion': 'squared_error', 'ccp_alpha': 0.0, 'splitter': 'best'}
2025-11-19 19:50:46,497 - model - INFO - Stored trained model with ID: decision_tree_1
2025-11-19 19:50:46,575 - model - WARNING - Failed to cache model object for decision_tree_1: module 'joblib' has no attribute 'dumps'
2025-11-19 19:50:46,576 - model - INFO - Model decision_tree trained successfully. CV Score: 8854333.7443
2025-11-19 19:50:47,491 - model - INFO - Checking cache for linear with key: linear_[('fit_intercept', True), ('polynomial_degree', 1)]_2893873996401216836
2025-11-19 19:50:47,492 - model - INFO - Using cached results for linear
2025-11-19 19:50:47,492 - model - INFO - Model object not cached, retraining linear
2025-11-19 19:50:47,496 - model - INFO - Applied RobustScaler to features for linear
2025-11-19 19:50:47,496 - model - INFO - Training linear model with params: {'fit_intercept': True, 'polynomial_degree': 1}
2025-11-19 19:50:47,498 - model - INFO - Stored trained model with ID: linear_0
2025-11-19 19:50:47,521 - model - WARNING - Failed to cache model object for linear_0: module 'joblib' has no attribute 'dumps'
2025-11-19 19:50:47,521 - model - INFO - Model linear trained successfully. CV Score: 11212237.0290
2025-11-19 19:50:47,813 - model - INFO - Checking cache for random_forest with key: random_forest_[('bootstrap', True), ('ccp_alpha', 0.0), ('criterion', 'squared_error'), ('max_depth', 10), ('max_features', 'sqrt'), ('max_samples', None), ('min_impurity_decrease', 0.0), ('min_samples_leaf', 1), ('min_samples_split', 2), ('n_estimators', 100)]_1558414321179854493
2025-11-19 19:50:47,813 - model - INFO - Cache miss for random_forest - training new model
2025-11-19 19:50:47,813 - model - INFO - Training random_forest model with params: {'n_estimators': 100, 'max_depth': 10, 'min_samples_split': 2, 'min_samples_leaf': 1, 'max_features': 'sqrt', 'bootstrap': True, 'criterion': 'squared_error', 'ccp_alpha': 0.0, 'max_samples': None, 'min_impurity_decrease': 0.0}
2025-11-19 19:50:48,289 - model - INFO - Applied bootstrap sampling with max_samples=None
2025-11-19 19:50:48,290 - model - INFO - Stored trained model with ID: random_forest_2
2025-11-19 19:50:48,841 - model - INFO - Checking cache for ridge with key: ridge_[('alpha', 0.001), ('fit_intercept', True), ('polynomial_degree', 1), ('solver', 'auto')]_2893873996401216836
2025-11-19 19:50:48,841 - model - INFO - Cache miss for ridge - training new model
2025-11-19 19:50:48,844 - model - INFO - Applied RobustScaler to features for ridge
2025-11-19 19:50:48,844 - model - INFO - Training ridge model with params: {'alpha': 0.001, 'fit_intercept': True, 'polynomial_degree': 1, 'solver': 'auto'}
2025-11-19 19:50:48,846 - model - INFO - Stored trained model with ID: ridge_1
2025-11-19 19:50:48,866 - model - WARNING - Failed to cache model object for ridge_1: module 'joblib' has no attribute 'dumps'
2025-11-19 19:50:48,867 - model - INFO - Model ridge trained successfully. CV Score: 11212236.7833
2025-11-19 19:50:49,807 - model - INFO - Checking cache for lasso with key: lasso_[('alpha', 0.001), ('fit_intercept', True), ('max_iter', 1000), ('polynomial_degree', 1), ('selection', 'cyclic')]_2893873996401216836
2025-11-19 19:50:49,808 - model - INFO - Cache miss for lasso - training new model
2025-11-19 19:50:49,810 - model - INFO - Applied RobustScaler to features for lasso
2025-11-19 19:50:49,811 - model - INFO - Training lasso model with params: {'alpha': 0.001, 'fit_intercept': True, 'polynomial_degree': 1, 'selection': 'cyclic', 'max_iter': 1000}
2025-11-19 19:50:49,843 - model - INFO - Stored trained model with ID: lasso_2
2025-11-19 19:50:49,974 - model - WARNING - Failed to cache model object for lasso_2: module 'joblib' has no attribute 'dumps'
2025-11-19 19:50:49,974 - model - INFO - Model lasso trained successfully. CV Score: 11212236.7357
2025-11-19 19:50:50,285 - model - WARNING - Failed to cache model object for random_forest_2: module 'joblib' has no attribute 'dumps'
2025-11-19 19:50:50,285 - model - INFO - Model random_forest trained successfully. CV Score: 2036000.2735
2025-11-19 19:50:51,811 - model - INFO - Checking cache for KNN with key: KNN_[('algorithm', 'auto'), ('metric', 'euclidean'), ('n_neighbors', 3), ('p', 1), ('weights', 'uniform')]_1558414321179854493
2025-11-19 19:50:51,811 - model - INFO - Cache miss for KNN - training new model
2025-11-19 19:50:51,815 - model - INFO - Applied RobustScaler to features for KNN
2025-11-19 19:50:51,815 - model - INFO - Training KNN model with params: {'n_neighbors': 3, 'metric': 'euclidean', 'weights': 'uniform', 'algorithm': 'auto', 'p': 1}
2025-11-19 19:50:51,819 - model - INFO - Stored trained model with ID: KNN_3
2025-11-19 19:50:52,018 - model - INFO - KNN Validation: Optimal K=3, CV Score=8040551.0352
2025-11-19 19:50:52,052 - model - WARNING - Failed to cache model object for KNN_3: module 'joblib' has no attribute 'dumps'
2025-11-19 19:50:52,052 - model - INFO - Model KNN trained successfully. CV Score: 8040551.0352
2025-11-19 19:50:53,110 - model - INFO - Checking cache for decision_tree with key: decision_tree_[('ccp_alpha', 0.0), ('criterion', 'squared_error'), ('max_depth', 10), ('max_features', 'sqrt'), ('min_samples_leaf', 1), ('min_samples_split', 2), ('splitter', 'best')]_2893873996401216836
2025-11-19 19:50:53,110 - model - INFO - Using cached results for decision_tree
2025-11-19 19:50:53,110 - model - INFO - Model object not cached, retraining decision_tree
2025-11-19 19:50:53,110 - model - INFO - Training decision_tree model with params: {'max_depth': 10, 'min_samples_split': 2, 'min_samples_leaf': 1, 'max_features': 'sqrt', 'criterion': 'squared_error', 'ccp_alpha': 0.0, 'splitter': 'best'}
2025-11-19 19:50:53,442 - model - INFO - Model linear_0 evaluation completed. Score: 0.8572
2025-11-19 19:50:53,443 - model - INFO - Model decision_tree_1 evaluation completed. Score: 0.9162
2025-11-19 19:50:53,457 - model - INFO - Model random_forest_2 evaluation completed. Score: 0.9741
2025-11-19 19:50:53,493 - model - INFO - Model KNN_3 evaluation completed. Score: 0.8009
2025-11-19 19:50:53,495 - model - WARNING - Could not import evaluation_engine: No module named 'plotly'. Using simplified evaluation.
2025-11-19 19:50:53,495 - model - INFO - Starting comprehensive model comparison with 6 models
2025-11-19 19:50:53,495 - model - INFO - Training and evaluating linear
2025-11-19 19:50:53,495 - model - INFO - Checking cache for linear with key: linear_[]_1558414321179854493
2025-11-19 19:50:53,495 - model - INFO - Cache feature mismatch, retraining linear
2025-11-19 19:50:53,497 - model - INFO - Applied RobustScaler to features for linear
2025-11-19 19:50:53,497 - model - INFO - Training linear model with params: {}
2025-11-19 19:50:53,498 - model - INFO - Stored trained model with ID: linear_4
2025-11-19 19:50:53,546 - model - WARNING - Failed to cache model object for linear_4: module 'joblib' has no attribute 'dumps'
2025-11-19 19:50:53,546 - model - INFO - Model linear trained successfully. CV Score: 11334988.6883
2025-11-19 19:50:53,550 - model - INFO - Completed evaluation for linear: R² = 0.4446
2025-11-19 19:50:53,550 - model - INFO - Training and evaluating ridge
2025-11-19 19:50:53,551 - model - INFO - Checking cache for ridge with key: ridge_[]_1558414321179854493
2025-11-19 19:50:53,551 - model - INFO - Cache feature mismatch, retraining ridge
2025-11-19 19:50:53,552 - model - INFO - Applied RobustScaler to features for ridge
2025-11-19 19:50:53,552 - model - INFO - Training ridge model with params: {}
2025-11-19 19:50:53,554 - model - INFO - Stored trained model with ID: ridge_5
2025-11-19 19:50:53,602 - model - WARNING - Failed to cache model object for ridge_5: module 'joblib' has no attribute 'dumps'
2025-11-19 19:50:53,602 - model - INFO - Model ridge trained successfully. CV Score: 11330376.8985
2025-11-19 19:50:53,607 - model - INFO - Completed evaluation for ridge: R² = 0.4538
2025-11-19 19:50:53,607 - model - INFO - Training and evaluating lasso
2025-11-19 19:50:53,607 - model - INFO - Checking cache for lasso with key: lasso_[]_1558414321179854493
2025-11-19 19:50:53,607 - model - INFO - Cache feature mismatch, retraining lasso
2025-11-19 19:50:53,608 - model - INFO - Applied RobustScaler to features for lasso
2025-11-19 19:50:53,608 - model - INFO - Training lasso model with params: {}
2025-11-19 19:50:53,611 - model - INFO - Stored trained model with ID: lasso_6
2025-11-19 19:50:53,661 - model - WARNING - Failed to cache model object for lasso_6: module 'joblib' has no attribute 'dumps'
2025-11-19 19:50:53,662 - model - INFO - Model lasso trained successfully. CV Score: 11334116.2622
2025-11-19 19:50:53,670 - model - INFO - Completed evaluation for lasso: R² = 0.4457
2025-11-19 19:50:53,670 - model - INFO - Training and evaluating decision_tree
2025-11-19 19:50:53,670 - model - INFO - Checking cache for decision_tree with key: decision_tree_[('max_depth', 10), ('max_features', 'sqrt'), ('min_samples_leaf', 2), ('min_samples_split', 5)]_1558414321179854493
2025-11-19 19:50:53,670 - model - INFO - Cache feature mismatch, retraining decision_tree
2025-11-19 19:50:53,670 - model - INFO - Training decision_tree model with params: {'max_depth': 10, 'min_samples_split': 5, 'min_samples_leaf': 2, 'max_features': 'sqrt'}
2025-11-19 19:50:54,498 - model - INFO - Stored trained model with ID: decision_tree_7
2025-11-19 19:50:54,549 - model - WARNING - Failed to cache model object for decision_tree_7: module 'joblib' has no attribute 'dumps'
2025-11-19 19:50:54,549 - model - INFO - Model decision_tree trained successfully. CV Score: 11583431.5800
2025-11-19 19:50:54,557 - model - INFO - Completed evaluation for decision_tree: R² = 0.9587
2025-11-19 19:50:54,557 - model - INFO - Training and evaluating random_forest
2025-11-19 19:50:54,557 - model - INFO - Checking cache for random_forest with key: random_forest_[('bootstrap', True), ('max_depth', 10), ('max_features', 'sqrt'), ('max_samples', 0.5), ('min_samples_leaf', 2), ('min_samples_split', 5), ('n_estimators', 100)]_1558414321179854493
2025-11-19 19:50:54,557 - model - INFO - Cache feature mismatch, retraining random_forest
2025-11-19 19:50:54,557 - model - INFO - Training random_forest model with params: {'max_depth': 10, 'min_samples_split': 5, 'min_samples_leaf': 2, 'max_features': 'sqrt', 'n_estimators': 100, 'bootstrap': True, 'max_samples': 0.5}
2025-11-19 19:50:54,648 - model - INFO - Applied bootstrap sampling with max_samples=795
2025-11-19 19:50:54,648 - model - INFO - Stored trained model with ID: random_forest_8
2025-11-19 19:50:55,150 - model - WARNING - Failed to cache model object for random_forest_8: module 'joblib' has no attribute 'dumps'
2025-11-19 19:50:55,150 - model - INFO - Model random_forest trained successfully. CV Score: 4633745.8637
2025-11-19 19:50:55,468 - model - INFO - Completed evaluation for random_forest: R² = 0.9718
2025-11-19 19:50:55,468 - model - INFO - Training and evaluating KNN
2025-11-19 19:50:55,468 - model - INFO - Starting hyperparameter tuning for KNN
2025-11-19 19:51:00,701 - model - INFO - Tuning completed. Best score: 10699451.8847, Overfitting risk: low
2025-11-19 19:51:00,701 - model - INFO - Checking cache for KNN with key: KNN_[('algorithm', 'auto'), ('metric', 'manhattan'), ('n_neighbors', 7), ('p', 1), ('weights', 'distance')]_1558414321179854493
2025-11-19 19:51:00,702 - model - INFO - Cache miss for KNN - training new model
2025-11-19 19:51:00,704 - model - INFO - Applied RobustScaler to features for KNN
2025-11-19 19:51:00,704 - model - INFO - Training KNN model with params: {'algorithm': 'auto', 'metric': 'manhattan', 'n_neighbors': 7, 'p': 1, 'weights': 'distance'}
2025-11-19 19:51:00,705 - model - INFO - Stored trained model with ID: KNN_9
2025-11-19 19:51:00,766 - model - INFO - KNN Validation: Optimal K=7, CV Score=10699451.8847
2025-11-19 19:51:00,801 - model - WARNING - Failed to cache model object for KNN_9: module 'joblib' has no attribute 'dumps'
2025-11-19 19:51:00,801 - model - INFO - Model KNN trained successfully. CV Score: 10699451.8847
2025-11-19 19:51:00,843 - model - INFO - Completed evaluation for KNN: R² = 0.8475
2025-11-19 19:51:01,473 - model - INFO - Generated model comparison visualizations: ['model_comparison', 'knn_comparison']
2025-11-19 19:51:01,473 - model - INFO - Saved model comparison report to reports/model_comparison_report_20251119_195101.json
2025-11-19 19:51:01,473 - model - INFO - Model comparison completed. Best model: random_forest (R² = 0.9718)
2025-11-19 19:51:06,490 - model - INFO - Stored trained model with ID: decision_tree_3
2025-11-19 19:51:06,523 - model - WARNING - Failed to cache model object for decision_tree_3: module 'joblib' has no attribute 'dumps'
2025-11-19 19:51:06,523 - model - INFO - Model decision_tree trained successfully. CV Score: 8854333.7443
2025-11-19 19:51:07,843 - model - INFO - Checking cache for random_forest with key: random_forest_[('bootstrap', True), ('ccp_alpha', 0.0), ('criterion', 'squared_error'), ('max_depth', 10), ('max_features', 'sqrt'), ('max_samples', None), ('min_impurity_decrease', 0.0), ('min_samples_leaf', 1), ('min_samples_split', 2), ('n_estimators', 100)]_2893873996401216836
2025-11-19 19:51:07,844 - model - INFO - Using cached results for random_forest
2025-11-19 19:51:07,844 - model - INFO - Model object not cached, retraining random_forest
2025-11-19 19:51:07,844 - model - INFO - Training random_forest model with params: {'n_estimators': 100, 'max_depth': 10, 'min_samples_split': 2, 'min_samples_leaf': 1, 'max_features': 'sqrt', 'bootstrap': True, 'criterion': 'squared_error', 'ccp_alpha': 0.0, 'max_samples': None, 'min_impurity_decrease': 0.0}
2025-11-19 19:51:08,258 - model - INFO - Applied bootstrap sampling with max_samples=None
2025-11-19 19:51:08,258 - model - INFO - Stored trained model with ID: random_forest_4
2025-11-19 19:51:10,039 - model - WARNING - Failed to cache model object for random_forest_4: module 'joblib' has no attribute 'dumps'
2025-11-19 19:51:10,039 - model - INFO - Model random_forest trained successfully. CV Score: 2036000.2735
2025-11-19 19:51:44,333 - model - INFO - Checking cache for KNN with key: KNN_[('algorithm', 'auto'), ('metric', 'euclidean'), ('n_neighbors', 3), ('p', 1), ('weights', 'uniform')]_2893873996401216836
2025-11-19 19:51:44,333 - model - INFO - Cache miss for KNN - training new model
2025-11-19 19:51:44,336 - model - INFO - Applied RobustScaler to features for KNN
2025-11-19 19:51:44,337 - model - INFO - Training KNN model with params: {'n_neighbors': 3, 'metric': 'euclidean', 'weights': 'uniform', 'algorithm': 'auto', 'p': 1}
2025-11-19 19:51:44,340 - model - INFO - Stored trained model with ID: KNN_5
2025-11-19 19:51:44,517 - model - INFO - KNN Validation: Optimal K=3, CV Score=8040551.0352
2025-11-19 19:51:44,518 - model - WARNING - Failed to cache model object for KNN_5: module 'joblib' has no attribute 'dumps'
2025-11-19 19:51:44,518 - model - INFO - Model KNN trained successfully. CV Score: 8040551.0352
2025-11-19 19:51:49,026 - model - INFO - Model linear_0 evaluation completed. Score: 0.8572
2025-11-19 19:51:49,027 - model - INFO - Model ridge_1 evaluation completed. Score: 0.8572
2025-11-19 19:51:49,027 - model - INFO - Model lasso_2 evaluation completed. Score: 0.8572
2025-11-19 19:51:49,028 - model - INFO - Model decision_tree_3 evaluation completed. Score: 0.9162
2025-11-19 19:51:49,039 - model - INFO - Model random_forest_4 evaluation completed. Score: 0.9741
2025-11-19 19:51:49,065 - model - INFO - Model KNN_5 evaluation completed. Score: 0.8009
2025-11-19 19:51:49,065 - model - INFO - Starting comprehensive model comparison with 6 models
2025-11-19 19:51:49,065 - model - INFO - Training and evaluating linear
2025-11-19 19:51:49,065 - model - INFO - Checking cache for linear with key: linear_[]_2893873996401216836
2025-11-19 19:51:49,066 - model - INFO - Cache feature mismatch, retraining linear
2025-11-19 19:51:49,067 - model - INFO - Applied RobustScaler to features for linear
2025-11-19 19:51:49,067 - model - INFO - Training linear model with params: {}
2025-11-19 19:51:49,068 - model - INFO - Stored trained model with ID: linear_6
2025-11-19 19:51:49,081 - model - WARNING - Failed to cache model object for linear_6: module 'joblib' has no attribute 'dumps'
2025-11-19 19:51:49,081 - model - INFO - Model linear trained successfully. CV Score: 11334988.6883
2025-11-19 19:51:49,868 - model - INFO - Completed evaluation for linear: R² = 0.4446
2025-11-19 19:51:49,868 - model - INFO - Training and evaluating ridge
2025-11-19 19:51:49,868 - model - INFO - Checking cache for ridge with key: ridge_[]_2893873996401216836
2025-11-19 19:51:49,868 - model - INFO - Cache feature mismatch, retraining ridge
2025-11-19 19:51:49,870 - model - INFO - Applied RobustScaler to features for ridge
2025-11-19 19:51:49,870 - model - INFO - Training ridge model with params: {}
2025-11-19 19:51:49,871 - model - INFO - Stored trained model with ID: ridge_7
2025-11-19 19:51:49,883 - model - WARNING - Failed to cache model object for ridge_7: module 'joblib' has no attribute 'dumps'
2025-11-19 19:51:49,883 - model - INFO - Model ridge trained successfully. CV Score: 11330376.8985
2025-11-19 19:51:50,787 - model - INFO - Completed evaluation for ridge: R² = 0.4538
2025-11-19 19:51:50,787 - model - INFO - Training and evaluating lasso
2025-11-19 19:51:50,787 - model - INFO - Checking cache for lasso with key: lasso_[]_2893873996401216836
2025-11-19 19:51:50,787 - model - INFO - Cache feature mismatch, retraining lasso
2025-11-19 19:51:50,789 - model - INFO - Applied RobustScaler to features for lasso
2025-11-19 19:51:50,789 - model - INFO - Training lasso model with params: {}
2025-11-19 19:51:50,791 - model - INFO - Stored trained model with ID: lasso_8
2025-11-19 19:51:50,807 - model - WARNING - Failed to cache model object for lasso_8: module 'joblib' has no attribute 'dumps'
2025-11-19 19:51:50,807 - model - INFO - Model lasso trained successfully. CV Score: 11334116.2622
2025-11-19 19:51:51,718 - model - INFO - Completed evaluation for lasso: R² = 0.4457
2025-11-19 19:51:51,718 - model - INFO - Training and evaluating decision_tree
2025-11-19 19:51:51,718 - model - INFO - Checking cache for decision_tree with key: decision_tree_[('max_depth', 10), ('max_features', 'sqrt'), ('min_samples_leaf', 2), ('min_samples_split', 5)]_2893873996401216836
2025-11-19 19:51:51,719 - model - INFO - Cache feature mismatch, retraining decision_tree
2025-11-19 19:51:51,719 - model - INFO - Training decision_tree model with params: {'max_depth': 10, 'min_samples_split': 5, 'min_samples_leaf': 2, 'max_features': 'sqrt'}
2025-11-19 19:51:52,481 - model - INFO - Stored trained model with ID: decision_tree_9
2025-11-19 19:51:52,493 - model - WARNING - Failed to cache model object for decision_tree_9: module 'joblib' has no attribute 'dumps'
2025-11-19 19:51:52,493 - model - INFO - Model decision_tree trained successfully. CV Score: 11583431.5800
2025-11-19 19:51:53,383 - model - INFO - Completed evaluation for decision_tree: R² = 0.9587
2025-11-19 19:51:53,383 - model - INFO - Training and evaluating random_forest
2025-11-19 19:51:53,383 - model - INFO - Checking cache for random_forest with key: random_forest_[('bootstrap', True), ('max_depth', 10), ('max_features', 'sqrt'), ('max_samples', 0.5), ('min_samples_leaf', 2), ('min_samples_split', 5), ('n_estimators', 100)]_2893873996401216836
2025-11-19 19:51:53,383 - model - INFO - Cache feature mismatch, retraining random_forest
2025-11-19 19:51:53,383 - model - INFO - Training random_forest model with params: {'max_depth': 10, 'min_samples_split': 5, 'min_samples_leaf': 2, 'max_features': 'sqrt', 'n_estimators': 100, 'bootstrap': True, 'max_samples': 0.5}
2025-11-19 19:51:53,467 - model - INFO - Applied bootstrap sampling with max_samples=795
2025-11-19 19:51:53,467 - model - INFO - Stored trained model with ID: random_forest_10
2025-11-19 19:51:53,903 - model - WARNING - Failed to cache model object for random_forest_10: module 'joblib' has no attribute 'dumps'
2025-11-19 19:51:53,903 - model - INFO - Model random_forest trained successfully. CV Score: 4633745.8637
2025-11-19 19:52:01,447 - model - INFO - Completed evaluation for random_forest: R² = 0.9718
2025-11-19 19:52:01,448 - model - INFO - Training and evaluating KNN
2025-11-19 19:52:01,448 - model - INFO - Starting hyperparameter tuning for KNN
2025-11-19 19:52:05,909 - model - INFO - Tuning completed. Best score: 10699451.8847, Overfitting risk: low
2025-11-19 19:52:05,910 - model - INFO - Checking cache for KNN with key: KNN_[('algorithm', 'auto'), ('metric', 'manhattan'), ('n_neighbors', 7), ('p', 1), ('weights', 'distance')]_2893873996401216836
2025-11-19 19:52:05,910 - model - INFO - Cache miss for KNN - training new model
2025-11-19 19:52:05,912 - model - INFO - Applied RobustScaler to features for KNN
2025-11-19 19:52:05,912 - model - INFO - Training KNN model with params: {'algorithm': 'auto', 'metric': 'manhattan', 'n_neighbors': 7, 'p': 1, 'weights': 'distance'}
2025-11-19 19:52:05,913 - model - INFO - Stored trained model with ID: KNN_11
2025-11-19 19:52:05,952 - model - INFO - KNN Validation: Optimal K=7, CV Score=10699451.8847
2025-11-19 19:52:05,952 - model - WARNING - Failed to cache model object for KNN_11: module 'joblib' has no attribute 'dumps'
2025-11-19 19:52:05,952 - model - INFO - Model KNN trained successfully. CV Score: 10699451.8847
2025-11-19 19:52:08,091 - model - INFO - Completed evaluation for KNN: R² = 0.8475
2025-11-19 19:52:08,624 - model - INFO - Generated model comparison visualizations: ['model_comparison', 'knn_comparison']
2025-11-19 19:52:08,625 - model - INFO - Saved model comparison report to reports/model_comparison_report_20251119_195208.json
2025-11-19 19:52:08,625 - model - INFO - Model comparison completed. Best model: random_forest (R² = 0.9718)
2025-11-19 19:53:18,428 - model - INFO - Checking cache for linear with key: linear_[('fit_intercept', True), ('polynomial_degree', 1)]_2060770621327075933
2025-11-19 19:53:18,429 - model - INFO - Using cached results for linear
2025-11-19 19:53:18,430 - model - INFO - Model object not cached, retraining linear
2025-11-19 19:53:18,433 - model - INFO - Applied RobustScaler to features for linear
2025-11-19 19:53:18,433 - model - INFO - Training linear model with params: {'fit_intercept': True, 'polynomial_degree': 1}
2025-11-19 19:53:18,434 - model - INFO - Stored trained model with ID: linear_0
2025-11-19 19:53:18,454 - model - WARNING - Failed to cache model object for linear_0: module 'joblib' has no attribute 'dumps'
2025-11-19 19:53:18,454 - model - INFO - Model linear trained successfully. CV Score: 11212237.0290
2025-11-19 19:53:19,752 - model - INFO - Checking cache for ridge with key: ridge_[('alpha', 0.001), ('fit_intercept', True), ('polynomial_degree', 1), ('solver', 'auto')]_2060770621327075933
2025-11-19 19:53:19,752 - model - INFO - Using cached results for ridge
2025-11-19 19:53:19,752 - model - INFO - Model object not cached, retraining ridge
2025-11-19 19:53:19,755 - model - INFO - Applied RobustScaler to features for ridge
2025-11-19 19:53:19,755 - model - INFO - Training ridge model with params: {'alpha': 0.001, 'fit_intercept': True, 'polynomial_degree': 1, 'solver': 'auto'}
2025-11-19 19:53:19,756 - model - INFO - Stored trained model with ID: ridge_1
2025-11-19 19:53:19,774 - model - WARNING - Failed to cache model object for ridge_1: module 'joblib' has no attribute 'dumps'
2025-11-19 19:53:19,774 - model - INFO - Model ridge trained successfully. CV Score: 11212236.7833
2025-11-19 19:53:20,699 - model - INFO - Checking cache for lasso with key: lasso_[('alpha', 0.001), ('fit_intercept', True), ('max_iter', 1000), ('polynomial_degree', 1), ('selection', 'cyclic')]_2060770621327075933
2025-11-19 19:53:20,700 - model - INFO - Using cached results for lasso
2025-11-19 19:53:20,700 - model - INFO - Model object not cached, retraining lasso
2025-11-19 19:53:20,703 - model - INFO - Applied RobustScaler to features for lasso
2025-11-19 19:53:20,703 - model - INFO - Training lasso model with params: {'alpha': 0.001, 'fit_intercept': True, 'polynomial_degree': 1, 'selection': 'cyclic', 'max_iter': 1000}
2025-11-19 19:53:20,733 - model - INFO - Stored trained model with ID: lasso_2
2025-11-19 19:53:20,861 - model - WARNING - Failed to cache model object for lasso_2: module 'joblib' has no attribute 'dumps'
2025-11-19 19:53:20,861 - model - INFO - Model lasso trained successfully. CV Score: 11212236.7357
2025-11-19 19:53:24,026 - model - INFO - Checking cache for decision_tree with key: decision_tree_[('ccp_alpha', 0.0), ('criterion', 'squared_error'), ('max_depth', 10), ('max_features', 'sqrt'), ('min_samples_leaf', 1), ('min_samples_split', 2), ('splitter', 'best')]_2060770621327075933
2025-11-19 19:53:24,027 - model - INFO - Using cached results for decision_tree
2025-11-19 19:53:24,027 - model - INFO - Model object not cached, retraining decision_tree
2025-11-19 19:53:24,027 - model - INFO - Training decision_tree model with params: {'max_depth': 10, 'min_samples_split': 2, 'min_samples_leaf': 1, 'max_features': 'sqrt', 'criterion': 'squared_error', 'ccp_alpha': 0.0, 'splitter': 'best'}
2025-11-19 19:53:37,160 - model - INFO - Stored trained model with ID: decision_tree_3
2025-11-19 19:53:37,192 - model - WARNING - Failed to cache model object for decision_tree_3: module 'joblib' has no attribute 'dumps'
2025-11-19 19:53:37,192 - model - INFO - Model decision_tree trained successfully. CV Score: 8854333.7443
2025-11-19 19:53:38,572 - model - INFO - Checking cache for random_forest with key: random_forest_[('bootstrap', True), ('ccp_alpha', 0.0), ('criterion', 'squared_error'), ('max_depth', 10), ('max_features', 'sqrt'), ('max_samples', None), ('min_impurity_decrease', 0.0), ('min_samples_leaf', 1), ('min_samples_split', 2), ('n_estimators', 100)]_2060770621327075933
2025-11-19 19:53:38,572 - model - INFO - Using cached results for random_forest
2025-11-19 19:53:38,573 - model - INFO - Model object not cached, retraining random_forest
2025-11-19 19:53:38,573 - model - INFO - Training random_forest model with params: {'n_estimators': 100, 'max_depth': 10, 'min_samples_split': 2, 'min_samples_leaf': 1, 'max_features': 'sqrt', 'bootstrap': True, 'criterion': 'squared_error', 'ccp_alpha': 0.0, 'max_samples': None, 'min_impurity_decrease': 0.0}
2025-11-19 19:53:38,983 - model - INFO - Applied bootstrap sampling with max_samples=None
2025-11-19 19:53:38,983 - model - INFO - Stored trained model with ID: random_forest_4
2025-11-19 19:53:40,752 - model - WARNING - Failed to cache model object for random_forest_4: module 'joblib' has no attribute 'dumps'
2025-11-19 19:53:40,752 - model - INFO - Model random_forest trained successfully. CV Score: 2036000.2735
2025-11-19 19:54:14,509 - model - INFO - Checking cache for KNN with key: KNN_[('algorithm', 'auto'), ('metric', 'euclidean'), ('n_neighbors', 3), ('p', 1), ('weights', 'uniform')]_2060770621327075933
2025-11-19 19:54:14,510 - model - INFO - Using cached results for KNN
2025-11-19 19:54:14,510 - model - INFO - Model object not cached, retraining KNN
2025-11-19 19:54:14,513 - model - INFO - Applied RobustScaler to features for KNN
2025-11-19 19:54:14,513 - model - INFO - Training KNN model with params: {'n_neighbors': 3, 'metric': 'euclidean', 'weights': 'uniform', 'algorithm': 'auto', 'p': 1}
2025-11-19 19:54:14,516 - model - INFO - Stored trained model with ID: KNN_5
2025-11-19 19:54:14,694 - model - INFO - KNN Validation: Optimal K=3, CV Score=8040551.0352
2025-11-19 19:54:14,695 - model - WARNING - Failed to cache model object for KNN_5: module 'joblib' has no attribute 'dumps'
2025-11-19 19:54:14,695 - model - INFO - Model KNN trained successfully. CV Score: 8040551.0352
2025-11-19 19:54:19,255 - model - INFO - Model linear_0 evaluation completed. Score: 0.8572
2025-11-19 19:54:19,255 - model - INFO - Model ridge_1 evaluation completed. Score: 0.8572
2025-11-19 19:54:19,256 - model - INFO - Model lasso_2 evaluation completed. Score: 0.8572
2025-11-19 19:54:19,257 - model - INFO - Model decision_tree_3 evaluation completed. Score: 0.9162
2025-11-19 19:54:19,268 - model - INFO - Model random_forest_4 evaluation completed. Score: 0.9741
2025-11-19 19:54:19,293 - model - INFO - Model KNN_5 evaluation completed. Score: 0.8009
2025-11-19 19:54:19,293 - model - INFO - Starting comprehensive model comparison with 6 models
2025-11-19 19:54:19,293 - model - INFO - Training and evaluating linear
2025-11-19 19:54:19,293 - model - INFO - Checking cache for linear with key: linear_[]_2060770621327075933
2025-11-19 19:54:19,294 - model - INFO - Using cached results for linear
2025-11-19 19:54:19,294 - model - INFO - Model object not cached, retraining linear
2025-11-19 19:54:19,295 - model - INFO - Applied RobustScaler to features for linear
2025-11-19 19:54:19,295 - model - INFO - Training linear model with params: {}
2025-11-19 19:54:19,296 - model - INFO - Stored trained model with ID: linear_6
2025-11-19 19:54:19,309 - model - WARNING - Failed to cache model object for linear_6: module 'joblib' has no attribute 'dumps'
2025-11-19 19:54:19,309 - model - INFO - Model linear trained successfully. CV Score: 11334988.6883
2025-11-19 19:54:20,111 - model - INFO - Completed evaluation for linear: R² = 0.4446
2025-11-19 19:54:20,111 - model - INFO - Training and evaluating ridge
2025-11-19 19:54:20,111 - model - INFO - Checking cache for ridge with key: ridge_[]_2060770621327075933
2025-11-19 19:54:20,112 - model - INFO - Using cached results for ridge
2025-11-19 19:54:20,112 - model - INFO - Model object not cached, retraining ridge
2025-11-19 19:54:20,113 - model - INFO - Applied RobustScaler to features for ridge
2025-11-19 19:54:20,113 - model - INFO - Training ridge model with params: {}
2025-11-19 19:54:20,114 - model - INFO - Stored trained model with ID: ridge_7
2025-11-19 19:54:20,127 - model - WARNING - Failed to cache model object for ridge_7: module 'joblib' has no attribute 'dumps'
2025-11-19 19:54:20,127 - model - INFO - Model ridge trained successfully. CV Score: 11330376.8985
2025-11-19 19:54:21,034 - model - INFO - Completed evaluation for ridge: R² = 0.4538
2025-11-19 19:54:21,034 - model - INFO - Training and evaluating lasso
2025-11-19 19:54:21,034 - model - INFO - Checking cache for lasso with key: lasso_[]_2060770621327075933
2025-11-19 19:54:21,035 - model - INFO - Using cached results for lasso
2025-11-19 19:54:21,035 - model - INFO - Model object not cached, retraining lasso
2025-11-19 19:54:21,036 - model - INFO - Applied RobustScaler to features for lasso
2025-11-19 19:54:21,036 - model - INFO - Training lasso model with params: {}
2025-11-19 19:54:21,039 - model - INFO - Stored trained model with ID: lasso_8
2025-11-19 19:54:21,054 - model - WARNING - Failed to cache model object for lasso_8: module 'joblib' has no attribute 'dumps'
2025-11-19 19:54:21,054 - model - INFO - Model lasso trained successfully. CV Score: 11334116.2622
2025-11-19 19:54:21,959 - model - INFO - Completed evaluation for lasso: R² = 0.4457
2025-11-19 19:54:21,959 - model - INFO - Training and evaluating decision_tree
2025-11-19 19:54:21,959 - model - INFO - Checking cache for decision_tree with key: decision_tree_[('max_depth', 10), ('max_features', 'sqrt'), ('min_samples_leaf', 2), ('min_samples_split', 5)]_2060770621327075933
2025-11-19 19:54:21,959 - model - INFO - Using cached results for decision_tree
2025-11-19 19:54:21,960 - model - INFO - Model object not cached, retraining decision_tree
2025-11-19 19:54:21,960 - model - INFO - Training decision_tree model with params: {'max_depth': 10, 'min_samples_split': 5, 'min_samples_leaf': 2, 'max_features': 'sqrt'}
2025-11-19 19:54:22,723 - model - INFO - Stored trained model with ID: decision_tree_9
2025-11-19 19:54:22,735 - model - WARNING - Failed to cache model object for decision_tree_9: module 'joblib' has no attribute 'dumps'
2025-11-19 19:54:22,735 - model - INFO - Model decision_tree trained successfully. CV Score: 11583431.5800
2025-11-19 19:54:23,613 - model - INFO - Completed evaluation for decision_tree: R² = 0.9587
2025-11-19 19:54:23,613 - model - INFO - Training and evaluating random_forest
2025-11-19 19:54:23,613 - model - INFO - Checking cache for random_forest with key: random_forest_[('bootstrap', True), ('max_depth', 10), ('max_features', 'sqrt'), ('max_samples', 0.5), ('min_samples_leaf', 2), ('min_samples_split', 5), ('n_estimators', 100)]_2060770621327075933
2025-11-19 19:54:23,613 - model - INFO - Using cached results for random_forest
2025-11-19 19:54:23,614 - model - INFO - Model object not cached, retraining random_forest
2025-11-19 19:54:23,614 - model - INFO - Training random_forest model with params: {'max_depth': 10, 'min_samples_split': 5, 'min_samples_leaf': 2, 'max_features': 'sqrt', 'n_estimators': 100, 'bootstrap': True, 'max_samples': 0.5}
2025-11-19 19:54:23,698 - model - INFO - Applied bootstrap sampling with max_samples=795
2025-11-19 19:54:23,698 - model - INFO - Stored trained model with ID: random_forest_10
2025-11-19 19:54:24,146 - model - WARNING - Failed to cache model object for random_forest_10: module 'joblib' has no attribute 'dumps'
2025-11-19 19:54:24,146 - model - INFO - Model random_forest trained successfully. CV Score: 4633745.8637
2025-11-19 19:54:31,618 - model - INFO - Completed evaluation for random_forest: R² = 0.9718
2025-11-19 19:54:31,619 - model - INFO - Training and evaluating KNN
2025-11-19 19:54:31,619 - model - INFO - Starting hyperparameter tuning for KNN
2025-11-19 19:54:36,004 - model - INFO - Tuning completed. Best score: 10699451.8847, Overfitting risk: low
2025-11-19 19:54:36,004 - model - INFO - Checking cache for KNN with key: KNN_[('algorithm', 'auto'), ('metric', 'manhattan'), ('n_neighbors', 7), ('p', 1), ('weights', 'distance')]_2060770621327075933
2025-11-19 19:54:36,005 - model - INFO - Using cached results for KNN
2025-11-19 19:54:36,006 - model - INFO - Model object not cached, retraining KNN
2025-11-19 19:54:36,007 - model - INFO - Applied RobustScaler to features for KNN
2025-11-19 19:54:36,008 - model - INFO - Training KNN model with params: {'algorithm': 'auto', 'metric': 'manhattan', 'n_neighbors': 7, 'p': 1, 'weights': 'distance'}
2025-11-19 19:54:36,008 - model - INFO - Stored trained model with ID: KNN_11
2025-11-19 19:54:36,047 - model - INFO - KNN Validation: Optimal K=7, CV Score=10699451.8847
2025-11-19 19:54:36,048 - model - WARNING - Failed to cache model object for KNN_11: module 'joblib' has no attribute 'dumps'
2025-11-19 19:54:36,048 - model - INFO - Model KNN trained successfully. CV Score: 10699451.8847
2025-11-19 19:54:38,155 - model - INFO - Completed evaluation for KNN: R² = 0.8475
2025-11-19 19:54:38,645 - model - INFO - Generated model comparison visualizations: ['model_comparison', 'knn_comparison']
2025-11-19 19:54:38,646 - model - INFO - Saved model comparison report to reports/model_comparison_report_20251119_195438.json
2025-11-19 19:54:38,646 - model - INFO - Model comparison completed. Best model: random_forest (R² = 0.9718)
2025-11-19 20:00:21,059 - model - INFO - Checking cache for linear with key: linear_[('fit_intercept', True), ('polynomial_degree', 1)]_6087230443930961364
2025-11-19 20:00:21,060 - model - INFO - Using cached results for linear
2025-11-19 20:00:21,060 - model - INFO - Model object not cached, retraining linear
2025-11-19 20:00:21,063 - model - INFO - Applied RobustScaler to features for linear
2025-11-19 20:00:21,063 - model - INFO - Training linear model with params: {'fit_intercept': True, 'polynomial_degree': 1}
2025-11-19 20:00:21,065 - model - INFO - Stored trained model with ID: linear_0
2025-11-19 20:00:21,119 - model - WARNING - Failed to cache model object for linear_0: module 'joblib' has no attribute 'dumps'
2025-11-19 20:00:21,119 - model - INFO - Model linear trained successfully. CV Score: 11212237.0290
2025-11-19 20:00:21,337 - model - INFO - Checking cache for decision_tree with key: decision_tree_[('ccp_alpha', 0.0), ('criterion', 'squared_error'), ('max_depth', 10), ('max_features', 'sqrt'), ('min_samples_leaf', 1), ('min_samples_split', 2), ('splitter', 'best')]_6087230443930961364
2025-11-19 20:00:21,337 - model - INFO - Using cached results for decision_tree
2025-11-19 20:00:21,337 - model - INFO - Model object not cached, retraining decision_tree
2025-11-19 20:00:21,337 - model - INFO - Training decision_tree model with params: {'max_depth': 10, 'min_samples_split': 2, 'min_samples_leaf': 1, 'max_features': 'sqrt', 'criterion': 'squared_error', 'ccp_alpha': 0.0, 'splitter': 'best'}
2025-11-19 20:00:34,142 - model - INFO - Stored trained model with ID: decision_tree_1
2025-11-19 20:00:34,210 - model - WARNING - Failed to cache model object for decision_tree_1: module 'joblib' has no attribute 'dumps'
2025-11-19 20:00:34,210 - model - INFO - Model decision_tree trained successfully. CV Score: 8854333.7443
2025-11-19 20:00:34,430 - model - INFO - Checking cache for random_forest with key: random_forest_[('bootstrap', True), ('ccp_alpha', 0.0), ('criterion', 'squared_error'), ('max_depth', 10), ('max_features', 'sqrt'), ('max_samples', None), ('min_impurity_decrease', 0.0), ('min_samples_leaf', 1), ('min_samples_split', 2), ('n_estimators', 100)]_6087230443930961364
2025-11-19 20:00:34,430 - model - INFO - Using cached results for random_forest
2025-11-19 20:00:34,430 - model - INFO - Model object not cached, retraining random_forest
2025-11-19 20:00:34,430 - model - INFO - Training random_forest model with params: {'n_estimators': 100, 'max_depth': 10, 'min_samples_split': 2, 'min_samples_leaf': 1, 'max_features': 'sqrt', 'bootstrap': True, 'criterion': 'squared_error', 'ccp_alpha': 0.0, 'max_samples': None, 'min_impurity_decrease': 0.0}
2025-11-19 20:00:34,842 - model - INFO - Applied bootstrap sampling with max_samples=None
2025-11-19 20:00:34,842 - model - INFO - Stored trained model with ID: random_forest_2
2025-11-19 20:00:36,752 - model - WARNING - Failed to cache model object for random_forest_2: module 'joblib' has no attribute 'dumps'
2025-11-19 20:00:36,752 - model - INFO - Model random_forest trained successfully. CV Score: 2036000.2735
2025-11-19 20:00:36,985 - model - INFO - Checking cache for KNN with key: KNN_[('algorithm', 'auto'), ('metric', 'euclidean'), ('n_neighbors', 3), ('p', 1), ('weights', 'uniform')]_6087230443930961364
2025-11-19 20:00:36,985 - model - INFO - Using cached results for KNN
2025-11-19 20:00:36,985 - model - INFO - Model object not cached, retraining KNN
2025-11-19 20:00:36,988 - model - INFO - Applied RobustScaler to features for KNN
2025-11-19 20:00:36,988 - model - INFO - Training KNN model with params: {'n_neighbors': 3, 'metric': 'euclidean', 'weights': 'uniform', 'algorithm': 'auto', 'p': 1}
2025-11-19 20:00:36,991 - model - INFO - Stored trained model with ID: KNN_3
2025-11-19 20:00:37,171 - model - INFO - KNN Validation: Optimal K=3, CV Score=8040551.0352
2025-11-19 20:00:37,203 - model - WARNING - Failed to cache model object for KNN_3: module 'joblib' has no attribute 'dumps'
2025-11-19 20:00:37,204 - model - INFO - Model KNN trained successfully. CV Score: 8040551.0352
2025-11-19 20:00:37,451 - model - INFO - Model linear_0 evaluation completed. Score: 0.8572
2025-11-19 20:00:37,452 - model - INFO - Model decision_tree_1 evaluation completed. Score: 0.9162
2025-11-19 20:00:37,464 - model - INFO - Model random_forest_2 evaluation completed. Score: 0.9741
2025-11-19 20:00:37,491 - model - INFO - Model KNN_3 evaluation completed. Score: 0.8009
2025-11-19 20:00:37,492 - model - WARNING - Could not import evaluation_engine: No module named 'plotly'. Using simplified evaluation.
2025-11-19 20:00:37,493 - model - INFO - Starting comprehensive model comparison with 6 models
2025-11-19 20:00:37,493 - model - INFO - Training and evaluating linear
2025-11-19 20:00:37,493 - model - INFO - Checking cache for linear with key: linear_[]_6087230443930961364
2025-11-19 20:00:37,493 - model - INFO - Using cached results for linear
2025-11-19 20:00:37,493 - model - INFO - Model object not cached, retraining linear
2025-11-19 20:00:37,494 - model - INFO - Applied RobustScaler to features for linear
2025-11-19 20:00:37,494 - model - INFO - Training linear model with params: {}
2025-11-19 20:00:37,495 - model - INFO - Stored trained model with ID: linear_4
2025-11-19 20:00:37,541 - model - WARNING - Failed to cache model object for linear_4: module 'joblib' has no attribute 'dumps'
2025-11-19 20:00:37,541 - model - INFO - Model linear trained successfully. CV Score: 11334988.6883
2025-11-19 20:00:37,545 - model - INFO - Completed evaluation for linear: R² = 0.4446
2025-11-19 20:00:37,545 - model - INFO - Training and evaluating ridge
2025-11-19 20:00:37,545 - model - INFO - Checking cache for ridge with key: ridge_[]_6087230443930961364
2025-11-19 20:00:37,545 - model - INFO - Using cached results for ridge
2025-11-19 20:00:37,546 - model - INFO - Model object not cached, retraining ridge
2025-11-19 20:00:37,547 - model - INFO - Applied RobustScaler to features for ridge
2025-11-19 20:00:37,547 - model - INFO - Training ridge model with params: {}
2025-11-19 20:00:37,549 - model - INFO - Stored trained model with ID: ridge_5
2025-11-19 20:00:37,594 - model - WARNING - Failed to cache model object for ridge_5: module 'joblib' has no attribute 'dumps'
2025-11-19 20:00:37,594 - model - INFO - Model ridge trained successfully. CV Score: 11330376.8985
2025-11-19 20:00:37,598 - model - INFO - Completed evaluation for ridge: R² = 0.4538
2025-11-19 20:00:37,598 - model - INFO - Training and evaluating lasso
2025-11-19 20:00:37,598 - model - INFO - Checking cache for lasso with key: lasso_[]_6087230443930961364
2025-11-19 20:00:37,598 - model - INFO - Using cached results for lasso
2025-11-19 20:00:37,598 - model - INFO - Model object not cached, retraining lasso
2025-11-19 20:00:37,600 - model - INFO - Applied RobustScaler to features for lasso
2025-11-19 20:00:37,600 - model - INFO - Training lasso model with params: {}
2025-11-19 20:00:37,602 - model - INFO - Stored trained model with ID: lasso_6
2025-11-19 20:00:37,650 - model - WARNING - Failed to cache model object for lasso_6: module 'joblib' has no attribute 'dumps'
2025-11-19 20:00:37,650 - model - INFO - Model lasso trained successfully. CV Score: 11334116.2622
2025-11-19 20:00:37,658 - model - INFO - Completed evaluation for lasso: R² = 0.4457
2025-11-19 20:00:37,658 - model - INFO - Training and evaluating decision_tree
2025-11-19 20:00:37,658 - model - INFO - Checking cache for decision_tree with key: decision_tree_[('max_depth', 10), ('max_features', 'sqrt'), ('min_samples_leaf', 2), ('min_samples_split', 5)]_6087230443930961364
2025-11-19 20:00:37,658 - model - INFO - Using cached results for decision_tree
2025-11-19 20:00:37,658 - model - INFO - Model object not cached, retraining decision_tree
2025-11-19 20:00:37,658 - model - INFO - Training decision_tree model with params: {'max_depth': 10, 'min_samples_split': 5, 'min_samples_leaf': 2, 'max_features': 'sqrt'}
2025-11-19 20:00:38,434 - model - INFO - Stored trained model with ID: decision_tree_7
2025-11-19 20:00:38,479 - model - WARNING - Failed to cache model object for decision_tree_7: module 'joblib' has no attribute 'dumps'
2025-11-19 20:00:38,480 - model - INFO - Model decision_tree trained successfully. CV Score: 11583431.5800
2025-11-19 20:00:38,487 - model - INFO - Completed evaluation for decision_tree: R² = 0.9587
2025-11-19 20:00:38,487 - model - INFO - Training and evaluating random_forest
2025-11-19 20:00:38,487 - model - INFO - Checking cache for random_forest with key: random_forest_[('bootstrap', True), ('max_depth', 10), ('max_features', 'sqrt'), ('max_samples', 0.5), ('min_samples_leaf', 2), ('min_samples_split', 5), ('n_estimators', 100)]_6087230443930961364
2025-11-19 20:00:38,487 - model - INFO - Using cached results for random_forest
2025-11-19 20:00:38,487 - model - INFO - Model object not cached, retraining random_forest
2025-11-19 20:00:38,488 - model - INFO - Training random_forest model with params: {'max_depth': 10, 'min_samples_split': 5, 'min_samples_leaf': 2, 'max_features': 'sqrt', 'n_estimators': 100, 'bootstrap': True, 'max_samples': 0.5}
2025-11-19 20:00:38,577 - model - INFO - Applied bootstrap sampling with max_samples=795
2025-11-19 20:00:38,577 - model - INFO - Stored trained model with ID: random_forest_8
2025-11-19 20:00:39,070 - model - WARNING - Failed to cache model object for random_forest_8: module 'joblib' has no attribute 'dumps'
2025-11-19 20:00:39,070 - model - INFO - Model random_forest trained successfully. CV Score: 4633745.8637
2025-11-19 20:00:39,381 - model - INFO - Completed evaluation for random_forest: R² = 0.9718
2025-11-19 20:00:39,381 - model - INFO - Training and evaluating KNN
2025-11-19 20:00:39,381 - model - INFO - Starting hyperparameter tuning for KNN
2025-11-19 20:00:46,140 - model - INFO - Tuning completed. Best score: 10699451.8847, Overfitting risk: low
2025-11-19 20:00:46,141 - model - INFO - Checking cache for KNN with key: KNN_[('algorithm', 'auto'), ('metric', 'manhattan'), ('n_neighbors', 7), ('p', 1), ('weights', 'distance')]_6087230443930961364
2025-11-19 20:00:46,141 - model - INFO - Using cached results for KNN
2025-11-19 20:00:46,141 - model - INFO - Model object not cached, retraining KNN
2025-11-19 20:00:46,147 - model - INFO - Applied RobustScaler to features for KNN
2025-11-19 20:00:46,147 - model - INFO - Training KNN model with params: {'algorithm': 'auto', 'metric': 'manhattan', 'n_neighbors': 7, 'p': 1, 'weights': 'distance'}
2025-11-19 20:00:46,148 - model - INFO - Stored trained model with ID: KNN_9
2025-11-19 20:00:46,193 - model - INFO - KNN Validation: Optimal K=7, CV Score=10699451.8847
2025-11-19 20:00:46,230 - model - WARNING - Failed to cache model object for KNN_9: module 'joblib' has no attribute 'dumps'
2025-11-19 20:00:46,230 - model - INFO - Model KNN trained successfully. CV Score: 10699451.8847
2025-11-19 20:00:46,271 - model - INFO - Completed evaluation for KNN: R² = 0.8475
2025-11-19 20:00:46,926 - model - INFO - Generated model comparison visualizations: ['model_comparison', 'knn_comparison']
2025-11-19 20:00:46,927 - model - INFO - Saved model comparison report to reports/model_comparison_report_20251119_200046.json
2025-11-19 20:00:46,927 - model - INFO - Model comparison completed. Best model: random_forest (R² = 0.9718)
2025-11-19 20:04:02,693 - model - INFO - Checking cache for linear with key: linear_[('fit_intercept', True), ('polynomial_degree', 1)]_2560699947060880721
2025-11-19 20:04:02,693 - model - INFO - Using cached results for linear
2025-11-19 20:04:02,693 - model - INFO - Model object not cached, retraining linear
2025-11-19 20:04:02,696 - model - INFO - Applied RobustScaler to features for linear
2025-11-19 20:04:02,697 - model - INFO - Training linear model with params: {'fit_intercept': True, 'polynomial_degree': 1}
2025-11-19 20:04:02,698 - model - INFO - Stored trained model with ID: linear_0
2025-11-19 20:04:02,755 - model - WARNING - Failed to cache model object for linear_0: module 'joblib' has no attribute 'dumps'
2025-11-19 20:04:02,755 - model - INFO - Model linear trained successfully. CV Score: 11212237.0290
2025-11-19 20:04:02,989 - model - INFO - Checking cache for decision_tree with key: decision_tree_[('ccp_alpha', 0.0), ('criterion', 'squared_error'), ('max_depth', 10), ('max_features', 'sqrt'), ('min_samples_leaf', 1), ('min_samples_split', 2), ('splitter', 'best')]_2560699947060880721
2025-11-19 20:04:02,989 - model - INFO - Using cached results for decision_tree
2025-11-19 20:04:02,989 - model - INFO - Model object not cached, retraining decision_tree
2025-11-19 20:04:02,990 - model - INFO - Training decision_tree model with params: {'max_depth': 10, 'min_samples_split': 2, 'min_samples_leaf': 1, 'max_features': 'sqrt', 'criterion': 'squared_error', 'ccp_alpha': 0.0, 'splitter': 'best'}
2025-11-19 20:04:16,094 - model - INFO - Stored trained model with ID: decision_tree_1
2025-11-19 20:04:16,162 - model - WARNING - Failed to cache model object for decision_tree_1: module 'joblib' has no attribute 'dumps'
2025-11-19 20:04:16,162 - model - INFO - Model decision_tree trained successfully. CV Score: 8854333.7443
2025-11-19 20:04:16,377 - model - INFO - Checking cache for random_forest with key: random_forest_[('bootstrap', True), ('ccp_alpha', 0.0), ('criterion', 'squared_error'), ('max_depth', 10), ('max_features', 'sqrt'), ('max_samples', None), ('min_impurity_decrease', 0.0), ('min_samples_leaf', 1), ('min_samples_split', 2), ('n_estimators', 100)]_2560699947060880721
2025-11-19 20:04:16,377 - model - INFO - Using cached results for random_forest
2025-11-19 20:04:16,377 - model - INFO - Model object not cached, retraining random_forest
2025-11-19 20:04:16,378 - model - INFO - Training random_forest model with params: {'n_estimators': 100, 'max_depth': 10, 'min_samples_split': 2, 'min_samples_leaf': 1, 'max_features': 'sqrt', 'bootstrap': True, 'criterion': 'squared_error', 'ccp_alpha': 0.0, 'max_samples': None, 'min_impurity_decrease': 0.0}
2025-11-19 20:04:16,785 - model - INFO - Applied bootstrap sampling with max_samples=None
2025-11-19 20:04:16,785 - model - INFO - Stored trained model with ID: random_forest_2
2025-11-19 20:04:18,629 - model - WARNING - Failed to cache model object for random_forest_2: module 'joblib' has no attribute 'dumps'
2025-11-19 20:04:18,629 - model - INFO - Model random_forest trained successfully. CV Score: 2036000.2735
2025-11-19 20:04:18,875 - model - INFO - Checking cache for KNN with key: KNN_[('algorithm', 'auto'), ('metric', 'euclidean'), ('n_neighbors', 3), ('p', 1), ('weights', 'uniform')]_2560699947060880721
2025-11-19 20:04:18,875 - model - INFO - Using cached results for KNN
2025-11-19 20:04:18,875 - model - INFO - Model object not cached, retraining KNN
2025-11-19 20:04:18,879 - model - INFO - Applied RobustScaler to features for KNN
2025-11-19 20:04:18,879 - model - INFO - Training KNN model with params: {'n_neighbors': 3, 'metric': 'euclidean', 'weights': 'uniform', 'algorithm': 'auto', 'p': 1}
2025-11-19 20:04:18,882 - model - INFO - Stored trained model with ID: KNN_3
2025-11-19 20:04:19,061 - model - INFO - KNN Validation: Optimal K=3, CV Score=8040551.0352
2025-11-19 20:04:19,093 - model - WARNING - Failed to cache model object for KNN_3: module 'joblib' has no attribute 'dumps'
2025-11-19 20:04:19,093 - model - INFO - Model KNN trained successfully. CV Score: 8040551.0352
2025-11-19 20:04:19,334 - model - INFO - Model linear_0 evaluation completed. Score: 0.8572
2025-11-19 20:04:19,335 - model - INFO - Model decision_tree_1 evaluation completed. Score: 0.9162
2025-11-19 20:04:19,347 - model - INFO - Model random_forest_2 evaluation completed. Score: 0.9741
2025-11-19 20:04:19,376 - model - INFO - Model KNN_3 evaluation completed. Score: 0.8009
2025-11-19 20:04:19,378 - model - WARNING - Could not import evaluation_engine: No module named 'plotly'. Using simplified evaluation.
2025-11-19 20:04:19,378 - model - INFO - Starting comprehensive model comparison with 6 models
2025-11-19 20:04:19,378 - model - INFO - Training and evaluating linear
2025-11-19 20:04:19,378 - model - INFO - Checking cache for linear with key: linear_[]_2560699947060880721
2025-11-19 20:04:19,378 - model - INFO - Using cached results for linear
2025-11-19 20:04:19,378 - model - INFO - Model object not cached, retraining linear
2025-11-19 20:04:19,380 - model - INFO - Applied RobustScaler to features for linear
2025-11-19 20:04:19,380 - model - INFO - Training linear model with params: {}
2025-11-19 20:04:19,381 - model - INFO - Stored trained model with ID: linear_4
2025-11-19 20:04:19,430 - model - WARNING - Failed to cache model object for linear_4: module 'joblib' has no attribute 'dumps'
2025-11-19 20:04:19,430 - model - INFO - Model linear trained successfully. CV Score: 11334988.6883
2025-11-19 20:04:19,435 - model - INFO - Completed evaluation for linear: R² = 0.4446
2025-11-19 20:04:19,435 - model - INFO - Training and evaluating ridge
2025-11-19 20:04:19,435 - model - INFO - Checking cache for ridge with key: ridge_[]_2560699947060880721
2025-11-19 20:04:19,435 - model - INFO - Using cached results for ridge
2025-11-19 20:04:19,435 - model - INFO - Model object not cached, retraining ridge
2025-11-19 20:04:19,436 - model - INFO - Applied RobustScaler to features for ridge
2025-11-19 20:04:19,436 - model - INFO - Training ridge model with params: {}
2025-11-19 20:04:19,438 - model - INFO - Stored trained model with ID: ridge_5
2025-11-19 20:04:19,483 - model - WARNING - Failed to cache model object for ridge_5: module 'joblib' has no attribute 'dumps'
2025-11-19 20:04:19,483 - model - INFO - Model ridge trained successfully. CV Score: 11330376.8985
2025-11-19 20:04:19,487 - model - INFO - Completed evaluation for ridge: R² = 0.4538
2025-11-19 20:04:19,488 - model - INFO - Training and evaluating lasso
2025-11-19 20:04:19,488 - model - INFO - Checking cache for lasso with key: lasso_[]_2560699947060880721
2025-11-19 20:04:19,488 - model - INFO - Using cached results for lasso
2025-11-19 20:04:19,488 - model - INFO - Model object not cached, retraining lasso
2025-11-19 20:04:19,489 - model - INFO - Applied RobustScaler to features for lasso
2025-11-19 20:04:19,489 - model - INFO - Training lasso model with params: {}
2025-11-19 20:04:19,492 - model - INFO - Stored trained model with ID: lasso_6
2025-11-19 20:04:19,540 - model - WARNING - Failed to cache model object for lasso_6: module 'joblib' has no attribute 'dumps'
2025-11-19 20:04:19,540 - model - INFO - Model lasso trained successfully. CV Score: 11334116.2622
2025-11-19 20:04:19,548 - model - INFO - Completed evaluation for lasso: R² = 0.4457
2025-11-19 20:04:19,548 - model - INFO - Training and evaluating decision_tree
2025-11-19 20:04:19,548 - model - INFO - Checking cache for decision_tree with key: decision_tree_[('max_depth', 10), ('max_features', 'sqrt'), ('min_samples_leaf', 2), ('min_samples_split', 5)]_2560699947060880721
2025-11-19 20:04:19,548 - model - INFO - Using cached results for decision_tree
2025-11-19 20:04:19,548 - model - INFO - Model object not cached, retraining decision_tree
2025-11-19 20:04:19,548 - model - INFO - Training decision_tree model with params: {'max_depth': 10, 'min_samples_split': 5, 'min_samples_leaf': 2, 'max_features': 'sqrt'}
2025-11-19 20:04:20,318 - model - INFO - Stored trained model with ID: decision_tree_7
2025-11-19 20:04:20,364 - model - WARNING - Failed to cache model object for decision_tree_7: module 'joblib' has no attribute 'dumps'
2025-11-19 20:04:20,364 - model - INFO - Model decision_tree trained successfully. CV Score: 11583431.5800
2025-11-19 20:04:20,372 - model - INFO - Completed evaluation for decision_tree: R² = 0.9587
2025-11-19 20:04:20,373 - model - INFO - Training and evaluating random_forest
2025-11-19 20:04:20,373 - model - INFO - Checking cache for random_forest with key: random_forest_[('bootstrap', True), ('max_depth', 10), ('max_features', 'sqrt'), ('max_samples', 0.5), ('min_samples_leaf', 2), ('min_samples_split', 5), ('n_estimators', 100)]_2560699947060880721
2025-11-19 20:04:20,373 - model - INFO - Using cached results for random_forest
2025-11-19 20:04:20,373 - model - INFO - Model object not cached, retraining random_forest
2025-11-19 20:04:20,373 - model - INFO - Training random_forest model with params: {'max_depth': 10, 'min_samples_split': 5, 'min_samples_leaf': 2, 'max_features': 'sqrt', 'n_estimators': 100, 'bootstrap': True, 'max_samples': 0.5}
2025-11-19 20:04:20,463 - model - INFO - Applied bootstrap sampling with max_samples=795
2025-11-19 20:04:20,463 - model - INFO - Stored trained model with ID: random_forest_8
2025-11-19 20:04:20,947 - model - WARNING - Failed to cache model object for random_forest_8: module 'joblib' has no attribute 'dumps'
2025-11-19 20:04:20,947 - model - INFO - Model random_forest trained successfully. CV Score: 4633745.8637
2025-11-19 20:04:21,215 - model - INFO - Completed evaluation for random_forest: R² = 0.9718
2025-11-19 20:04:21,215 - model - INFO - Training and evaluating KNN
2025-11-19 20:04:21,215 - model - INFO - Starting hyperparameter tuning for KNN
2025-11-19 20:04:25,478 - model - INFO - Tuning completed. Best score: 10699451.8847, Overfitting risk: low
2025-11-19 20:04:25,478 - model - INFO - Checking cache for KNN with key: KNN_[('algorithm', 'auto'), ('metric', 'manhattan'), ('n_neighbors', 7), ('p', 1), ('weights', 'distance')]_2560699947060880721
2025-11-19 20:04:25,479 - model - INFO - Using cached results for KNN
2025-11-19 20:04:25,479 - model - INFO - Model object not cached, retraining KNN
2025-11-19 20:04:25,481 - model - INFO - Applied RobustScaler to features for KNN
2025-11-19 20:04:25,481 - model - INFO - Training KNN model with params: {'algorithm': 'auto', 'metric': 'manhattan', 'n_neighbors': 7, 'p': 1, 'weights': 'distance'}
2025-11-19 20:04:25,482 - model - INFO - Stored trained model with ID: KNN_9
2025-11-19 20:04:25,556 - model - INFO - KNN Validation: Optimal K=7, CV Score=10699451.8847
2025-11-19 20:04:25,591 - model - WARNING - Failed to cache model object for KNN_9: module 'joblib' has no attribute 'dumps'
2025-11-19 20:04:25,591 - model - INFO - Model KNN trained successfully. CV Score: 10699451.8847
2025-11-19 20:04:25,632 - model - INFO - Completed evaluation for KNN: R² = 0.8475
2025-11-19 20:04:26,251 - model - INFO - Generated model comparison visualizations: ['model_comparison', 'knn_comparison']
2025-11-19 20:04:26,251 - model - INFO - Saved model comparison report to reports/model_comparison_report_20251119_200426.json
2025-11-19 20:04:26,251 - model - INFO - Model comparison completed. Best model: random_forest (R² = 0.9718)
2025-11-19 20:16:21,879 - model - INFO - Checking cache for KNN with key: KNN_[]_4079198422873739719
2025-11-19 20:16:21,882 - model - INFO - Using cached results for KNN
2025-11-19 20:16:21,883 - model - INFO - Model object not cached, retraining KNN
2025-11-19 20:16:21,886 - model - INFO - Applied RobustScaler to features for KNN
2025-11-19 20:16:21,886 - model - INFO - Training KNN model with params: {}
2025-11-19 20:16:21,886 - model - INFO - Stored trained model with ID: KNN_0
2025-11-19 20:16:21,921 - model - INFO - KNN Validation: Optimal K=5, CV Score=39799720.1961
2025-11-19 20:16:21,921 - model - WARNING - Failed to cache model object for KNN_0: module 'joblib' has no attribute 'dumps'
2025-11-19 20:16:21,921 - model - INFO - Model KNN trained successfully. CV Score: 39799720.1961
2025-11-19 20:16:22,403 - model - WARNING - Failed to generate neighbor distance analysis: name 'plt' is not defined
2025-11-19 20:16:22,404 - model - WARNING - Failed to generate prediction stability analysis: '[185, 35, 19, 99, 72, 79, 192, 54, 179, 47, 82, 156, 154, 158, 123, 184, 8, 168, 33, 173, 7, 9, 90, 68, 97, 162, 193, 39, 186, 188, 128, 147, 116, 139, 14, 78, 183, 101, 181, 135, 120, 1, 102, 38, 2, 91, 15, 36, 49, 191, 133, 145, 114, 126, 170, 153, 159, 100, 61, 132, 57, 196, 62, 85, 178, 92, 81, 84, 138, 198, 152, 74, 163, 98, 28, 0, 67, 44, 141, 148, 136, 118, 176, 12, 182, 13, 31, 142, 103, 88, 165, 25, 4, 42, 70, 50, 107, 20, 167, 71, 22, 75, 143, 144, 174, 66, 175, 58, 95, 30, 119, 77, 37, 105, 151, 86, 96, 146, 64, 155, 124, 140, 11, 45, 187, 121, 43, 56, 63, 16, 130, 131, 6, 180, 10, 125, 137, 94, 41, 76, 197, 134, 190, 112, 73, 115, 122, 18, 109, 5, 111, 46, 104, 199, 171, 53, 80, 110, 189, 166, 113, 21, 129, 117, 26, 59, 172, 194, 164, 40, 34, 27, 60, 160, 65, 55, 127, 89, 106, 3, 149, 51, 161, 52, 24, 29, 48, 150, 108, 83, 195, 32] not in index'
2025-11-19 20:16:22,601 - model - WARNING - Failed to generate feature importance analysis: name 'plt' is not defined
2025-11-19 20:16:22,605 - model - WARNING - Failed to generate error range analysis: 'Categorical' object has no attribute 'cat'
2025-11-19 20:16:22,613 - model - WARNING - Failed to generate timing analysis: name 'plt' is not defined
2025-11-19 20:20:51,877 - model - INFO - Checking cache for linear with key: linear_[('fit_intercept', True), ('polynomial_degree', 1)]_-4548715007457961901
2025-11-19 20:20:51,884 - model - INFO - Using cached results for linear
2025-11-19 20:20:51,884 - model - INFO - Model object not cached, retraining linear
2025-11-19 20:20:51,887 - model - INFO - Applied RobustScaler to features for linear
2025-11-19 20:20:51,887 - model - INFO - Training linear model with params: {'fit_intercept': True, 'polynomial_degree': 1}
2025-11-19 20:20:51,894 - model - INFO - Stored trained model with ID: linear_0
2025-11-19 20:20:51,919 - model - WARNING - Failed to cache model object for linear_0: module 'joblib' has no attribute 'dumps'
2025-11-19 20:20:51,919 - model - INFO - Model linear trained successfully. CV Score: 11212237.0290
2025-11-19 20:20:53,375 - model - INFO - Checking cache for ridge with key: ridge_[('alpha', 0.001), ('fit_intercept', True), ('polynomial_degree', 1), ('solver', 'auto')]_-4548715007457961901
2025-11-19 20:20:53,375 - model - INFO - Using cached results for ridge
2025-11-19 20:20:53,375 - model - INFO - Model object not cached, retraining ridge
2025-11-19 20:20:53,378 - model - INFO - Applied RobustScaler to features for ridge
2025-11-19 20:20:53,378 - model - INFO - Training ridge model with params: {'alpha': 0.001, 'fit_intercept': True, 'polynomial_degree': 1, 'solver': 'auto'}
2025-11-19 20:20:53,393 - model - INFO - Stored trained model with ID: ridge_1
2025-11-19 20:20:53,413 - model - WARNING - Failed to cache model object for ridge_1: module 'joblib' has no attribute 'dumps'
2025-11-19 20:20:53,413 - model - INFO - Model ridge trained successfully. CV Score: 11212236.7833
2025-11-19 20:20:54,256 - model - INFO - Checking cache for lasso with key: lasso_[('alpha', 0.001), ('fit_intercept', True), ('max_iter', 1000), ('polynomial_degree', 1), ('selection', 'cyclic')]_-4548715007457961901
2025-11-19 20:20:54,256 - model - INFO - Using cached results for lasso
2025-11-19 20:20:54,257 - model - INFO - Model object not cached, retraining lasso
2025-11-19 20:20:54,259 - model - INFO - Applied RobustScaler to features for lasso
2025-11-19 20:20:54,259 - model - INFO - Training lasso model with params: {'alpha': 0.001, 'fit_intercept': True, 'polynomial_degree': 1, 'selection': 'cyclic', 'max_iter': 1000}
2025-11-19 20:20:54,290 - model - INFO - Stored trained model with ID: lasso_2
2025-11-19 20:20:54,418 - model - WARNING - Failed to cache model object for lasso_2: module 'joblib' has no attribute 'dumps'
2025-11-19 20:20:54,418 - model - INFO - Model lasso trained successfully. CV Score: 11212236.7357
2025-11-19 20:20:57,478 - model - INFO - Checking cache for decision_tree with key: decision_tree_[('ccp_alpha', 0.0), ('criterion', 'squared_error'), ('max_depth', 10), ('max_features', 'sqrt'), ('min_samples_leaf', 1), ('min_samples_split', 2), ('splitter', 'best')]_-4548715007457961901
2025-11-19 20:20:57,478 - model - INFO - Using cached results for decision_tree
2025-11-19 20:20:57,478 - model - INFO - Model object not cached, retraining decision_tree
2025-11-19 20:20:57,478 - model - INFO - Training decision_tree model with params: {'max_depth': 10, 'min_samples_split': 2, 'min_samples_leaf': 1, 'max_features': 'sqrt', 'criterion': 'squared_error', 'ccp_alpha': 0.0, 'splitter': 'best'}
2025-11-19 20:21:10,377 - model - INFO - Stored trained model with ID: decision_tree_3
2025-11-19 20:21:10,410 - model - WARNING - Failed to cache model object for decision_tree_3: module 'joblib' has no attribute 'dumps'
2025-11-19 20:21:10,410 - model - INFO - Model decision_tree trained successfully. CV Score: 8854333.7443
2025-11-19 20:21:11,703 - model - INFO - Checking cache for random_forest with key: random_forest_[('bootstrap', True), ('ccp_alpha', 0.0), ('criterion', 'squared_error'), ('max_depth', 10), ('max_features', 'sqrt'), ('max_samples', None), ('min_impurity_decrease', 0.0), ('min_samples_leaf', 1), ('min_samples_split', 2), ('n_estimators', 100)]_-4548715007457961901
2025-11-19 20:21:11,703 - model - INFO - Using cached results for random_forest
2025-11-19 20:21:11,703 - model - INFO - Model object not cached, retraining random_forest
2025-11-19 20:21:11,703 - model - INFO - Training random_forest model with params: {'n_estimators': 100, 'max_depth': 10, 'min_samples_split': 2, 'min_samples_leaf': 1, 'max_features': 'sqrt', 'bootstrap': True, 'criterion': 'squared_error', 'ccp_alpha': 0.0, 'max_samples': None, 'min_impurity_decrease': 0.0}
2025-11-19 20:21:12,117 - model - INFO - Applied bootstrap sampling with max_samples=None
2025-11-19 20:21:12,117 - model - INFO - Stored trained model with ID: random_forest_4
2025-11-19 20:21:13,991 - model - WARNING - Failed to cache model object for random_forest_4: module 'joblib' has no attribute 'dumps'
2025-11-19 20:21:13,991 - model - INFO - Model random_forest trained successfully. CV Score: 2036000.2735
2025-11-19 20:21:48,243 - model - INFO - Checking cache for KNN with key: KNN_[('algorithm', 'auto'), ('metric', 'euclidean'), ('n_neighbors', 3), ('p', 1), ('weights', 'uniform')]_-4548715007457961901
2025-11-19 20:21:48,244 - model - INFO - Using cached results for KNN
2025-11-19 20:21:48,244 - model - INFO - Model object not cached, retraining KNN
2025-11-19 20:21:48,247 - model - INFO - Applied RobustScaler to features for KNN
2025-11-19 20:21:48,247 - model - INFO - Training KNN model with params: {'n_neighbors': 3, 'metric': 'euclidean', 'weights': 'uniform', 'algorithm': 'auto', 'p': 1}
2025-11-19 20:21:48,250 - model - INFO - Stored trained model with ID: KNN_5
2025-11-19 20:21:48,428 - model - INFO - KNN Validation: Optimal K=3, CV Score=8040551.0352
2025-11-19 20:21:48,429 - model - WARNING - Failed to cache model object for KNN_5: module 'joblib' has no attribute 'dumps'
2025-11-19 20:21:48,429 - model - INFO - Model KNN trained successfully. CV Score: 8040551.0352
2025-11-19 20:21:52,912 - model - INFO - Model linear_0 evaluation completed. Score: 0.8572
2025-11-19 20:21:52,912 - model - INFO - Model ridge_1 evaluation completed. Score: 0.8572
2025-11-19 20:21:52,913 - model - INFO - Model lasso_2 evaluation completed. Score: 0.8572
2025-11-19 20:21:52,914 - model - INFO - Model decision_tree_3 evaluation completed. Score: 0.9162
2025-11-19 20:21:52,925 - model - INFO - Model random_forest_4 evaluation completed. Score: 0.9741
2025-11-19 20:21:52,951 - model - INFO - Model KNN_5 evaluation completed. Score: 0.8009
2025-11-19 20:21:52,951 - model - INFO - Starting comprehensive model comparison with 6 models
2025-11-19 20:21:52,951 - model - INFO - Training and evaluating linear
2025-11-19 20:21:52,951 - model - INFO - Checking cache for linear with key: linear_[]_-4548715007457961901
2025-11-19 20:21:52,951 - model - INFO - Using cached results for linear
2025-11-19 20:21:52,952 - model - INFO - Model object not cached, retraining linear
2025-11-19 20:21:52,953 - model - INFO - Applied RobustScaler to features for linear
2025-11-19 20:21:52,953 - model - INFO - Training linear model with params: {}
2025-11-19 20:21:52,954 - model - INFO - Stored trained model with ID: linear_6
2025-11-19 20:21:52,966 - model - WARNING - Failed to cache model object for linear_6: module 'joblib' has no attribute 'dumps'
2025-11-19 20:21:52,966 - model - INFO - Model linear trained successfully. CV Score: 11334988.6883
2025-11-19 20:21:53,695 - model - INFO - Completed evaluation for linear: R² = 0.4446
2025-11-19 20:21:53,695 - model - INFO - Training and evaluating ridge
2025-11-19 20:21:53,695 - model - INFO - Checking cache for ridge with key: ridge_[]_-4548715007457961901
2025-11-19 20:21:53,696 - model - INFO - Using cached results for ridge
2025-11-19 20:21:53,696 - model - INFO - Model object not cached, retraining ridge
2025-11-19 20:21:53,698 - model - INFO - Applied RobustScaler to features for ridge
2025-11-19 20:21:53,698 - model - INFO - Training ridge model with params: {}
2025-11-19 20:21:53,698 - model - INFO - Stored trained model with ID: ridge_7
2025-11-19 20:21:53,711 - model - WARNING - Failed to cache model object for ridge_7: module 'joblib' has no attribute 'dumps'
2025-11-19 20:21:53,711 - model - INFO - Model ridge trained successfully. CV Score: 11330376.8985
2025-11-19 20:21:54,343 - model - INFO - Completed evaluation for ridge: R² = 0.4538
2025-11-19 20:21:54,343 - model - INFO - Training and evaluating lasso
2025-11-19 20:21:54,343 - model - INFO - Checking cache for lasso with key: lasso_[]_-4548715007457961901
2025-11-19 20:21:54,344 - model - INFO - Using cached results for lasso
2025-11-19 20:21:54,344 - model - INFO - Model object not cached, retraining lasso
2025-11-19 20:21:54,345 - model - INFO - Applied RobustScaler to features for lasso
2025-11-19 20:21:54,345 - model - INFO - Training lasso model with params: {}
2025-11-19 20:21:54,347 - model - INFO - Stored trained model with ID: lasso_8
2025-11-19 20:21:54,363 - model - WARNING - Failed to cache model object for lasso_8: module 'joblib' has no attribute 'dumps'
2025-11-19 20:21:54,363 - model - INFO - Model lasso trained successfully. CV Score: 11334116.2622
2025-11-19 20:21:55,130 - model - INFO - Completed evaluation for lasso: R² = 0.4457
2025-11-19 20:21:55,130 - model - INFO - Training and evaluating decision_tree
2025-11-19 20:21:55,130 - model - INFO - Checking cache for decision_tree with key: decision_tree_[('max_depth', 10), ('max_features', 'sqrt'), ('min_samples_leaf', 2), ('min_samples_split', 5)]_-4548715007457961901
2025-11-19 20:21:55,131 - model - INFO - Using cached results for decision_tree
2025-11-19 20:21:55,131 - model - INFO - Model object not cached, retraining decision_tree
2025-11-19 20:21:55,131 - model - INFO - Training decision_tree model with params: {'max_depth': 10, 'min_samples_split': 5, 'min_samples_leaf': 2, 'max_features': 'sqrt'}
2025-11-19 20:21:55,902 - model - INFO - Stored trained model with ID: decision_tree_9
2025-11-19 20:21:55,914 - model - WARNING - Failed to cache model object for decision_tree_9: module 'joblib' has no attribute 'dumps'
2025-11-19 20:21:55,914 - model - INFO - Model decision_tree trained successfully. CV Score: 11583431.5800
2025-11-19 20:21:56,631 - model - INFO - Completed evaluation for decision_tree: R² = 0.9587
2025-11-19 20:21:56,631 - model - INFO - Training and evaluating random_forest
2025-11-19 20:21:56,632 - model - INFO - Checking cache for random_forest with key: random_forest_[('bootstrap', True), ('max_depth', 10), ('max_features', 'sqrt'), ('max_samples', 0.5), ('min_samples_leaf', 2), ('min_samples_split', 5), ('n_estimators', 100)]_-4548715007457961901
2025-11-19 20:21:56,632 - model - INFO - Using cached results for random_forest
2025-11-19 20:21:56,632 - model - INFO - Model object not cached, retraining random_forest
2025-11-19 20:21:56,632 - model - INFO - Training random_forest model with params: {'max_depth': 10, 'min_samples_split': 5, 'min_samples_leaf': 2, 'max_features': 'sqrt', 'n_estimators': 100, 'bootstrap': True, 'max_samples': 0.5}
2025-11-19 20:21:56,716 - model - INFO - Applied bootstrap sampling with max_samples=795
2025-11-19 20:21:56,716 - model - INFO - Stored trained model with ID: random_forest_10
2025-11-19 20:21:57,162 - model - WARNING - Failed to cache model object for random_forest_10: module 'joblib' has no attribute 'dumps'
2025-11-19 20:21:57,163 - model - INFO - Model random_forest trained successfully. CV Score: 4633745.8637
2025-11-19 20:22:04,540 - model - INFO - Completed evaluation for random_forest: R² = 0.9718
2025-11-19 20:22:04,540 - model - INFO - Training and evaluating KNN
2025-11-19 20:22:04,540 - model - INFO - Starting hyperparameter tuning for KNN
2025-11-19 20:22:08,875 - model - INFO - Tuning completed. Best score: 10699451.8847, Overfitting risk: low
2025-11-19 20:22:08,875 - model - INFO - Checking cache for KNN with key: KNN_[('algorithm', 'auto'), ('metric', 'manhattan'), ('n_neighbors', 7), ('p', 1), ('weights', 'distance')]_-4548715007457961901
2025-11-19 20:22:08,875 - model - INFO - Using cached results for KNN
2025-11-19 20:22:08,876 - model - INFO - Model object not cached, retraining KNN
2025-11-19 20:22:08,877 - model - INFO - Applied RobustScaler to features for KNN
2025-11-19 20:22:08,878 - model - INFO - Training KNN model with params: {'algorithm': 'auto', 'metric': 'manhattan', 'n_neighbors': 7, 'p': 1, 'weights': 'distance'}
2025-11-19 20:22:08,878 - model - INFO - Stored trained model with ID: KNN_11
2025-11-19 20:22:08,920 - model - INFO - KNN Validation: Optimal K=7, CV Score=10699451.8847
2025-11-19 20:22:08,920 - model - WARNING - Failed to cache model object for KNN_11: module 'joblib' has no attribute 'dumps'
2025-11-19 20:22:08,920 - model - INFO - Model KNN trained successfully. CV Score: 10699451.8847
2025-11-19 20:22:10,949 - model - INFO - Completed evaluation for KNN: R² = 0.8475
2025-11-19 20:22:11,141 - model - ERROR - Failed to generate model comparison visualizations: [Errno 2] No such file or directory: 'visualizations/model_comparison_with_knn.png'
2025-11-19 20:22:11,143 - model - INFO - Saved model comparison report to reports/model_comparison_report_20251119_202211.json
2025-11-19 20:22:11,143 - model - INFO - Model comparison completed. Best model: random_forest (R² = 0.9718)
2025-11-19 20:22:17,272 - model - INFO - Checking cache for linear with key: linear_[('fit_intercept', True), ('polynomial_degree', 1)]_-4548715007457961901
2025-11-19 20:22:17,273 - model - INFO - Using cached results for linear
2025-11-19 20:22:17,273 - model - INFO - Model object not cached, retraining linear
2025-11-19 20:22:17,276 - model - INFO - Applied RobustScaler to features for linear
2025-11-19 20:22:17,276 - model - INFO - Training linear model with params: {'fit_intercept': True, 'polynomial_degree': 1}
2025-11-19 20:22:17,277 - model - INFO - Stored trained model with ID: linear_0
2025-11-19 20:22:17,301 - model - WARNING - Failed to cache model object for linear_0: module 'joblib' has no attribute 'dumps'
2025-11-19 20:22:17,301 - model - INFO - Model linear trained successfully. CV Score: 11212237.0290
2025-11-19 20:22:18,233 - model - INFO - Checking cache for ridge with key: ridge_[('alpha', 0.001), ('fit_intercept', True), ('polynomial_degree', 1), ('solver', 'auto')]_-4548715007457961901
2025-11-19 20:22:18,234 - model - INFO - Using cached results for ridge
2025-11-19 20:22:18,234 - model - INFO - Model object not cached, retraining ridge
2025-11-19 20:22:18,237 - model - INFO - Applied RobustScaler to features for ridge
2025-11-19 20:22:18,237 - model - INFO - Training ridge model with params: {'alpha': 0.001, 'fit_intercept': True, 'polynomial_degree': 1, 'solver': 'auto'}
2025-11-19 20:22:18,237 - model - INFO - Stored trained model with ID: ridge_1
2025-11-19 20:22:18,257 - model - WARNING - Failed to cache model object for ridge_1: module 'joblib' has no attribute 'dumps'
2025-11-19 20:22:18,257 - model - INFO - Model ridge trained successfully. CV Score: 11212236.7833
2025-11-19 20:22:19,168 - model - INFO - Checking cache for lasso with key: lasso_[('alpha', 0.001), ('fit_intercept', True), ('max_iter', 1000), ('polynomial_degree', 1), ('selection', 'cyclic')]_-4548715007457961901
2025-11-19 20:22:19,168 - model - INFO - Using cached results for lasso
2025-11-19 20:22:19,168 - model - INFO - Model object not cached, retraining lasso
2025-11-19 20:22:19,171 - model - INFO - Applied RobustScaler to features for lasso
2025-11-19 20:22:19,171 - model - INFO - Training lasso model with params: {'alpha': 0.001, 'fit_intercept': True, 'polynomial_degree': 1, 'selection': 'cyclic', 'max_iter': 1000}
2025-11-19 20:22:19,202 - model - INFO - Stored trained model with ID: lasso_2
2025-11-19 20:22:19,325 - model - WARNING - Failed to cache model object for lasso_2: module 'joblib' has no attribute 'dumps'
2025-11-19 20:22:19,325 - model - INFO - Model lasso trained successfully. CV Score: 11212236.7357
2025-11-19 20:22:22,426 - model - INFO - Checking cache for decision_tree with key: decision_tree_[('ccp_alpha', 0.0), ('criterion', 'squared_error'), ('max_depth', 10), ('max_features', 'sqrt'), ('min_samples_leaf', 1), ('min_samples_split', 2), ('splitter', 'best')]_-4548715007457961901
2025-11-19 20:22:22,426 - model - INFO - Using cached results for decision_tree
2025-11-19 20:22:22,427 - model - INFO - Model object not cached, retraining decision_tree
2025-11-19 20:22:22,427 - model - INFO - Training decision_tree model with params: {'max_depth': 10, 'min_samples_split': 2, 'min_samples_leaf': 1, 'max_features': 'sqrt', 'criterion': 'squared_error', 'ccp_alpha': 0.0, 'splitter': 'best'}
2025-11-19 20:22:35,271 - model - INFO - Stored trained model with ID: decision_tree_3
2025-11-19 20:22:35,303 - model - WARNING - Failed to cache model object for decision_tree_3: module 'joblib' has no attribute 'dumps'
2025-11-19 20:22:35,303 - model - INFO - Model decision_tree trained successfully. CV Score: 8854333.7443
2025-11-19 20:22:36,657 - model - INFO - Checking cache for random_forest with key: random_forest_[('bootstrap', True), ('ccp_alpha', 0.0), ('criterion', 'squared_error'), ('max_depth', 10), ('max_features', 'sqrt'), ('max_samples', None), ('min_impurity_decrease', 0.0), ('min_samples_leaf', 1), ('min_samples_split', 2), ('n_estimators', 100)]_-4548715007457961901
2025-11-19 20:22:36,657 - model - INFO - Using cached results for random_forest
2025-11-19 20:22:36,658 - model - INFO - Model object not cached, retraining random_forest
2025-11-19 20:22:36,658 - model - INFO - Training random_forest model with params: {'n_estimators': 100, 'max_depth': 10, 'min_samples_split': 2, 'min_samples_leaf': 1, 'max_features': 'sqrt', 'bootstrap': True, 'criterion': 'squared_error', 'ccp_alpha': 0.0, 'max_samples': None, 'min_impurity_decrease': 0.0}
2025-11-19 20:22:37,069 - model - INFO - Applied bootstrap sampling with max_samples=None
2025-11-19 20:22:37,069 - model - INFO - Stored trained model with ID: random_forest_4
2025-11-19 20:22:38,853 - model - WARNING - Failed to cache model object for random_forest_4: module 'joblib' has no attribute 'dumps'
2025-11-19 20:22:38,853 - model - INFO - Model random_forest trained successfully. CV Score: 2036000.2735
2025-11-19 20:23:12,840 - model - INFO - Checking cache for KNN with key: KNN_[('algorithm', 'auto'), ('metric', 'euclidean'), ('n_neighbors', 3), ('p', 1), ('weights', 'uniform')]_-4548715007457961901
2025-11-19 20:23:12,841 - model - INFO - Using cached results for KNN
2025-11-19 20:23:12,841 - model - INFO - Model object not cached, retraining KNN
2025-11-19 20:23:12,844 - model - INFO - Applied RobustScaler to features for KNN
2025-11-19 20:23:12,844 - model - INFO - Training KNN model with params: {'n_neighbors': 3, 'metric': 'euclidean', 'weights': 'uniform', 'algorithm': 'auto', 'p': 1}
2025-11-19 20:23:12,845 - model - INFO - Stored trained model with ID: KNN_5
2025-11-19 20:23:13,026 - model - INFO - KNN Validation: Optimal K=3, CV Score=8040551.0352
2025-11-19 20:23:13,026 - model - WARNING - Failed to cache model object for KNN_5: module 'joblib' has no attribute 'dumps'
2025-11-19 20:23:13,026 - model - INFO - Model KNN trained successfully. CV Score: 8040551.0352
2025-11-19 20:23:17,588 - model - INFO - Model linear_0 evaluation completed. Score: 0.8572
2025-11-19 20:23:17,589 - model - INFO - Model ridge_1 evaluation completed. Score: 0.8572
2025-11-19 20:23:17,590 - model - INFO - Model lasso_2 evaluation completed. Score: 0.8572
2025-11-19 20:23:17,591 - model - INFO - Model decision_tree_3 evaluation completed. Score: 0.9162
2025-11-19 20:23:17,602 - model - INFO - Model random_forest_4 evaluation completed. Score: 0.9741
2025-11-19 20:23:17,629 - model - INFO - Model KNN_5 evaluation completed. Score: 0.8009
2025-11-19 20:23:17,629 - model - INFO - Starting comprehensive model comparison with 6 models
2025-11-19 20:23:17,629 - model - INFO - Training and evaluating linear
2025-11-19 20:23:17,629 - model - INFO - Checking cache for linear with key: linear_[]_-4548715007457961901
2025-11-19 20:23:17,630 - model - INFO - Using cached results for linear
2025-11-19 20:23:17,630 - model - INFO - Model object not cached, retraining linear
2025-11-19 20:23:17,632 - model - INFO - Applied RobustScaler to features for linear
2025-11-19 20:23:17,632 - model - INFO - Training linear model with params: {}
2025-11-19 20:23:17,633 - model - INFO - Stored trained model with ID: linear_6
2025-11-19 20:23:17,647 - model - WARNING - Failed to cache model object for linear_6: module 'joblib' has no attribute 'dumps'
2025-11-19 20:23:17,647 - model - INFO - Model linear trained successfully. CV Score: 11334988.6883
2025-11-19 20:23:18,283 - model - INFO - Completed evaluation for linear: R² = 0.4446
2025-11-19 20:23:18,283 - model - INFO - Training and evaluating ridge
2025-11-19 20:23:18,283 - model - INFO - Checking cache for ridge with key: ridge_[]_-4548715007457961901
2025-11-19 20:23:18,284 - model - INFO - Using cached results for ridge
2025-11-19 20:23:18,284 - model - INFO - Model object not cached, retraining ridge
2025-11-19 20:23:18,285 - model - INFO - Applied RobustScaler to features for ridge
2025-11-19 20:23:18,285 - model - INFO - Training ridge model with params: {}
2025-11-19 20:23:18,286 - model - INFO - Stored trained model with ID: ridge_7
2025-11-19 20:23:18,298 - model - WARNING - Failed to cache model object for ridge_7: module 'joblib' has no attribute 'dumps'
2025-11-19 20:23:18,298 - model - INFO - Model ridge trained successfully. CV Score: 11330376.8985
2025-11-19 20:23:18,931 - model - INFO - Completed evaluation for ridge: R² = 0.4538
2025-11-19 20:23:18,931 - model - INFO - Training and evaluating lasso
2025-11-19 20:23:18,931 - model - INFO - Checking cache for lasso with key: lasso_[]_-4548715007457961901
2025-11-19 20:23:18,931 - model - INFO - Using cached results for lasso
2025-11-19 20:23:18,931 - model - INFO - Model object not cached, retraining lasso
2025-11-19 20:23:18,933 - model - INFO - Applied RobustScaler to features for lasso
2025-11-19 20:23:18,933 - model - INFO - Training lasso model with params: {}
2025-11-19 20:23:18,936 - model - INFO - Stored trained model with ID: lasso_8
2025-11-19 20:23:18,951 - model - WARNING - Failed to cache model object for lasso_8: module 'joblib' has no attribute 'dumps'
2025-11-19 20:23:18,951 - model - INFO - Model lasso trained successfully. CV Score: 11334116.2622
2025-11-19 20:23:19,711 - model - INFO - Completed evaluation for lasso: R² = 0.4457
2025-11-19 20:23:19,711 - model - INFO - Training and evaluating decision_tree
2025-11-19 20:23:19,711 - model - INFO - Checking cache for decision_tree with key: decision_tree_[('max_depth', 10), ('max_features', 'sqrt'), ('min_samples_leaf', 2), ('min_samples_split', 5)]_-4548715007457961901
2025-11-19 20:23:19,712 - model - INFO - Using cached results for decision_tree
2025-11-19 20:23:19,712 - model - INFO - Model object not cached, retraining decision_tree
2025-11-19 20:23:19,712 - model - INFO - Training decision_tree model with params: {'max_depth': 10, 'min_samples_split': 5, 'min_samples_leaf': 2, 'max_features': 'sqrt'}
2025-11-19 20:23:20,472 - model - INFO - Stored trained model with ID: decision_tree_9
2025-11-19 20:23:20,484 - model - WARNING - Failed to cache model object for decision_tree_9: module 'joblib' has no attribute 'dumps'
2025-11-19 20:23:20,484 - model - INFO - Model decision_tree trained successfully. CV Score: 11583431.5800
2025-11-19 20:23:21,201 - model - INFO - Completed evaluation for decision_tree: R² = 0.9587
2025-11-19 20:23:21,201 - model - INFO - Training and evaluating random_forest
2025-11-19 20:23:21,201 - model - INFO - Checking cache for random_forest with key: random_forest_[('bootstrap', True), ('max_depth', 10), ('max_features', 'sqrt'), ('max_samples', 0.5), ('min_samples_leaf', 2), ('min_samples_split', 5), ('n_estimators', 100)]_-4548715007457961901
2025-11-19 20:23:21,201 - model - INFO - Using cached results for random_forest
2025-11-19 20:23:21,202 - model - INFO - Model object not cached, retraining random_forest
2025-11-19 20:23:21,202 - model - INFO - Training random_forest model with params: {'max_depth': 10, 'min_samples_split': 5, 'min_samples_leaf': 2, 'max_features': 'sqrt', 'n_estimators': 100, 'bootstrap': True, 'max_samples': 0.5}
2025-11-19 20:23:21,286 - model - INFO - Applied bootstrap sampling with max_samples=795
2025-11-19 20:23:21,286 - model - INFO - Stored trained model with ID: random_forest_10
2025-11-19 20:23:21,720 - model - WARNING - Failed to cache model object for random_forest_10: module 'joblib' has no attribute 'dumps'
2025-11-19 20:23:21,720 - model - INFO - Model random_forest trained successfully. CV Score: 4633745.8637
2025-11-19 20:23:29,332 - model - INFO - Completed evaluation for random_forest: R² = 0.9718
2025-11-19 20:23:29,333 - model - INFO - Training and evaluating KNN
2025-11-19 20:23:29,333 - model - INFO - Starting hyperparameter tuning for KNN
2025-11-19 20:23:32,299 - model - INFO - Tuning completed. Best score: 10699451.8847, Overfitting risk: low
2025-11-19 20:23:32,299 - model - INFO - Checking cache for KNN with key: KNN_[('algorithm', 'auto'), ('metric', 'manhattan'), ('n_neighbors', 7), ('p', 1), ('weights', 'distance')]_-4548715007457961901
2025-11-19 20:23:32,300 - model - INFO - Using cached results for KNN
2025-11-19 20:23:32,300 - model - INFO - Model object not cached, retraining KNN
2025-11-19 20:23:32,302 - model - INFO - Applied RobustScaler to features for KNN
2025-11-19 20:23:32,302 - model - INFO - Training KNN model with params: {'algorithm': 'auto', 'metric': 'manhattan', 'n_neighbors': 7, 'p': 1, 'weights': 'distance'}
2025-11-19 20:23:32,303 - model - INFO - Stored trained model with ID: KNN_11
2025-11-19 20:23:32,342 - model - INFO - KNN Validation: Optimal K=7, CV Score=10699451.8847
2025-11-19 20:23:32,342 - model - WARNING - Failed to cache model object for KNN_11: module 'joblib' has no attribute 'dumps'
2025-11-19 20:23:32,342 - model - INFO - Model KNN trained successfully. CV Score: 10699451.8847
2025-11-19 20:23:34,275 - model - INFO - Completed evaluation for KNN: R² = 0.8475
2025-11-19 20:23:34,473 - model - ERROR - Failed to generate model comparison visualizations: [Errno 2] No such file or directory: 'visualizations/model_comparison_with_knn.png'
2025-11-19 20:23:34,474 - model - INFO - Saved model comparison report to reports/model_comparison_report_20251119_202334.json
2025-11-19 20:23:34,474 - model - INFO - Model comparison completed. Best model: random_forest (R² = 0.9718)
2025-11-19 20:58:05,105 - model - INFO - Checking cache for linear with key: linear_[('fit_intercept', True), ('polynomial_degree', 1)]_4793333769531437785
2025-11-19 20:58:05,106 - model - INFO - Using cached results for linear
2025-11-19 20:58:05,106 - model - INFO - Model object not cached, retraining linear
2025-11-19 20:58:05,109 - model - INFO - Applied RobustScaler to features for linear
2025-11-19 20:58:05,109 - model - INFO - Training linear model with params: {'fit_intercept': True, 'polynomial_degree': 1}
2025-11-19 20:58:05,111 - model - INFO - Stored trained model with ID: linear_0
2025-11-19 20:58:05,166 - model - WARNING - Failed to cache model object for linear_0: module 'joblib' has no attribute 'dumps'
2025-11-19 20:58:05,166 - model - INFO - Model linear trained successfully. CV Score: 11212237.0290
2025-11-19 20:58:05,533 - model - INFO - Checking cache for decision_tree with key: decision_tree_[('ccp_alpha', 0.0), ('criterion', 'squared_error'), ('max_depth', 10), ('max_features', 'sqrt'), ('min_samples_leaf', 1), ('min_samples_split', 2), ('splitter', 'best')]_4793333769531437785
2025-11-19 20:58:05,533 - model - INFO - Using cached results for decision_tree
2025-11-19 20:58:05,533 - model - INFO - Model object not cached, retraining decision_tree
2025-11-19 20:58:05,534 - model - INFO - Training decision_tree model with params: {'max_depth': 10, 'min_samples_split': 2, 'min_samples_leaf': 1, 'max_features': 'sqrt', 'criterion': 'squared_error', 'ccp_alpha': 0.0, 'splitter': 'best'}
2025-11-19 20:58:18,063 - model - INFO - Stored trained model with ID: decision_tree_1
2025-11-19 20:58:18,134 - model - WARNING - Failed to cache model object for decision_tree_1: module 'joblib' has no attribute 'dumps'
2025-11-19 20:58:18,134 - model - INFO - Model decision_tree trained successfully. CV Score: 8854333.7443
2025-11-19 20:58:18,490 - model - INFO - Checking cache for random_forest with key: random_forest_[('bootstrap', True), ('ccp_alpha', 0.0), ('criterion', 'squared_error'), ('max_depth', 10), ('max_features', 'sqrt'), ('max_samples', None), ('min_impurity_decrease', 0.0), ('min_samples_leaf', 1), ('min_samples_split', 2), ('n_estimators', 100)]_4793333769531437785
2025-11-19 20:58:18,490 - model - INFO - Using cached results for random_forest
2025-11-19 20:58:18,490 - model - INFO - Model object not cached, retraining random_forest
2025-11-19 20:58:18,490 - model - INFO - Training random_forest model with params: {'n_estimators': 100, 'max_depth': 10, 'min_samples_split': 2, 'min_samples_leaf': 1, 'max_features': 'sqrt', 'bootstrap': True, 'criterion': 'squared_error', 'ccp_alpha': 0.0, 'max_samples': None, 'min_impurity_decrease': 0.0}
2025-11-19 20:58:18,891 - model - INFO - Applied bootstrap sampling with max_samples=None
2025-11-19 20:58:18,891 - model - INFO - Stored trained model with ID: random_forest_2
2025-11-19 20:58:20,659 - model - WARNING - Failed to cache model object for random_forest_2: module 'joblib' has no attribute 'dumps'
2025-11-19 20:58:20,659 - model - INFO - Model random_forest trained successfully. CV Score: 2036000.2735
2025-11-19 20:58:21,039 - model - INFO - Checking cache for KNN with key: KNN_[('algorithm', 'auto'), ('metric', 'euclidean'), ('n_neighbors', 3), ('p', 1), ('weights', 'uniform')]_4793333769531437785
2025-11-19 20:58:21,039 - model - INFO - Using cached results for KNN
2025-11-19 20:58:21,039 - model - INFO - Model object not cached, retraining KNN
2025-11-19 20:58:21,042 - model - INFO - Applied RobustScaler to features for KNN
2025-11-19 20:58:21,042 - model - INFO - Training KNN model with params: {'n_neighbors': 3, 'metric': 'euclidean', 'weights': 'uniform', 'algorithm': 'auto', 'p': 1}
2025-11-19 20:58:21,045 - model - INFO - Stored trained model with ID: KNN_3
2025-11-19 20:58:21,225 - model - INFO - KNN Validation: Optimal K=3, CV Score=8040551.0352
2025-11-19 20:58:21,259 - model - WARNING - Failed to cache model object for KNN_3: module 'joblib' has no attribute 'dumps'
2025-11-19 20:58:21,259 - model - INFO - Model KNN trained successfully. CV Score: 8040551.0352
2025-11-19 20:58:21,689 - model - INFO - Model linear_0 evaluation completed. Score: 0.8572
2025-11-19 20:58:21,690 - model - INFO - Model decision_tree_1 evaluation completed. Score: 0.9162
2025-11-19 20:58:21,700 - model - INFO - Model random_forest_2 evaluation completed. Score: 0.9741
2025-11-19 20:58:21,725 - model - INFO - Model KNN_3 evaluation completed. Score: 0.8009
2025-11-19 20:58:21,727 - model - WARNING - Could not import evaluation_engine: No module named 'plotly'. Using simplified evaluation.
2025-11-19 20:58:21,727 - model - INFO - Starting comprehensive model comparison with 6 models
2025-11-19 20:58:21,727 - model - INFO - Training and evaluating linear
2025-11-19 20:58:21,727 - model - INFO - Checking cache for linear with key: linear_[]_4793333769531437785
2025-11-19 20:58:21,727 - model - INFO - Using cached results for linear
2025-11-19 20:58:21,727 - model - INFO - Model object not cached, retraining linear
2025-11-19 20:58:21,729 - model - INFO - Applied RobustScaler to features for linear
2025-11-19 20:58:21,729 - model - INFO - Training linear model with params: {}
2025-11-19 20:58:21,730 - model - INFO - Stored trained model with ID: linear_4
2025-11-19 20:58:21,776 - model - WARNING - Failed to cache model object for linear_4: module 'joblib' has no attribute 'dumps'
2025-11-19 20:58:21,776 - model - INFO - Model linear trained successfully. CV Score: 11334988.6883
2025-11-19 20:58:21,780 - model - INFO - Completed evaluation for linear: R² = 0.4446
2025-11-19 20:58:21,780 - model - INFO - Training and evaluating ridge
2025-11-19 20:58:21,780 - model - INFO - Checking cache for ridge with key: ridge_[]_4793333769531437785
2025-11-19 20:58:21,780 - model - INFO - Using cached results for ridge
2025-11-19 20:58:21,780 - model - INFO - Model object not cached, retraining ridge
2025-11-19 20:58:21,782 - model - INFO - Applied RobustScaler to features for ridge
2025-11-19 20:58:21,782 - model - INFO - Training ridge model with params: {}
2025-11-19 20:58:21,784 - model - INFO - Stored trained model with ID: ridge_5
2025-11-19 20:58:21,829 - model - WARNING - Failed to cache model object for ridge_5: module 'joblib' has no attribute 'dumps'
2025-11-19 20:58:21,829 - model - INFO - Model ridge trained successfully. CV Score: 11330376.8985
2025-11-19 20:58:21,833 - model - INFO - Completed evaluation for ridge: R² = 0.4538
2025-11-19 20:58:21,833 - model - INFO - Training and evaluating lasso
2025-11-19 20:58:21,833 - model - INFO - Checking cache for lasso with key: lasso_[]_4793333769531437785
2025-11-19 20:58:21,833 - model - INFO - Using cached results for lasso
2025-11-19 20:58:21,833 - model - INFO - Model object not cached, retraining lasso
2025-11-19 20:58:21,835 - model - INFO - Applied RobustScaler to features for lasso
2025-11-19 20:58:21,835 - model - INFO - Training lasso model with params: {}
2025-11-19 20:58:21,838 - model - INFO - Stored trained model with ID: lasso_6
2025-11-19 20:58:21,885 - model - WARNING - Failed to cache model object for lasso_6: module 'joblib' has no attribute 'dumps'
2025-11-19 20:58:21,885 - model - INFO - Model lasso trained successfully. CV Score: 11334116.2622
2025-11-19 20:58:21,893 - model - INFO - Completed evaluation for lasso: R² = 0.4457
2025-11-19 20:58:21,893 - model - INFO - Training and evaluating decision_tree
2025-11-19 20:58:21,893 - model - INFO - Checking cache for decision_tree with key: decision_tree_[('max_depth', 10), ('max_features', 'sqrt'), ('min_samples_leaf', 2), ('min_samples_split', 5)]_4793333769531437785
2025-11-19 20:58:21,893 - model - INFO - Using cached results for decision_tree
2025-11-19 20:58:21,893 - model - INFO - Model object not cached, retraining decision_tree
2025-11-19 20:58:21,893 - model - INFO - Training decision_tree model with params: {'max_depth': 10, 'min_samples_split': 5, 'min_samples_leaf': 2, 'max_features': 'sqrt'}
2025-11-19 20:58:22,667 - model - INFO - Stored trained model with ID: decision_tree_7
2025-11-19 20:58:22,713 - model - WARNING - Failed to cache model object for decision_tree_7: module 'joblib' has no attribute 'dumps'
2025-11-19 20:58:22,713 - model - INFO - Model decision_tree trained successfully. CV Score: 11583431.5800
2025-11-19 20:58:22,721 - model - INFO - Completed evaluation for decision_tree: R² = 0.9587
2025-11-19 20:58:22,721 - model - INFO - Training and evaluating random_forest
2025-11-19 20:58:22,721 - model - INFO - Checking cache for random_forest with key: random_forest_[('bootstrap', True), ('max_depth', 10), ('max_features', 'sqrt'), ('max_samples', 0.5), ('min_samples_leaf', 2), ('min_samples_split', 5), ('n_estimators', 100)]_4793333769531437785
2025-11-19 20:58:22,721 - model - INFO - Using cached results for random_forest
2025-11-19 20:58:22,721 - model - INFO - Model object not cached, retraining random_forest
2025-11-19 20:58:22,721 - model - INFO - Training random_forest model with params: {'max_depth': 10, 'min_samples_split': 5, 'min_samples_leaf': 2, 'max_features': 'sqrt', 'n_estimators': 100, 'bootstrap': True, 'max_samples': 0.5}
2025-11-19 20:58:22,804 - model - INFO - Applied bootstrap sampling with max_samples=795
2025-11-19 20:58:22,804 - model - INFO - Stored trained model with ID: random_forest_8
2025-11-19 20:58:23,262 - model - WARNING - Failed to cache model object for random_forest_8: module 'joblib' has no attribute 'dumps'
2025-11-19 20:58:23,262 - model - INFO - Model random_forest trained successfully. CV Score: 4633745.8637
2025-11-19 20:58:23,519 - model - INFO - Completed evaluation for random_forest: R² = 0.9718
2025-11-19 20:58:23,519 - model - INFO - Training and evaluating KNN
2025-11-19 20:58:23,519 - model - INFO - Starting hyperparameter tuning for KNN
2025-11-19 20:58:28,432 - model - INFO - Tuning completed. Best score: 10699451.8847, Overfitting risk: low
2025-11-19 20:58:28,432 - model - INFO - Checking cache for KNN with key: KNN_[('algorithm', 'auto'), ('metric', 'manhattan'), ('n_neighbors', 7), ('p', 1), ('weights', 'distance')]_4793333769531437785
2025-11-19 20:58:28,432 - model - INFO - Using cached results for KNN
2025-11-19 20:58:28,432 - model - INFO - Model object not cached, retraining KNN
2025-11-19 20:58:28,436 - model - INFO - Applied RobustScaler to features for KNN
2025-11-19 20:58:28,436 - model - INFO - Training KNN model with params: {'algorithm': 'auto', 'metric': 'manhattan', 'n_neighbors': 7, 'p': 1, 'weights': 'distance'}
2025-11-19 20:58:28,438 - model - INFO - Stored trained model with ID: KNN_9
2025-11-19 20:58:28,515 - model - INFO - KNN Validation: Optimal K=7, CV Score=10699451.8847
2025-11-19 20:58:28,554 - model - WARNING - Failed to cache model object for KNN_9: module 'joblib' has no attribute 'dumps'
2025-11-19 20:58:28,554 - model - INFO - Model KNN trained successfully. CV Score: 10699451.8847
2025-11-19 20:58:28,665 - model - INFO - Completed evaluation for KNN: R² = 0.8475
2025-11-19 20:58:29,427 - model - INFO - Generated model comparison visualizations: ['model_comparison', 'knn_comparison']
2025-11-19 20:58:29,428 - model - INFO - Saved model comparison report to reports/model_comparison_report_20251119_205829.json
2025-11-19 20:58:29,428 - model - INFO - Model comparison completed. Best model: random_forest (R² = 0.9718)
2025-11-19 22:53:06,378 - model - INFO - Checking cache for ann with key: ann_[]_-2982616858656758741
2025-11-19 22:53:06,378 - model - INFO - Cache miss for ann - training new model
2025-11-19 22:54:46,388 - model - INFO - Checking cache for ann with key: ann_[]_-4233785248743241304
2025-11-19 22:54:46,388 - model - INFO - Cache miss for ann - training new model
2025-11-19 22:54:46,389 - model - INFO - Applied StandardScaler to features for ann (ANN)
2025-11-19 22:54:46,390 - model - INFO - Training ann model with params: {}
2025-11-19 22:54:47,710 - model - INFO - Stored trained model with ID: ann_0
2025-11-19 22:54:52,258 - model - WARNING - Failed to cache model object for ann_0: module 'joblib' has no attribute 'dumps'
2025-11-19 22:54:52,259 - model - INFO - Model ann trained successfully. CV Score: 27369610.5717
2025-11-19 22:54:52,261 - model - INFO - Model ann_0 evaluation completed. Score: 0.8100
2025-11-19 22:54:52,342 - model - INFO - Starting hyperparameter tuning for ann
2025-11-19 22:55:47,147 - model - INFO - Tuning completed. Best score: 68766.7374, Overfitting risk: low
2025-11-19 22:55:47,148 - model - INFO - Checking cache for ann with key: ann_[('activation', 'relu'), ('alpha', 0.001), ('hidden_layer_sizes', (100,)), ('learning_rate_init', 0.01), ('max_iter', 500)]_-4233785248743241304
2025-11-19 22:55:47,148 - model - INFO - Cache miss for ann - training new model
2025-11-19 22:55:47,149 - model - INFO - Applied StandardScaler to features for ann (ANN)
2025-11-19 22:55:47,149 - model - INFO - Training ann model with params: {'activation': 'relu', 'alpha': 0.001, 'hidden_layer_sizes': (100,), 'learning_rate_init': 0.01, 'max_iter': 500}
2025-11-19 22:55:49,737 - model - INFO - Stored trained model with ID: ann_0
2025-11-19 22:56:00,249 - model - WARNING - Failed to cache model object for ann_0: module 'joblib' has no attribute 'dumps'
2025-11-19 22:56:00,249 - model - INFO - Model ann trained successfully. CV Score: 108607.4004
2025-11-19 22:56:00,321 - model - INFO - Checking cache for linear with key: linear_[]_-4233785248743241304
2025-11-19 22:56:00,321 - model - INFO - Using cached results for linear
2025-11-19 22:56:00,321 - model - INFO - Model object not cached, retraining linear
2025-11-19 22:56:00,325 - model - INFO - Applied RobustScaler to features for linear
2025-11-19 22:56:00,325 - model - INFO - Training linear model with params: {}
2025-11-19 22:56:00,333 - model - INFO - Stored trained model with ID: linear_0
2025-11-19 22:56:00,388 - model - WARNING - Failed to cache model object for linear_0: module 'joblib' has no attribute 'dumps'
2025-11-19 22:56:00,388 - model - INFO - Model linear trained successfully. CV Score: 11212237.0290
2025-11-19 22:56:00,388 - model - INFO - Checking cache for decision_tree with key: decision_tree_[('max_depth', 10), ('max_features', 'sqrt'), ('min_samples_leaf', 2), ('min_samples_split', 5)]_-4233785248743241304
2025-11-19 22:56:00,388 - model - INFO - Using cached results for decision_tree
2025-11-19 22:56:00,388 - model - INFO - Model object not cached, retraining decision_tree
2025-11-19 22:56:00,388 - model - INFO - Training decision_tree model with params: {'max_depth': 10, 'min_samples_split': 5, 'min_samples_leaf': 2, 'max_features': 'sqrt'}
2025-11-19 22:56:10,952 - model - INFO - Stored trained model with ID: decision_tree_1
2025-11-19 22:56:11,024 - model - WARNING - Failed to cache model object for decision_tree_1: module 'joblib' has no attribute 'dumps'
2025-11-19 22:56:11,024 - model - INFO - Model decision_tree trained successfully. CV Score: 8350075.4020
2025-11-19 22:56:11,024 - model - INFO - Checking cache for KNN with key: KNN_[]_-4233785248743241304
2025-11-19 22:56:11,024 - model - INFO - Cache feature mismatch, retraining KNN
2025-11-19 22:56:11,027 - model - INFO - Applied RobustScaler to features for KNN
2025-11-19 22:56:11,027 - model - INFO - Training KNN model with params: {}
2025-11-19 22:56:11,030 - model - INFO - Stored trained model with ID: KNN_2
2025-11-19 22:56:11,241 - model - INFO - KNN Validation: Optimal K=5, CV Score=7046778.3854
2025-11-19 22:56:11,274 - model - WARNING - Failed to cache model object for KNN_2: module 'joblib' has no attribute 'dumps'
2025-11-19 22:56:11,274 - model - INFO - Model KNN trained successfully. CV Score: 7046778.3854
2025-11-19 22:56:11,274 - model - INFO - Checking cache for ann with key: ann_[]_-4233785248743241304
2025-11-19 22:56:11,274 - model - INFO - Using cached results for ann
2025-11-19 22:56:11,274 - model - INFO - Model object not cached, retraining ann
2025-11-19 22:56:11,275 - model - INFO - Applied StandardScaler to features for ann (ANN)
2025-11-19 22:56:11,275 - model - INFO - Training ann model with params: {}
2025-11-19 22:56:12,346 - model - INFO - Stored trained model with ID: ann_3
2025-11-19 22:56:17,099 - model - WARNING - Failed to cache model object for ann_3: module 'joblib' has no attribute 'dumps'
2025-11-19 22:56:17,099 - model - INFO - Model ann trained successfully. CV Score: 27369610.5717
2025-11-19 22:56:17,101 - model - INFO - Model linear_0 evaluation completed. Score: 0.3482
2025-11-19 22:56:17,102 - model - INFO - Model decision_tree_1 evaluation completed. Score: 0.7893
2025-11-19 22:56:17,133 - model - INFO - Model KNN_2 evaluation completed. Score: 0.8204
2025-11-19 22:56:17,136 - model - INFO - Model ann_3 evaluation completed. Score: 0.8100
2025-11-19 22:56:17,216 - model - INFO - Checking cache for ann with key: ann_[]_-4233785248743241304
2025-11-19 22:56:17,216 - model - INFO - Using cached results for ann
2025-11-19 22:56:17,216 - model - INFO - Model object not cached, retraining ann
2025-11-19 22:56:17,217 - model - INFO - Applied StandardScaler to features for ann (ANN)
2025-11-19 22:56:17,217 - model - INFO - Training ann model with params: {}
2025-11-19 22:56:18,302 - model - INFO - Stored trained model with ID: ann_0
2025-11-19 22:56:22,748 - model - WARNING - Failed to cache model object for ann_0: module 'joblib' has no attribute 'dumps'
2025-11-19 22:56:22,748 - model - INFO - Model ann trained successfully. CV Score: 27369610.5717
2025-11-19 22:56:22,748 - model - ERROR - Model ann_0 is not a KNN model
2025-11-19 22:56:44,827 - model - INFO - Checking cache for ann with key: ann_[('hidden_layer_sizes', (50,)), ('max_iter', 100), ('random_state', 42)]_6310525284196770421
2025-11-19 22:56:44,827 - model - INFO - Cache miss for ann - training new model
2025-11-19 22:56:44,828 - model - INFO - Applied StandardScaler to features for ann (ANN)
2025-11-19 22:57:05,831 - model - INFO - Checking cache for ann with key: ann_[('hidden_layer_sizes', (50,)), ('max_iter', 100), ('random_state', 42)]_4188169356695573542
2025-11-19 22:57:05,832 - model - INFO - Cache miss for ann - training new model
2025-11-19 22:57:05,833 - model - INFO - Applied StandardScaler to features for ann (ANN)
2025-11-19 22:57:05,833 - model - INFO - Training ann model with params: {'hidden_layer_sizes': (50,), 'max_iter': 100, 'random_state': 42}
2025-11-19 22:57:06,228 - model - INFO - Stored trained model with ID: ann_0
2025-11-19 22:57:07,890 - model - WARNING - Failed to cache model object for ann_0: module 'joblib' has no attribute 'dumps'
2025-11-19 22:57:07,890 - model - INFO - Model ann trained successfully. CV Score: 121201866.5299
2025-11-19 22:57:07,893 - model - INFO - Model ann_0 evaluation completed. Score: -0.5899
2025-11-19 23:09:31,146 - model - INFO - Checking cache for linear with key: linear_[('fit_intercept', True), ('polynomial_degree', 1)]_1564307033289975236
2025-11-19 23:09:31,149 - model - INFO - Using cached results for linear
2025-11-19 23:09:31,150 - model - INFO - Model object not cached, retraining linear
2025-11-19 23:09:31,153 - model - INFO - Applied RobustScaler to features for linear
2025-11-19 23:09:31,153 - model - INFO - Training linear model with params: {'fit_intercept': True, 'polynomial_degree': 1}
2025-11-19 23:09:31,158 - model - INFO - Stored trained model with ID: linear_0
2025-11-19 23:09:31,180 - model - WARNING - Failed to cache model object for linear_0: module 'joblib' has no attribute 'dumps'
2025-11-19 23:09:31,181 - model - INFO - Model linear trained successfully. CV Score: 11212237.0290
2025-11-19 23:09:32,845 - model - INFO - Checking cache for ridge with key: ridge_[('alpha', 0.001), ('fit_intercept', True), ('polynomial_degree', 1), ('solver', 'auto')]_1564307033289975236
2025-11-19 23:09:32,845 - model - INFO - Using cached results for ridge
2025-11-19 23:09:32,846 - model - INFO - Model object not cached, retraining ridge
2025-11-19 23:09:32,848 - model - INFO - Applied RobustScaler to features for ridge
2025-11-19 23:09:32,848 - model - INFO - Training ridge model with params: {'alpha': 0.001, 'fit_intercept': True, 'polynomial_degree': 1, 'solver': 'auto'}
2025-11-19 23:09:32,851 - model - INFO - Stored trained model with ID: ridge_1
2025-11-19 23:09:32,870 - model - WARNING - Failed to cache model object for ridge_1: module 'joblib' has no attribute 'dumps'
2025-11-19 23:09:32,870 - model - INFO - Model ridge trained successfully. CV Score: 11212236.7833
2025-11-19 23:09:34,006 - model - INFO - Checking cache for lasso with key: lasso_[('alpha', 0.001), ('fit_intercept', True), ('max_iter', 1000), ('polynomial_degree', 1), ('selection', 'cyclic')]_1564307033289975236
2025-11-19 23:09:34,007 - model - INFO - Using cached results for lasso
2025-11-19 23:09:34,007 - model - INFO - Model object not cached, retraining lasso
2025-11-19 23:09:34,010 - model - INFO - Applied RobustScaler to features for lasso
2025-11-19 23:09:34,010 - model - INFO - Training lasso model with params: {'alpha': 0.001, 'fit_intercept': True, 'polynomial_degree': 1, 'selection': 'cyclic', 'max_iter': 1000}
2025-11-19 23:09:34,042 - model - INFO - Stored trained model with ID: lasso_2
2025-11-19 23:09:34,172 - model - WARNING - Failed to cache model object for lasso_2: module 'joblib' has no attribute 'dumps'
2025-11-19 23:09:34,172 - model - INFO - Model lasso trained successfully. CV Score: 11212236.7357
2025-11-19 23:09:37,481 - model - INFO - Checking cache for decision_tree with key: decision_tree_[('ccp_alpha', 0.0), ('criterion', 'squared_error'), ('max_depth', 10), ('max_features', 'sqrt'), ('min_samples_leaf', 1), ('min_samples_split', 2), ('splitter', 'best')]_1564307033289975236
2025-11-19 23:09:37,481 - model - INFO - Using cached results for decision_tree
2025-11-19 23:09:37,481 - model - INFO - Model object not cached, retraining decision_tree
2025-11-19 23:09:37,482 - model - INFO - Training decision_tree model with params: {'max_depth': 10, 'min_samples_split': 2, 'min_samples_leaf': 1, 'max_features': 'sqrt', 'criterion': 'squared_error', 'ccp_alpha': 0.0, 'splitter': 'best'}
2025-11-19 23:09:50,531 - model - INFO - Stored trained model with ID: decision_tree_3
2025-11-19 23:09:50,581 - model - WARNING - Failed to cache model object for decision_tree_3: module 'joblib' has no attribute 'dumps'
2025-11-19 23:09:50,581 - model - INFO - Model decision_tree trained successfully. CV Score: 8854333.7443
2025-11-19 23:09:52,347 - model - INFO - Checking cache for random_forest with key: random_forest_[('bootstrap', True), ('ccp_alpha', 0.0), ('criterion', 'squared_error'), ('max_depth', 10), ('max_features', 'sqrt'), ('max_samples', None), ('min_impurity_decrease', 0.0), ('min_samples_leaf', 1), ('min_samples_split', 2), ('n_estimators', 100)]_1564307033289975236
2025-11-19 23:09:52,348 - model - INFO - Using cached results for random_forest
2025-11-19 23:09:52,348 - model - INFO - Model object not cached, retraining random_forest
2025-11-19 23:09:52,348 - model - INFO - Training random_forest model with params: {'n_estimators': 100, 'max_depth': 10, 'min_samples_split': 2, 'min_samples_leaf': 1, 'max_features': 'sqrt', 'bootstrap': True, 'criterion': 'squared_error', 'ccp_alpha': 0.0, 'max_samples': None, 'min_impurity_decrease': 0.0}
2025-11-19 23:09:52,776 - model - INFO - Applied bootstrap sampling with max_samples=None
2025-11-19 23:09:52,777 - model - INFO - Stored trained model with ID: random_forest_4
2025-11-19 23:09:54,646 - model - WARNING - Failed to cache model object for random_forest_4: module 'joblib' has no attribute 'dumps'
2025-11-19 23:09:54,646 - model - INFO - Model random_forest trained successfully. CV Score: 2036000.2735
2025-11-19 23:10:29,532 - model - INFO - Checking cache for KNN with key: KNN_[('algorithm', 'auto'), ('metric', 'euclidean'), ('n_neighbors', 3), ('p', 1), ('weights', 'uniform')]_1564307033289975236
2025-11-19 23:10:29,534 - model - INFO - Using cached results for KNN
2025-11-19 23:10:29,535 - model - INFO - Model object not cached, retraining KNN
2025-11-19 23:10:29,538 - model - INFO - Applied RobustScaler to features for KNN
2025-11-19 23:10:29,539 - model - INFO - Training KNN model with params: {'n_neighbors': 3, 'metric': 'euclidean', 'weights': 'uniform', 'algorithm': 'auto', 'p': 1}
2025-11-19 23:10:29,542 - model - INFO - Stored trained model with ID: KNN_5
2025-11-19 23:10:29,735 - model - INFO - KNN Validation: Optimal K=3, CV Score=8040551.0352
2025-11-19 23:10:29,736 - model - WARNING - Failed to cache model object for KNN_5: module 'joblib' has no attribute 'dumps'
2025-11-19 23:10:29,736 - model - INFO - Model KNN trained successfully. CV Score: 8040551.0352
2025-11-19 23:10:34,771 - model - INFO - Model linear_0 evaluation completed. Score: 0.8572
2025-11-19 23:10:34,773 - model - INFO - Model ridge_1 evaluation completed. Score: 0.8572
2025-11-19 23:10:34,774 - model - INFO - Model lasso_2 evaluation completed. Score: 0.8572
2025-11-19 23:10:34,775 - model - INFO - Model decision_tree_3 evaluation completed. Score: 0.9162
2025-11-19 23:10:34,790 - model - INFO - Model random_forest_4 evaluation completed. Score: 0.9741
2025-11-19 23:10:34,817 - model - INFO - Model KNN_5 evaluation completed. Score: 0.8009
2025-11-19 23:10:34,817 - model - INFO - Starting comprehensive model comparison with 6 models
2025-11-19 23:10:34,817 - model - INFO - Training and evaluating linear
2025-11-19 23:10:34,817 - model - INFO - Checking cache for linear with key: linear_[]_1564307033289975236
2025-11-19 23:10:34,818 - model - INFO - Using cached results for linear
2025-11-19 23:10:34,818 - model - INFO - Model object not cached, retraining linear
2025-11-19 23:10:34,819 - model - INFO - Applied RobustScaler to features for linear
2025-11-19 23:10:34,819 - model - INFO - Training linear model with params: {}
2025-11-19 23:10:34,820 - model - INFO - Stored trained model with ID: linear_6
2025-11-19 23:10:34,833 - model - WARNING - Failed to cache model object for linear_6: module 'joblib' has no attribute 'dumps'
2025-11-19 23:10:34,833 - model - INFO - Model linear trained successfully. CV Score: 11334988.6883
2025-11-19 23:10:35,774 - model - INFO - Completed evaluation for linear: R² = 0.4446
2025-11-19 23:10:35,774 - model - INFO - Training and evaluating ridge
2025-11-19 23:10:35,774 - model - INFO - Checking cache for ridge with key: ridge_[]_1564307033289975236
2025-11-19 23:10:35,775 - model - INFO - Using cached results for ridge
2025-11-19 23:10:35,775 - model - INFO - Model object not cached, retraining ridge
2025-11-19 23:10:35,776 - model - INFO - Applied RobustScaler to features for ridge
2025-11-19 23:10:35,776 - model - INFO - Training ridge model with params: {}
2025-11-19 23:10:35,777 - model - INFO - Stored trained model with ID: ridge_7
2025-11-19 23:10:35,790 - model - WARNING - Failed to cache model object for ridge_7: module 'joblib' has no attribute 'dumps'
2025-11-19 23:10:35,790 - model - INFO - Model ridge trained successfully. CV Score: 11330376.8985
2025-11-19 23:10:36,611 - model - INFO - Completed evaluation for ridge: R² = 0.4538
2025-11-19 23:10:36,611 - model - INFO - Training and evaluating lasso
2025-11-19 23:10:36,611 - model - INFO - Checking cache for lasso with key: lasso_[]_1564307033289975236
2025-11-19 23:10:36,611 - model - INFO - Using cached results for lasso
2025-11-19 23:10:36,611 - model - INFO - Model object not cached, retraining lasso
2025-11-19 23:10:36,613 - model - INFO - Applied RobustScaler to features for lasso
2025-11-19 23:10:36,613 - model - INFO - Training lasso model with params: {}
2025-11-19 23:10:36,616 - model - INFO - Stored trained model with ID: lasso_8
2025-11-19 23:10:36,632 - model - WARNING - Failed to cache model object for lasso_8: module 'joblib' has no attribute 'dumps'
2025-11-19 23:10:36,632 - model - INFO - Model lasso trained successfully. CV Score: 11334116.2622
2025-11-19 23:10:37,572 - model - INFO - Completed evaluation for lasso: R² = 0.4457
2025-11-19 23:10:37,572 - model - INFO - Training and evaluating decision_tree
2025-11-19 23:10:37,572 - model - INFO - Checking cache for decision_tree with key: decision_tree_[('max_depth', 10), ('max_features', 'sqrt'), ('min_samples_leaf', 2), ('min_samples_split', 5)]_1564307033289975236
2025-11-19 23:10:37,572 - model - INFO - Using cached results for decision_tree
2025-11-19 23:10:37,572 - model - INFO - Model object not cached, retraining decision_tree
2025-11-19 23:10:37,573 - model - INFO - Training decision_tree model with params: {'max_depth': 10, 'min_samples_split': 5, 'min_samples_leaf': 2, 'max_features': 'sqrt'}
2025-11-19 23:10:38,331 - model - INFO - Stored trained model with ID: decision_tree_9
2025-11-19 23:10:38,343 - model - WARNING - Failed to cache model object for decision_tree_9: module 'joblib' has no attribute 'dumps'
2025-11-19 23:10:38,343 - model - INFO - Model decision_tree trained successfully. CV Score: 11583431.5800
2025-11-19 23:10:39,235 - model - INFO - Completed evaluation for decision_tree: R² = 0.9587
2025-11-19 23:10:39,235 - model - INFO - Training and evaluating random_forest
2025-11-19 23:10:39,235 - model - INFO - Checking cache for random_forest with key: random_forest_[('bootstrap', True), ('max_depth', 10), ('max_features', 'sqrt'), ('max_samples', 0.5), ('min_samples_leaf', 2), ('min_samples_split', 5), ('n_estimators', 100)]_1564307033289975236
2025-11-19 23:10:39,235 - model - INFO - Using cached results for random_forest
2025-11-19 23:10:39,236 - model - INFO - Model object not cached, retraining random_forest
2025-11-19 23:10:39,236 - model - INFO - Training random_forest model with params: {'max_depth': 10, 'min_samples_split': 5, 'min_samples_leaf': 2, 'max_features': 'sqrt', 'n_estimators': 100, 'bootstrap': True, 'max_samples': 0.5}
2025-11-19 23:10:39,322 - model - INFO - Applied bootstrap sampling with max_samples=795
2025-11-19 23:10:39,322 - model - INFO - Stored trained model with ID: random_forest_10
2025-11-19 23:10:39,765 - model - WARNING - Failed to cache model object for random_forest_10: module 'joblib' has no attribute 'dumps'
2025-11-19 23:10:39,765 - model - INFO - Model random_forest trained successfully. CV Score: 4633745.8637
2025-11-19 23:10:47,315 - model - INFO - Completed evaluation for random_forest: R² = 0.9718
2025-11-19 23:10:47,316 - model - INFO - Training and evaluating KNN
2025-11-19 23:10:47,316 - model - INFO - Starting hyperparameter tuning for KNN
2025-11-19 23:10:52,032 - model - INFO - Tuning completed. Best score: 10699451.8847, Overfitting risk: low
2025-11-19 23:10:52,032 - model - INFO - Checking cache for KNN with key: KNN_[('algorithm', 'auto'), ('metric', 'manhattan'), ('n_neighbors', 7), ('p', 1), ('weights', 'distance')]_1564307033289975236
2025-11-19 23:10:52,034 - model - INFO - Using cached results for KNN
2025-11-19 23:10:52,034 - model - INFO - Model object not cached, retraining KNN
2025-11-19 23:10:52,036 - model - INFO - Applied RobustScaler to features for KNN
2025-11-19 23:10:52,036 - model - INFO - Training KNN model with params: {'algorithm': 'auto', 'metric': 'manhattan', 'n_neighbors': 7, 'p': 1, 'weights': 'distance'}
2025-11-19 23:10:52,036 - model - INFO - Stored trained model with ID: KNN_11
2025-11-19 23:10:52,078 - model - INFO - KNN Validation: Optimal K=7, CV Score=10699451.8847
2025-11-19 23:10:52,101 - model - WARNING - Failed to cache model object for KNN_11: module 'joblib' has no attribute 'dumps'
2025-11-19 23:10:52,101 - model - INFO - Model KNN trained successfully. CV Score: 10699451.8847
2025-11-19 23:10:54,542 - model - INFO - Completed evaluation for KNN: R² = 0.8475
2025-11-19 23:10:55,020 - model - INFO - Generated model comparison visualizations: ['model_comparison', 'knn_comparison']
2025-11-19 23:10:55,022 - model - INFO - Saved model comparison report to reports/model_comparison_report_20251119_231055.json
2025-11-19 23:10:55,022 - model - INFO - Model comparison completed. Best model: random_forest (R² = 0.9718)
2025-11-19 23:13:08,526 - model - INFO - Checking cache for linear with key: linear_[('fit_intercept', True), ('polynomial_degree', 1)]_4596605613666988001
2025-11-19 23:13:08,527 - model - INFO - Using cached results for linear
2025-11-19 23:13:08,527 - model - INFO - Model object not cached, retraining linear
2025-11-19 23:13:08,530 - model - INFO - Applied RobustScaler to features for linear
2025-11-19 23:13:08,530 - model - INFO - Training linear model with params: {'fit_intercept': True, 'polynomial_degree': 1}
2025-11-19 23:13:08,532 - model - INFO - Stored trained model with ID: linear_0
2025-11-19 23:13:08,552 - model - WARNING - Failed to cache model object for linear_0: module 'joblib' has no attribute 'dumps'
2025-11-19 23:13:08,552 - model - INFO - Model linear trained successfully. CV Score: 11212237.0290
2025-11-19 23:13:10,109 - model - INFO - Checking cache for ridge with key: ridge_[('alpha', 0.001), ('fit_intercept', True), ('polynomial_degree', 1), ('solver', 'auto')]_4596605613666988001
2025-11-19 23:13:10,110 - model - INFO - Using cached results for ridge
2025-11-19 23:13:10,110 - model - INFO - Model object not cached, retraining ridge
2025-11-19 23:13:10,113 - model - INFO - Applied RobustScaler to features for ridge
2025-11-19 23:13:10,113 - model - INFO - Training ridge model with params: {'alpha': 0.001, 'fit_intercept': True, 'polynomial_degree': 1, 'solver': 'auto'}
2025-11-19 23:13:10,114 - model - INFO - Stored trained model with ID: ridge_1
2025-11-19 23:13:10,134 - model - WARNING - Failed to cache model object for ridge_1: module 'joblib' has no attribute 'dumps'
2025-11-19 23:13:10,134 - model - INFO - Model ridge trained successfully. CV Score: 11212236.7833
2025-11-19 23:13:11,225 - model - INFO - Checking cache for lasso with key: lasso_[('alpha', 0.001), ('fit_intercept', True), ('max_iter', 1000), ('polynomial_degree', 1), ('selection', 'cyclic')]_4596605613666988001
2025-11-19 23:13:11,225 - model - INFO - Using cached results for lasso
2025-11-19 23:13:11,225 - model - INFO - Model object not cached, retraining lasso
2025-11-19 23:13:11,228 - model - INFO - Applied RobustScaler to features for lasso
2025-11-19 23:13:11,228 - model - INFO - Training lasso model with params: {'alpha': 0.001, 'fit_intercept': True, 'polynomial_degree': 1, 'selection': 'cyclic', 'max_iter': 1000}
2025-11-19 23:13:11,258 - model - INFO - Stored trained model with ID: lasso_2
2025-11-19 23:13:11,390 - model - WARNING - Failed to cache model object for lasso_2: module 'joblib' has no attribute 'dumps'
2025-11-19 23:13:11,390 - model - INFO - Model lasso trained successfully. CV Score: 11212236.7357
2025-11-19 23:13:14,666 - model - INFO - Checking cache for decision_tree with key: decision_tree_[('ccp_alpha', 0.0), ('criterion', 'squared_error'), ('max_depth', 10), ('max_features', 'sqrt'), ('min_samples_leaf', 1), ('min_samples_split', 2), ('splitter', 'best')]_4596605613666988001
2025-11-19 23:13:14,666 - model - INFO - Using cached results for decision_tree
2025-11-19 23:13:14,667 - model - INFO - Model object not cached, retraining decision_tree
2025-11-19 23:13:14,667 - model - INFO - Training decision_tree model with params: {'max_depth': 10, 'min_samples_split': 2, 'min_samples_leaf': 1, 'max_features': 'sqrt', 'criterion': 'squared_error', 'ccp_alpha': 0.0, 'splitter': 'best'}
2025-11-19 23:13:28,002 - model - INFO - Stored trained model with ID: decision_tree_3
2025-11-19 23:13:28,059 - model - WARNING - Failed to cache model object for decision_tree_3: module 'joblib' has no attribute 'dumps'
2025-11-19 23:13:28,060 - model - INFO - Model decision_tree trained successfully. CV Score: 8854333.7443
2025-11-19 23:13:29,551 - model - INFO - Checking cache for random_forest with key: random_forest_[('bootstrap', True), ('ccp_alpha', 0.0), ('criterion', 'squared_error'), ('max_depth', 10), ('max_features', 'sqrt'), ('max_samples', None), ('min_impurity_decrease', 0.0), ('min_samples_leaf', 1), ('min_samples_split', 2), ('n_estimators', 100)]_4596605613666988001
2025-11-19 23:13:29,554 - model - INFO - Using cached results for random_forest
2025-11-19 23:13:29,554 - model - INFO - Model object not cached, retraining random_forest
2025-11-19 23:13:29,554 - model - INFO - Training random_forest model with params: {'n_estimators': 100, 'max_depth': 10, 'min_samples_split': 2, 'min_samples_leaf': 1, 'max_features': 'sqrt', 'bootstrap': True, 'criterion': 'squared_error', 'ccp_alpha': 0.0, 'max_samples': None, 'min_impurity_decrease': 0.0}
2025-11-19 23:13:29,978 - model - INFO - Applied bootstrap sampling with max_samples=None
2025-11-19 23:13:29,979 - model - INFO - Stored trained model with ID: random_forest_4
2025-11-19 23:13:31,833 - model - WARNING - Failed to cache model object for random_forest_4: module 'joblib' has no attribute 'dumps'
2025-11-19 23:13:31,833 - model - INFO - Model random_forest trained successfully. CV Score: 2036000.2735
2025-11-19 23:14:08,398 - model - INFO - Checking cache for KNN with key: KNN_[('algorithm', 'auto'), ('metric', 'euclidean'), ('n_neighbors', 3), ('p', 1), ('weights', 'uniform')]_4596605613666988001
2025-11-19 23:14:08,398 - model - INFO - Using cached results for KNN
2025-11-19 23:14:08,399 - model - INFO - Model object not cached, retraining KNN
2025-11-19 23:14:08,403 - model - INFO - Applied RobustScaler to features for KNN
2025-11-19 23:14:08,403 - model - INFO - Training KNN model with params: {'n_neighbors': 3, 'metric': 'euclidean', 'weights': 'uniform', 'algorithm': 'auto', 'p': 1}
2025-11-19 23:14:08,407 - model - INFO - Stored trained model with ID: KNN_5
2025-11-19 23:14:08,607 - model - INFO - KNN Validation: Optimal K=3, CV Score=8040551.0352
2025-11-19 23:14:08,608 - model - WARNING - Failed to cache model object for KNN_5: module 'joblib' has no attribute 'dumps'
2025-11-19 23:14:08,608 - model - INFO - Model KNN trained successfully. CV Score: 8040551.0352
2025-11-19 23:14:14,851 - model - INFO - Model linear_0 evaluation completed. Score: 0.8572
2025-11-19 23:14:14,852 - model - INFO - Model ridge_1 evaluation completed. Score: 0.8572
2025-11-19 23:14:14,853 - model - INFO - Model lasso_2 evaluation completed. Score: 0.8572
2025-11-19 23:14:14,854 - model - INFO - Model decision_tree_3 evaluation completed. Score: 0.9162
2025-11-19 23:14:14,866 - model - INFO - Model random_forest_4 evaluation completed. Score: 0.9741
2025-11-19 23:14:14,893 - model - INFO - Model KNN_5 evaluation completed. Score: 0.8009
2025-11-19 23:14:14,893 - model - INFO - Starting comprehensive model comparison with 6 models
2025-11-19 23:14:14,893 - model - INFO - Training and evaluating linear
2025-11-19 23:14:14,893 - model - INFO - Checking cache for linear with key: linear_[]_4596605613666988001
2025-11-19 23:14:14,893 - model - INFO - Using cached results for linear
2025-11-19 23:14:14,893 - model - INFO - Model object not cached, retraining linear
2025-11-19 23:14:14,895 - model - INFO - Applied RobustScaler to features for linear
2025-11-19 23:14:14,895 - model - INFO - Training linear model with params: {}
2025-11-19 23:14:14,896 - model - INFO - Stored trained model with ID: linear_6
2025-11-19 23:14:14,910 - model - WARNING - Failed to cache model object for linear_6: module 'joblib' has no attribute 'dumps'
2025-11-19 23:14:14,910 - model - INFO - Model linear trained successfully. CV Score: 11334988.6883
2025-11-19 23:14:15,704 - model - INFO - Completed evaluation for linear: R² = 0.4446
2025-11-19 23:14:15,704 - model - INFO - Training and evaluating ridge
2025-11-19 23:14:15,704 - model - INFO - Checking cache for ridge with key: ridge_[]_4596605613666988001
2025-11-19 23:14:15,704 - model - INFO - Using cached results for ridge
2025-11-19 23:14:15,705 - model - INFO - Model object not cached, retraining ridge
2025-11-19 23:14:15,706 - model - INFO - Applied RobustScaler to features for ridge
2025-11-19 23:14:15,706 - model - INFO - Training ridge model with params: {}
2025-11-19 23:14:15,707 - model - INFO - Stored trained model with ID: ridge_7
2025-11-19 23:14:15,722 - model - WARNING - Failed to cache model object for ridge_7: module 'joblib' has no attribute 'dumps'
2025-11-19 23:14:15,722 - model - INFO - Model ridge trained successfully. CV Score: 11330376.8985
2025-11-19 23:14:16,390 - model - INFO - Completed evaluation for ridge: R² = 0.4538
2025-11-19 23:14:16,390 - model - INFO - Training and evaluating lasso
2025-11-19 23:14:16,390 - model - INFO - Checking cache for lasso with key: lasso_[]_4596605613666988001
2025-11-19 23:14:16,390 - model - INFO - Using cached results for lasso
2025-11-19 23:14:16,390 - model - INFO - Model object not cached, retraining lasso
2025-11-19 23:14:16,392 - model - INFO - Applied RobustScaler to features for lasso
2025-11-19 23:14:16,392 - model - INFO - Training lasso model with params: {}
2025-11-19 23:14:16,394 - model - INFO - Stored trained model with ID: lasso_8
2025-11-19 23:14:16,411 - model - WARNING - Failed to cache model object for lasso_8: module 'joblib' has no attribute 'dumps'
2025-11-19 23:14:16,411 - model - INFO - Model lasso trained successfully. CV Score: 11334116.2622
2025-11-19 23:14:17,186 - model - INFO - Completed evaluation for lasso: R² = 0.4457
2025-11-19 23:14:17,186 - model - INFO - Training and evaluating decision_tree
2025-11-19 23:14:17,186 - model - INFO - Checking cache for decision_tree with key: decision_tree_[('max_depth', 10), ('max_features', 'sqrt'), ('min_samples_leaf', 2), ('min_samples_split', 5)]_4596605613666988001
2025-11-19 23:14:17,186 - model - INFO - Using cached results for decision_tree
2025-11-19 23:14:17,186 - model - INFO - Model object not cached, retraining decision_tree
2025-11-19 23:14:17,186 - model - INFO - Training decision_tree model with params: {'max_depth': 10, 'min_samples_split': 5, 'min_samples_leaf': 2, 'max_features': 'sqrt'}
2025-11-19 23:14:17,985 - model - INFO - Stored trained model with ID: decision_tree_9
2025-11-19 23:14:17,999 - model - WARNING - Failed to cache model object for decision_tree_9: module 'joblib' has no attribute 'dumps'
2025-11-19 23:14:17,999 - model - INFO - Model decision_tree trained successfully. CV Score: 11583431.5800
2025-11-19 23:14:18,749 - model - INFO - Completed evaluation for decision_tree: R² = 0.9587
2025-11-19 23:14:18,749 - model - INFO - Training and evaluating random_forest
2025-11-19 23:14:18,749 - model - INFO - Checking cache for random_forest with key: random_forest_[('bootstrap', True), ('max_depth', 10), ('max_features', 'sqrt'), ('max_samples', 0.5), ('min_samples_leaf', 2), ('min_samples_split', 5), ('n_estimators', 100)]_4596605613666988001
2025-11-19 23:14:18,749 - model - INFO - Using cached results for random_forest
2025-11-19 23:14:18,749 - model - INFO - Model object not cached, retraining random_forest
2025-11-19 23:14:18,750 - model - INFO - Training random_forest model with params: {'max_depth': 10, 'min_samples_split': 5, 'min_samples_leaf': 2, 'max_features': 'sqrt', 'n_estimators': 100, 'bootstrap': True, 'max_samples': 0.5}
2025-11-19 23:14:18,834 - model - INFO - Applied bootstrap sampling with max_samples=795
2025-11-19 23:14:18,834 - model - INFO - Stored trained model with ID: random_forest_10
2025-11-19 23:14:19,273 - model - WARNING - Failed to cache model object for random_forest_10: module 'joblib' has no attribute 'dumps'
2025-11-19 23:14:19,273 - model - INFO - Model random_forest trained successfully. CV Score: 4633745.8637
2025-11-19 23:14:26,986 - model - INFO - Completed evaluation for random_forest: R² = 0.9718
2025-11-19 23:14:26,986 - model - INFO - Training and evaluating KNN
2025-11-19 23:14:26,986 - model - INFO - Starting hyperparameter tuning for KNN
2025-11-19 23:14:33,089 - model - INFO - Tuning completed. Best score: 10699451.8847, Overfitting risk: low
2025-11-19 23:14:33,090 - model - INFO - Checking cache for KNN with key: KNN_[('algorithm', 'auto'), ('metric', 'manhattan'), ('n_neighbors', 7), ('p', 1), ('weights', 'distance')]_4596605613666988001
2025-11-19 23:14:33,091 - model - INFO - Using cached results for KNN
2025-11-19 23:14:33,091 - model - INFO - Model object not cached, retraining KNN
2025-11-19 23:14:33,094 - model - INFO - Applied RobustScaler to features for KNN
2025-11-19 23:14:33,095 - model - INFO - Training KNN model with params: {'algorithm': 'auto', 'metric': 'manhattan', 'n_neighbors': 7, 'p': 1, 'weights': 'distance'}
2025-11-19 23:14:33,095 - model - INFO - Stored trained model with ID: KNN_11
2025-11-19 23:14:33,146 - model - INFO - KNN Validation: Optimal K=7, CV Score=10699451.8847
2025-11-19 23:14:33,147 - model - WARNING - Failed to cache model object for KNN_11: module 'joblib' has no attribute 'dumps'
2025-11-19 23:14:33,147 - model - INFO - Model KNN trained successfully. CV Score: 10699451.8847
2025-11-19 23:14:35,373 - model - INFO - Completed evaluation for KNN: R² = 0.8475
2025-11-19 23:14:35,577 - model - ERROR - Failed to generate model comparison visualizations: [Errno 2] No such file or directory: 'visualizations/model_comparison_with_knn.png'
2025-11-19 23:14:35,581 - model - INFO - Saved model comparison report to reports/model_comparison_report_20251119_231435.json
2025-11-19 23:14:35,581 - model - INFO - Model comparison completed. Best model: random_forest (R² = 0.9718)
2025-11-19 23:14:42,211 - model - INFO - Checking cache for linear with key: linear_[('fit_intercept', True), ('polynomial_degree', 1)]_4596605613666988001
2025-11-19 23:14:42,212 - model - INFO - Using cached results for linear
2025-11-19 23:14:42,212 - model - INFO - Model object not cached, retraining linear
2025-11-19 23:14:42,215 - model - INFO - Applied RobustScaler to features for linear
2025-11-19 23:14:42,215 - model - INFO - Training linear model with params: {'fit_intercept': True, 'polynomial_degree': 1}
2025-11-19 23:14:42,217 - model - INFO - Stored trained model with ID: linear_0
2025-11-19 23:14:42,239 - model - WARNING - Failed to cache model object for linear_0: module 'joblib' has no attribute 'dumps'
2025-11-19 23:14:42,239 - model - INFO - Model linear trained successfully. CV Score: 11212237.0290
2025-11-19 23:14:43,589 - model - INFO - Checking cache for ridge with key: ridge_[('alpha', 0.001), ('fit_intercept', True), ('polynomial_degree', 1), ('solver', 'auto')]_4596605613666988001
2025-11-19 23:14:43,589 - model - INFO - Using cached results for ridge
2025-11-19 23:14:43,590 - model - INFO - Model object not cached, retraining ridge
2025-11-19 23:14:43,593 - model - INFO - Applied RobustScaler to features for ridge
2025-11-19 23:14:43,593 - model - INFO - Training ridge model with params: {'alpha': 0.001, 'fit_intercept': True, 'polynomial_degree': 1, 'solver': 'auto'}
2025-11-19 23:14:43,594 - model - INFO - Stored trained model with ID: ridge_1
2025-11-19 23:14:43,615 - model - WARNING - Failed to cache model object for ridge_1: module 'joblib' has no attribute 'dumps'
2025-11-19 23:14:43,615 - model - INFO - Model ridge trained successfully. CV Score: 11212236.7833
2025-11-19 23:14:44,788 - model - INFO - Checking cache for lasso with key: lasso_[('alpha', 0.001), ('fit_intercept', True), ('max_iter', 1000), ('polynomial_degree', 1), ('selection', 'cyclic')]_4596605613666988001
2025-11-19 23:14:44,788 - model - INFO - Using cached results for lasso
2025-11-19 23:14:44,788 - model - INFO - Model object not cached, retraining lasso
2025-11-19 23:14:44,791 - model - INFO - Applied RobustScaler to features for lasso
2025-11-19 23:14:44,791 - model - INFO - Training lasso model with params: {'alpha': 0.001, 'fit_intercept': True, 'polynomial_degree': 1, 'selection': 'cyclic', 'max_iter': 1000}
2025-11-19 23:14:44,822 - model - INFO - Stored trained model with ID: lasso_2
2025-11-19 23:14:44,950 - model - WARNING - Failed to cache model object for lasso_2: module 'joblib' has no attribute 'dumps'
2025-11-19 23:14:44,950 - model - INFO - Model lasso trained successfully. CV Score: 11212236.7357
2025-11-19 23:14:48,402 - model - INFO - Checking cache for decision_tree with key: decision_tree_[('ccp_alpha', 0.0), ('criterion', 'squared_error'), ('max_depth', 10), ('max_features', 'sqrt'), ('min_samples_leaf', 1), ('min_samples_split', 2), ('splitter', 'best')]_4596605613666988001
2025-11-19 23:14:48,403 - model - INFO - Using cached results for decision_tree
2025-11-19 23:14:48,403 - model - INFO - Model object not cached, retraining decision_tree
2025-11-19 23:14:48,403 - model - INFO - Training decision_tree model with params: {'max_depth': 10, 'min_samples_split': 2, 'min_samples_leaf': 1, 'max_features': 'sqrt', 'criterion': 'squared_error', 'ccp_alpha': 0.0, 'splitter': 'best'}
2025-11-19 23:15:01,931 - model - INFO - Stored trained model with ID: decision_tree_3
2025-11-19 23:15:02,006 - model - WARNING - Failed to cache model object for decision_tree_3: module 'joblib' has no attribute 'dumps'
2025-11-19 23:15:02,006 - model - INFO - Model decision_tree trained successfully. CV Score: 8854333.7443
2025-11-19 23:15:03,694 - model - INFO - Checking cache for random_forest with key: random_forest_[('bootstrap', True), ('ccp_alpha', 0.0), ('criterion', 'squared_error'), ('max_depth', 10), ('max_features', 'sqrt'), ('max_samples', None), ('min_impurity_decrease', 0.0), ('min_samples_leaf', 1), ('min_samples_split', 2), ('n_estimators', 100)]_4596605613666988001
2025-11-19 23:15:03,694 - model - INFO - Using cached results for random_forest
2025-11-19 23:15:03,694 - model - INFO - Model object not cached, retraining random_forest
2025-11-19 23:15:03,695 - model - INFO - Training random_forest model with params: {'n_estimators': 100, 'max_depth': 10, 'min_samples_split': 2, 'min_samples_leaf': 1, 'max_features': 'sqrt', 'bootstrap': True, 'criterion': 'squared_error', 'ccp_alpha': 0.0, 'max_samples': None, 'min_impurity_decrease': 0.0}
2025-11-19 23:15:04,113 - model - INFO - Applied bootstrap sampling with max_samples=None
2025-11-19 23:15:04,113 - model - INFO - Stored trained model with ID: random_forest_4
2025-11-19 23:15:06,000 - model - WARNING - Failed to cache model object for random_forest_4: module 'joblib' has no attribute 'dumps'
2025-11-19 23:15:06,000 - model - INFO - Model random_forest trained successfully. CV Score: 2036000.2735
2025-11-19 23:15:45,130 - model - INFO - Checking cache for KNN with key: KNN_[('algorithm', 'auto'), ('metric', 'euclidean'), ('n_neighbors', 3), ('p', 1), ('weights', 'uniform')]_4596605613666988001
2025-11-19 23:15:45,131 - model - INFO - Using cached results for KNN
2025-11-19 23:15:45,131 - model - INFO - Model object not cached, retraining KNN
2025-11-19 23:15:45,136 - model - INFO - Applied RobustScaler to features for KNN
2025-11-19 23:15:45,136 - model - INFO - Training KNN model with params: {'n_neighbors': 3, 'metric': 'euclidean', 'weights': 'uniform', 'algorithm': 'auto', 'p': 1}
2025-11-19 23:15:45,138 - model - INFO - Stored trained model with ID: KNN_5
2025-11-19 23:15:45,344 - model - INFO - KNN Validation: Optimal K=3, CV Score=8040551.0352
2025-11-19 23:15:45,345 - model - WARNING - Failed to cache model object for KNN_5: module 'joblib' has no attribute 'dumps'
2025-11-19 23:15:45,345 - model - INFO - Model KNN trained successfully. CV Score: 8040551.0352
2025-11-19 23:15:50,335 - model - INFO - Model linear_0 evaluation completed. Score: 0.8572
2025-11-19 23:15:50,336 - model - INFO - Model ridge_1 evaluation completed. Score: 0.8572
2025-11-19 23:15:50,337 - model - INFO - Model lasso_2 evaluation completed. Score: 0.8572
2025-11-19 23:15:50,338 - model - INFO - Model decision_tree_3 evaluation completed. Score: 0.9162
2025-11-19 23:15:50,351 - model - INFO - Model random_forest_4 evaluation completed. Score: 0.9741
2025-11-19 23:15:50,378 - model - INFO - Model KNN_5 evaluation completed. Score: 0.8009
2025-11-19 23:15:50,378 - model - INFO - Starting comprehensive model comparison with 6 models
2025-11-19 23:15:50,378 - model - INFO - Training and evaluating linear
2025-11-19 23:15:50,378 - model - INFO - Checking cache for linear with key: linear_[]_4596605613666988001
2025-11-19 23:15:50,379 - model - INFO - Using cached results for linear
2025-11-19 23:15:50,379 - model - INFO - Model object not cached, retraining linear
2025-11-19 23:15:50,380 - model - INFO - Applied RobustScaler to features for linear
2025-11-19 23:15:50,380 - model - INFO - Training linear model with params: {}
2025-11-19 23:15:50,381 - model - INFO - Stored trained model with ID: linear_6
2025-11-19 23:15:50,394 - model - WARNING - Failed to cache model object for linear_6: module 'joblib' has no attribute 'dumps'
2025-11-19 23:15:50,394 - model - INFO - Model linear trained successfully. CV Score: 11334988.6883
2025-11-19 23:15:51,056 - model - INFO - Completed evaluation for linear: R² = 0.4446
2025-11-19 23:15:51,056 - model - INFO - Training and evaluating ridge
2025-11-19 23:15:51,056 - model - INFO - Checking cache for ridge with key: ridge_[]_4596605613666988001
2025-11-19 23:15:51,056 - model - INFO - Using cached results for ridge
2025-11-19 23:15:51,056 - model - INFO - Model object not cached, retraining ridge
2025-11-19 23:15:51,058 - model - INFO - Applied RobustScaler to features for ridge
2025-11-19 23:15:51,058 - model - INFO - Training ridge model with params: {}
2025-11-19 23:15:51,058 - model - INFO - Stored trained model with ID: ridge_7
2025-11-19 23:15:51,071 - model - WARNING - Failed to cache model object for ridge_7: module 'joblib' has no attribute 'dumps'
2025-11-19 23:15:51,071 - model - INFO - Model ridge trained successfully. CV Score: 11330376.8985
2025-11-19 23:15:51,719 - model - INFO - Completed evaluation for ridge: R² = 0.4538
2025-11-19 23:15:51,719 - model - INFO - Training and evaluating lasso
2025-11-19 23:15:51,719 - model - INFO - Checking cache for lasso with key: lasso_[]_4596605613666988001
2025-11-19 23:15:51,720 - model - INFO - Using cached results for lasso
2025-11-19 23:15:51,720 - model - INFO - Model object not cached, retraining lasso
2025-11-19 23:15:51,721 - model - INFO - Applied RobustScaler to features for lasso
2025-11-19 23:15:51,721 - model - INFO - Training lasso model with params: {}
2025-11-19 23:15:51,724 - model - INFO - Stored trained model with ID: lasso_8
2025-11-19 23:15:51,739 - model - WARNING - Failed to cache model object for lasso_8: module 'joblib' has no attribute 'dumps'
2025-11-19 23:15:51,739 - model - INFO - Model lasso trained successfully. CV Score: 11334116.2622
2025-11-19 23:15:52,545 - model - INFO - Completed evaluation for lasso: R² = 0.4457
2025-11-19 23:15:52,545 - model - INFO - Training and evaluating decision_tree
2025-11-19 23:15:52,545 - model - INFO - Checking cache for decision_tree with key: decision_tree_[('max_depth', 10), ('max_features', 'sqrt'), ('min_samples_leaf', 2), ('min_samples_split', 5)]_4596605613666988001
2025-11-19 23:15:52,545 - model - INFO - Using cached results for decision_tree
2025-11-19 23:15:52,545 - model - INFO - Model object not cached, retraining decision_tree
2025-11-19 23:15:52,545 - model - INFO - Training decision_tree model with params: {'max_depth': 10, 'min_samples_split': 5, 'min_samples_leaf': 2, 'max_features': 'sqrt'}
2025-11-19 23:15:53,332 - model - INFO - Stored trained model with ID: decision_tree_9
2025-11-19 23:15:53,348 - model - WARNING - Failed to cache model object for decision_tree_9: module 'joblib' has no attribute 'dumps'
2025-11-19 23:15:53,349 - model - INFO - Model decision_tree trained successfully. CV Score: 11583431.5800
2025-11-19 23:15:54,236 - model - INFO - Completed evaluation for decision_tree: R² = 0.9587
2025-11-19 23:15:54,236 - model - INFO - Training and evaluating random_forest
2025-11-19 23:15:54,236 - model - INFO - Checking cache for random_forest with key: random_forest_[('bootstrap', True), ('max_depth', 10), ('max_features', 'sqrt'), ('max_samples', 0.5), ('min_samples_leaf', 2), ('min_samples_split', 5), ('n_estimators', 100)]_4596605613666988001
2025-11-19 23:15:54,236 - model - INFO - Using cached results for random_forest
2025-11-19 23:15:54,237 - model - INFO - Model object not cached, retraining random_forest
2025-11-19 23:15:54,237 - model - INFO - Training random_forest model with params: {'max_depth': 10, 'min_samples_split': 5, 'min_samples_leaf': 2, 'max_features': 'sqrt', 'n_estimators': 100, 'bootstrap': True, 'max_samples': 0.5}
2025-11-19 23:15:54,322 - model - INFO - Applied bootstrap sampling with max_samples=795
2025-11-19 23:15:54,322 - model - INFO - Stored trained model with ID: random_forest_10
2025-11-19 23:15:54,772 - model - WARNING - Failed to cache model object for random_forest_10: module 'joblib' has no attribute 'dumps'
2025-11-19 23:15:54,772 - model - INFO - Model random_forest trained successfully. CV Score: 4633745.8637
2025-11-19 23:16:02,636 - model - INFO - Completed evaluation for random_forest: R² = 0.9718
2025-11-19 23:16:02,636 - model - INFO - Training and evaluating KNN
2025-11-19 23:16:02,636 - model - INFO - Starting hyperparameter tuning for KNN
2025-11-19 23:16:05,988 - model - INFO - Tuning completed. Best score: 10699451.8847, Overfitting risk: low
2025-11-19 23:16:05,988 - model - INFO - Checking cache for KNN with key: KNN_[('algorithm', 'auto'), ('metric', 'manhattan'), ('n_neighbors', 7), ('p', 1), ('weights', 'distance')]_4596605613666988001
2025-11-19 23:16:05,989 - model - INFO - Using cached results for KNN
2025-11-19 23:16:05,989 - model - INFO - Model object not cached, retraining KNN
2025-11-19 23:16:05,991 - model - INFO - Applied RobustScaler to features for KNN
2025-11-19 23:16:05,991 - model - INFO - Training KNN model with params: {'algorithm': 'auto', 'metric': 'manhattan', 'n_neighbors': 7, 'p': 1, 'weights': 'distance'}
2025-11-19 23:16:05,992 - model - INFO - Stored trained model with ID: KNN_11
2025-11-19 23:16:06,037 - model - INFO - KNN Validation: Optimal K=7, CV Score=10699451.8847
2025-11-19 23:16:06,058 - model - WARNING - Failed to cache model object for KNN_11: module 'joblib' has no attribute 'dumps'
2025-11-19 23:16:06,059 - model - INFO - Model KNN trained successfully. CV Score: 10699451.8847
2025-11-19 23:16:08,192 - model - INFO - Completed evaluation for KNN: R² = 0.8475
2025-11-19 23:16:08,424 - model - ERROR - Failed to generate model comparison visualizations: [Errno 2] No such file or directory: 'visualizations/model_comparison_with_knn.png'
2025-11-19 23:16:08,427 - model - INFO - Saved model comparison report to reports/model_comparison_report_20251119_231608.json
2025-11-19 23:16:08,427 - model - INFO - Model comparison completed. Best model: random_forest (R² = 0.9718)
2025-11-19 23:17:20,234 - model - INFO - Checking cache for linear with key: linear_[('fit_intercept', True), ('polynomial_degree', 1)]_-4555916324410982067
2025-11-19 23:17:20,235 - model - INFO - Using cached results for linear
2025-11-19 23:17:20,235 - model - INFO - Model object not cached, retraining linear
2025-11-19 23:17:20,238 - model - INFO - Applied RobustScaler to features for linear
2025-11-19 23:17:20,239 - model - INFO - Training linear model with params: {'fit_intercept': True, 'polynomial_degree': 1}
2025-11-19 23:17:20,240 - model - INFO - Stored trained model with ID: linear_0
2025-11-19 23:17:20,260 - model - WARNING - Failed to cache model object for linear_0: module 'joblib' has no attribute 'dumps'
2025-11-19 23:17:20,260 - model - INFO - Model linear trained successfully. CV Score: 11212237.0290
2025-11-19 23:17:21,926 - model - INFO - Checking cache for ridge with key: ridge_[('alpha', 0.001), ('fit_intercept', True), ('polynomial_degree', 1), ('solver', 'auto')]_-4555916324410982067
2025-11-19 23:17:21,926 - model - INFO - Using cached results for ridge
2025-11-19 23:17:21,927 - model - INFO - Model object not cached, retraining ridge
2025-11-19 23:17:21,929 - model - INFO - Applied RobustScaler to features for ridge
2025-11-19 23:17:21,929 - model - INFO - Training ridge model with params: {'alpha': 0.001, 'fit_intercept': True, 'polynomial_degree': 1, 'solver': 'auto'}
2025-11-19 23:17:21,931 - model - INFO - Stored trained model with ID: ridge_1
2025-11-19 23:17:21,949 - model - WARNING - Failed to cache model object for ridge_1: module 'joblib' has no attribute 'dumps'
2025-11-19 23:17:21,949 - model - INFO - Model ridge trained successfully. CV Score: 11212236.7833
2025-11-19 23:17:23,165 - model - INFO - Checking cache for lasso with key: lasso_[('alpha', 0.001), ('fit_intercept', True), ('max_iter', 1000), ('polynomial_degree', 1), ('selection', 'cyclic')]_-4555916324410982067
2025-11-19 23:17:23,166 - model - INFO - Using cached results for lasso
2025-11-19 23:17:23,166 - model - INFO - Model object not cached, retraining lasso
2025-11-19 23:17:23,169 - model - INFO - Applied RobustScaler to features for lasso
2025-11-19 23:17:23,169 - model - INFO - Training lasso model with params: {'alpha': 0.001, 'fit_intercept': True, 'polynomial_degree': 1, 'selection': 'cyclic', 'max_iter': 1000}
2025-11-19 23:17:23,199 - model - INFO - Stored trained model with ID: lasso_2
2025-11-19 23:17:23,326 - model - WARNING - Failed to cache model object for lasso_2: module 'joblib' has no attribute 'dumps'
2025-11-19 23:17:23,327 - model - INFO - Model lasso trained successfully. CV Score: 11212236.7357
2025-11-19 23:17:26,690 - model - INFO - Checking cache for decision_tree with key: decision_tree_[('ccp_alpha', 0.0), ('criterion', 'squared_error'), ('max_depth', 10), ('max_features', 'sqrt'), ('min_samples_leaf', 1), ('min_samples_split', 2), ('splitter', 'best')]_-4555916324410982067
2025-11-19 23:17:26,691 - model - INFO - Using cached results for decision_tree
2025-11-19 23:17:26,691 - model - INFO - Model object not cached, retraining decision_tree
2025-11-19 23:17:26,691 - model - INFO - Training decision_tree model with params: {'max_depth': 10, 'min_samples_split': 2, 'min_samples_leaf': 1, 'max_features': 'sqrt', 'criterion': 'squared_error', 'ccp_alpha': 0.0, 'splitter': 'best'}
2025-11-19 23:17:39,646 - model - INFO - Stored trained model with ID: decision_tree_3
2025-11-19 23:17:39,677 - model - WARNING - Failed to cache model object for decision_tree_3: module 'joblib' has no attribute 'dumps'
2025-11-19 23:17:39,677 - model - INFO - Model decision_tree trained successfully. CV Score: 8854333.7443
2025-11-19 23:17:41,333 - model - INFO - Checking cache for random_forest with key: random_forest_[('bootstrap', True), ('ccp_alpha', 0.0), ('criterion', 'squared_error'), ('max_depth', 10), ('max_features', 'sqrt'), ('max_samples', None), ('min_impurity_decrease', 0.0), ('min_samples_leaf', 1), ('min_samples_split', 2), ('n_estimators', 100)]_-4555916324410982067
2025-11-19 23:17:41,333 - model - INFO - Using cached results for random_forest
2025-11-19 23:17:41,333 - model - INFO - Model object not cached, retraining random_forest
2025-11-19 23:17:41,334 - model - INFO - Training random_forest model with params: {'n_estimators': 100, 'max_depth': 10, 'min_samples_split': 2, 'min_samples_leaf': 1, 'max_features': 'sqrt', 'bootstrap': True, 'criterion': 'squared_error', 'ccp_alpha': 0.0, 'max_samples': None, 'min_impurity_decrease': 0.0}
2025-11-19 23:17:41,737 - model - INFO - Applied bootstrap sampling with max_samples=None
2025-11-19 23:17:41,737 - model - INFO - Stored trained model with ID: random_forest_4
2025-11-19 23:17:43,534 - model - WARNING - Failed to cache model object for random_forest_4: module 'joblib' has no attribute 'dumps'
2025-11-19 23:17:43,535 - model - INFO - Model random_forest trained successfully. CV Score: 2036000.2735
2025-11-19 23:18:19,624 - model - INFO - Checking cache for KNN with key: KNN_[('algorithm', 'auto'), ('metric', 'euclidean'), ('n_neighbors', 3), ('p', 1), ('weights', 'uniform')]_-4555916324410982067
2025-11-19 23:18:19,624 - model - INFO - Using cached results for KNN
2025-11-19 23:18:19,625 - model - INFO - Model object not cached, retraining KNN
2025-11-19 23:18:19,627 - model - INFO - Applied RobustScaler to features for KNN
2025-11-19 23:18:19,628 - model - INFO - Training KNN model with params: {'n_neighbors': 3, 'metric': 'euclidean', 'weights': 'uniform', 'algorithm': 'auto', 'p': 1}
2025-11-19 23:18:19,631 - model - INFO - Stored trained model with ID: KNN_5
2025-11-19 23:18:19,811 - model - INFO - KNN Validation: Optimal K=3, CV Score=8040551.0352
2025-11-19 23:18:19,812 - model - WARNING - Failed to cache model object for KNN_5: module 'joblib' has no attribute 'dumps'
2025-11-19 23:18:19,812 - model - INFO - Model KNN trained successfully. CV Score: 8040551.0352
2025-11-19 23:18:25,983 - model - INFO - Model linear_0 evaluation completed. Score: 0.8572
2025-11-19 23:18:25,984 - model - INFO - Model ridge_1 evaluation completed. Score: 0.8572
2025-11-19 23:18:25,985 - model - INFO - Model lasso_2 evaluation completed. Score: 0.8572
2025-11-19 23:18:25,985 - model - INFO - Model decision_tree_3 evaluation completed. Score: 0.9162
2025-11-19 23:18:25,997 - model - INFO - Model random_forest_4 evaluation completed. Score: 0.9741
2025-11-19 23:18:26,023 - model - INFO - Model KNN_5 evaluation completed. Score: 0.8009
2025-11-19 23:18:26,023 - model - INFO - Starting comprehensive model comparison with 6 models
2025-11-19 23:18:26,023 - model - INFO - Training and evaluating linear
2025-11-19 23:18:26,023 - model - INFO - Checking cache for linear with key: linear_[]_-4555916324410982067
2025-11-19 23:18:26,023 - model - INFO - Using cached results for linear
2025-11-19 23:18:26,024 - model - INFO - Model object not cached, retraining linear
2025-11-19 23:18:26,025 - model - INFO - Applied RobustScaler to features for linear
2025-11-19 23:18:26,025 - model - INFO - Training linear model with params: {}
2025-11-19 23:18:26,026 - model - INFO - Stored trained model with ID: linear_6
2025-11-19 23:18:26,039 - model - WARNING - Failed to cache model object for linear_6: module 'joblib' has no attribute 'dumps'
2025-11-19 23:18:26,039 - model - INFO - Model linear trained successfully. CV Score: 11334988.6883
2025-11-19 23:18:26,816 - model - INFO - Completed evaluation for linear: R² = 0.4446
2025-11-19 23:18:26,816 - model - INFO - Training and evaluating ridge
2025-11-19 23:18:26,816 - model - INFO - Checking cache for ridge with key: ridge_[]_-4555916324410982067
2025-11-19 23:18:26,817 - model - INFO - Using cached results for ridge
2025-11-19 23:18:26,817 - model - INFO - Model object not cached, retraining ridge
2025-11-19 23:18:26,818 - model - INFO - Applied RobustScaler to features for ridge
2025-11-19 23:18:26,818 - model - INFO - Training ridge model with params: {}
2025-11-19 23:18:26,819 - model - INFO - Stored trained model with ID: ridge_7
2025-11-19 23:18:26,832 - model - WARNING - Failed to cache model object for ridge_7: module 'joblib' has no attribute 'dumps'
2025-11-19 23:18:26,832 - model - INFO - Model ridge trained successfully. CV Score: 11330376.8985
2025-11-19 23:18:27,489 - model - INFO - Completed evaluation for ridge: R² = 0.4538
2025-11-19 23:18:27,489 - model - INFO - Training and evaluating lasso
2025-11-19 23:18:27,489 - model - INFO - Checking cache for lasso with key: lasso_[]_-4555916324410982067
2025-11-19 23:18:27,489 - model - INFO - Using cached results for lasso
2025-11-19 23:18:27,489 - model - INFO - Model object not cached, retraining lasso
2025-11-19 23:18:27,491 - model - INFO - Applied RobustScaler to features for lasso
2025-11-19 23:18:27,491 - model - INFO - Training lasso model with params: {}
2025-11-19 23:18:27,493 - model - INFO - Stored trained model with ID: lasso_8
2025-11-19 23:18:27,508 - model - WARNING - Failed to cache model object for lasso_8: module 'joblib' has no attribute 'dumps'
2025-11-19 23:18:27,508 - model - INFO - Model lasso trained successfully. CV Score: 11334116.2622
2025-11-19 23:18:28,281 - model - INFO - Completed evaluation for lasso: R² = 0.4457
2025-11-19 23:18:28,281 - model - INFO - Training and evaluating decision_tree
2025-11-19 23:18:28,281 - model - INFO - Checking cache for decision_tree with key: decision_tree_[('max_depth', 10), ('max_features', 'sqrt'), ('min_samples_leaf', 2), ('min_samples_split', 5)]_-4555916324410982067
2025-11-19 23:18:28,281 - model - INFO - Using cached results for decision_tree
2025-11-19 23:18:28,281 - model - INFO - Model object not cached, retraining decision_tree
2025-11-19 23:18:28,282 - model - INFO - Training decision_tree model with params: {'max_depth': 10, 'min_samples_split': 5, 'min_samples_leaf': 2, 'max_features': 'sqrt'}
2025-11-19 23:18:29,067 - model - INFO - Stored trained model with ID: decision_tree_9
2025-11-19 23:18:29,080 - model - WARNING - Failed to cache model object for decision_tree_9: module 'joblib' has no attribute 'dumps'
2025-11-19 23:18:29,080 - model - INFO - Model decision_tree trained successfully. CV Score: 11583431.5800
2025-11-19 23:18:29,877 - model - INFO - Completed evaluation for decision_tree: R² = 0.9587
2025-11-19 23:18:29,877 - model - INFO - Training and evaluating random_forest
2025-11-19 23:18:29,877 - model - INFO - Checking cache for random_forest with key: random_forest_[('bootstrap', True), ('max_depth', 10), ('max_features', 'sqrt'), ('max_samples', 0.5), ('min_samples_leaf', 2), ('min_samples_split', 5), ('n_estimators', 100)]_-4555916324410982067
2025-11-19 23:18:29,878 - model - INFO - Using cached results for random_forest
2025-11-19 23:18:29,878 - model - INFO - Model object not cached, retraining random_forest
2025-11-19 23:18:29,878 - model - INFO - Training random_forest model with params: {'max_depth': 10, 'min_samples_split': 5, 'min_samples_leaf': 2, 'max_features': 'sqrt', 'n_estimators': 100, 'bootstrap': True, 'max_samples': 0.5}
2025-11-19 23:18:29,965 - model - INFO - Applied bootstrap sampling with max_samples=795
2025-11-19 23:18:29,965 - model - INFO - Stored trained model with ID: random_forest_10
2025-11-19 23:18:30,403 - model - WARNING - Failed to cache model object for random_forest_10: module 'joblib' has no attribute 'dumps'
2025-11-19 23:18:30,403 - model - INFO - Model random_forest trained successfully. CV Score: 4633745.8637
2025-11-19 23:18:37,839 - model - INFO - Completed evaluation for random_forest: R² = 0.9718
2025-11-19 23:18:37,840 - model - INFO - Training and evaluating KNN
2025-11-19 23:18:37,840 - model - INFO - Starting hyperparameter tuning for KNN
2025-11-19 23:18:42,445 - model - INFO - Tuning completed. Best score: 10699451.8847, Overfitting risk: low
2025-11-19 23:18:42,446 - model - INFO - Checking cache for KNN with key: KNN_[('algorithm', 'auto'), ('metric', 'manhattan'), ('n_neighbors', 7), ('p', 1), ('weights', 'distance')]_-4555916324410982067
2025-11-19 23:18:42,447 - model - INFO - Using cached results for KNN
2025-11-19 23:18:42,447 - model - INFO - Model object not cached, retraining KNN
2025-11-19 23:18:42,449 - model - INFO - Applied RobustScaler to features for KNN
2025-11-19 23:18:42,450 - model - INFO - Training KNN model with params: {'algorithm': 'auto', 'metric': 'manhattan', 'n_neighbors': 7, 'p': 1, 'weights': 'distance'}
2025-11-19 23:18:42,450 - model - INFO - Stored trained model with ID: KNN_11
2025-11-19 23:18:42,501 - model - INFO - KNN Validation: Optimal K=7, CV Score=10699451.8847
2025-11-19 23:18:42,502 - model - WARNING - Failed to cache model object for KNN_11: module 'joblib' has no attribute 'dumps'
2025-11-19 23:18:42,502 - model - INFO - Model KNN trained successfully. CV Score: 10699451.8847
2025-11-19 23:18:44,640 - model - INFO - Completed evaluation for KNN: R² = 0.8475
2025-11-19 23:18:44,812 - model - ERROR - Failed to generate model comparison visualizations: [Errno 2] No such file or directory: 'visualizations/model_comparison_with_knn.png'
2025-11-19 23:18:44,814 - model - INFO - Saved model comparison report to reports/model_comparison_report_20251119_231844.json
2025-11-19 23:18:44,815 - model - INFO - Model comparison completed. Best model: random_forest (R² = 0.9718)
2025-11-19 23:18:51,544 - model - INFO - Checking cache for linear with key: linear_[('fit_intercept', True), ('polynomial_degree', 1)]_-4555916324410982067
2025-11-19 23:18:51,545 - model - INFO - Using cached results for linear
2025-11-19 23:18:51,545 - model - INFO - Model object not cached, retraining linear
2025-11-19 23:18:51,548 - model - INFO - Applied RobustScaler to features for linear
2025-11-19 23:18:51,548 - model - INFO - Training linear model with params: {'fit_intercept': True, 'polynomial_degree': 1}
2025-11-19 23:18:51,550 - model - INFO - Stored trained model with ID: linear_0
2025-11-19 23:18:51,574 - model - WARNING - Failed to cache model object for linear_0: module 'joblib' has no attribute 'dumps'
2025-11-19 23:18:51,574 - model - INFO - Model linear trained successfully. CV Score: 11212237.0290
2025-11-19 23:18:52,955 - model - INFO - Checking cache for ridge with key: ridge_[('alpha', 0.001), ('fit_intercept', True), ('polynomial_degree', 1), ('solver', 'auto')]_-4555916324410982067
2025-11-19 23:18:52,955 - model - INFO - Using cached results for ridge
2025-11-19 23:18:52,955 - model - INFO - Model object not cached, retraining ridge
2025-11-19 23:18:52,958 - model - INFO - Applied RobustScaler to features for ridge
2025-11-19 23:18:52,959 - model - INFO - Training ridge model with params: {'alpha': 0.001, 'fit_intercept': True, 'polynomial_degree': 1, 'solver': 'auto'}
2025-11-19 23:18:52,959 - model - INFO - Stored trained model with ID: ridge_1
2025-11-19 23:18:52,979 - model - WARNING - Failed to cache model object for ridge_1: module 'joblib' has no attribute 'dumps'
2025-11-19 23:18:52,979 - model - INFO - Model ridge trained successfully. CV Score: 11212236.7833
2025-11-19 23:18:54,402 - model - INFO - Checking cache for lasso with key: lasso_[('alpha', 0.001), ('fit_intercept', True), ('max_iter', 1000), ('polynomial_degree', 1), ('selection', 'cyclic')]_-4555916324410982067
2025-11-19 23:18:54,403 - model - INFO - Using cached results for lasso
2025-11-19 23:18:54,403 - model - INFO - Model object not cached, retraining lasso
2025-11-19 23:18:54,406 - model - INFO - Applied RobustScaler to features for lasso
2025-11-19 23:18:54,406 - model - INFO - Training lasso model with params: {'alpha': 0.001, 'fit_intercept': True, 'polynomial_degree': 1, 'selection': 'cyclic', 'max_iter': 1000}
2025-11-19 23:18:54,437 - model - INFO - Stored trained model with ID: lasso_2
2025-11-19 23:18:54,562 - model - WARNING - Failed to cache model object for lasso_2: module 'joblib' has no attribute 'dumps'
2025-11-19 23:18:54,562 - model - INFO - Model lasso trained successfully. CV Score: 11212236.7357
2025-11-19 23:18:58,019 - model - INFO - Checking cache for decision_tree with key: decision_tree_[('ccp_alpha', 0.0), ('criterion', 'squared_error'), ('max_depth', 10), ('max_features', 'sqrt'), ('min_samples_leaf', 1), ('min_samples_split', 2), ('splitter', 'best')]_-4555916324410982067
2025-11-19 23:18:58,019 - model - INFO - Using cached results for decision_tree
2025-11-19 23:18:58,019 - model - INFO - Model object not cached, retraining decision_tree
2025-11-19 23:18:58,019 - model - INFO - Training decision_tree model with params: {'max_depth': 10, 'min_samples_split': 2, 'min_samples_leaf': 1, 'max_features': 'sqrt', 'criterion': 'squared_error', 'ccp_alpha': 0.0, 'splitter': 'best'}
2025-11-19 23:19:10,996 - model - INFO - Stored trained model with ID: decision_tree_3
2025-11-19 23:19:11,029 - model - WARNING - Failed to cache model object for decision_tree_3: module 'joblib' has no attribute 'dumps'
2025-11-19 23:19:11,030 - model - INFO - Model decision_tree trained successfully. CV Score: 8854333.7443
2025-11-19 23:19:12,805 - model - INFO - Checking cache for random_forest with key: random_forest_[('bootstrap', True), ('ccp_alpha', 0.0), ('criterion', 'squared_error'), ('max_depth', 10), ('max_features', 'sqrt'), ('max_samples', None), ('min_impurity_decrease', 0.0), ('min_samples_leaf', 1), ('min_samples_split', 2), ('n_estimators', 100)]_-4555916324410982067
2025-11-19 23:19:12,805 - model - INFO - Using cached results for random_forest
2025-11-19 23:19:12,805 - model - INFO - Model object not cached, retraining random_forest
2025-11-19 23:19:12,806 - model - INFO - Training random_forest model with params: {'n_estimators': 100, 'max_depth': 10, 'min_samples_split': 2, 'min_samples_leaf': 1, 'max_features': 'sqrt', 'bootstrap': True, 'criterion': 'squared_error', 'ccp_alpha': 0.0, 'max_samples': None, 'min_impurity_decrease': 0.0}
2025-11-19 23:19:13,218 - model - INFO - Applied bootstrap sampling with max_samples=None
2025-11-19 23:19:13,218 - model - INFO - Stored trained model with ID: random_forest_4
2025-11-19 23:19:14,992 - model - WARNING - Failed to cache model object for random_forest_4: module 'joblib' has no attribute 'dumps'
2025-11-19 23:19:14,992 - model - INFO - Model random_forest trained successfully. CV Score: 2036000.2735
2025-11-19 23:19:50,894 - model - INFO - Checking cache for KNN with key: KNN_[('algorithm', 'auto'), ('metric', 'euclidean'), ('n_neighbors', 3), ('p', 1), ('weights', 'uniform')]_-4555916324410982067
2025-11-19 23:19:50,895 - model - INFO - Using cached results for KNN
2025-11-19 23:19:50,895 - model - INFO - Model object not cached, retraining KNN
2025-11-19 23:19:50,898 - model - INFO - Applied RobustScaler to features for KNN
2025-11-19 23:19:50,898 - model - INFO - Training KNN model with params: {'n_neighbors': 3, 'metric': 'euclidean', 'weights': 'uniform', 'algorithm': 'auto', 'p': 1}
2025-11-19 23:19:50,900 - model - INFO - Stored trained model with ID: KNN_5
2025-11-19 23:19:51,093 - model - INFO - KNN Validation: Optimal K=3, CV Score=8040551.0352
2025-11-19 23:19:51,093 - model - WARNING - Failed to cache model object for KNN_5: module 'joblib' has no attribute 'dumps'
2025-11-19 23:19:51,094 - model - INFO - Model KNN trained successfully. CV Score: 8040551.0352
2025-11-19 23:19:56,447 - model - INFO - Model linear_0 evaluation completed. Score: 0.8572
2025-11-19 23:19:56,449 - model - INFO - Model ridge_1 evaluation completed. Score: 0.8572
2025-11-19 23:19:56,450 - model - INFO - Model lasso_2 evaluation completed. Score: 0.8572
2025-11-19 23:19:56,451 - model - INFO - Model decision_tree_3 evaluation completed. Score: 0.9162
2025-11-19 23:19:56,464 - model - INFO - Model random_forest_4 evaluation completed. Score: 0.9741
2025-11-19 23:19:56,491 - model - INFO - Model KNN_5 evaluation completed. Score: 0.8009
2025-11-19 23:19:56,492 - model - INFO - Starting comprehensive model comparison with 6 models
2025-11-19 23:19:56,492 - model - INFO - Training and evaluating linear
2025-11-19 23:19:56,492 - model - INFO - Checking cache for linear with key: linear_[]_-4555916324410982067
2025-11-19 23:19:56,492 - model - INFO - Using cached results for linear
2025-11-19 23:19:56,493 - model - INFO - Model object not cached, retraining linear
2025-11-19 23:19:56,494 - model - INFO - Applied RobustScaler to features for linear
2025-11-19 23:19:56,494 - model - INFO - Training linear model with params: {}
2025-11-19 23:19:56,495 - model - INFO - Stored trained model with ID: linear_6
2025-11-19 23:19:56,509 - model - WARNING - Failed to cache model object for linear_6: module 'joblib' has no attribute 'dumps'
2025-11-19 23:19:56,509 - model - INFO - Model linear trained successfully. CV Score: 11334988.6883
2025-11-19 23:19:57,182 - model - INFO - Completed evaluation for linear: R² = 0.4446
2025-11-19 23:19:57,182 - model - INFO - Training and evaluating ridge
2025-11-19 23:19:57,182 - model - INFO - Checking cache for ridge with key: ridge_[]_-4555916324410982067
2025-11-19 23:19:57,183 - model - INFO - Using cached results for ridge
2025-11-19 23:19:57,183 - model - INFO - Model object not cached, retraining ridge
2025-11-19 23:19:57,185 - model - INFO - Applied RobustScaler to features for ridge
2025-11-19 23:19:57,185 - model - INFO - Training ridge model with params: {}
2025-11-19 23:19:57,186 - model - INFO - Stored trained model with ID: ridge_7
2025-11-19 23:19:57,199 - model - WARNING - Failed to cache model object for ridge_7: module 'joblib' has no attribute 'dumps'
2025-11-19 23:19:57,199 - model - INFO - Model ridge trained successfully. CV Score: 11330376.8985
2025-11-19 23:19:57,883 - model - INFO - Completed evaluation for ridge: R² = 0.4538
2025-11-19 23:19:57,883 - model - INFO - Training and evaluating lasso
2025-11-19 23:19:57,883 - model - INFO - Checking cache for lasso with key: lasso_[]_-4555916324410982067
2025-11-19 23:19:57,883 - model - INFO - Using cached results for lasso
2025-11-19 23:19:57,883 - model - INFO - Model object not cached, retraining lasso
2025-11-19 23:19:57,885 - model - INFO - Applied RobustScaler to features for lasso
2025-11-19 23:19:57,885 - model - INFO - Training lasso model with params: {}
2025-11-19 23:19:57,888 - model - INFO - Stored trained model with ID: lasso_8
2025-11-19 23:19:57,907 - model - WARNING - Failed to cache model object for lasso_8: module 'joblib' has no attribute 'dumps'
2025-11-19 23:19:57,907 - model - INFO - Model lasso trained successfully. CV Score: 11334116.2622
2025-11-19 23:19:58,762 - model - INFO - Completed evaluation for lasso: R² = 0.4457
2025-11-19 23:19:58,762 - model - INFO - Training and evaluating decision_tree
2025-11-19 23:19:58,762 - model - INFO - Checking cache for decision_tree with key: decision_tree_[('max_depth', 10), ('max_features', 'sqrt'), ('min_samples_leaf', 2), ('min_samples_split', 5)]_-4555916324410982067
2025-11-19 23:19:58,763 - model - INFO - Using cached results for decision_tree
2025-11-19 23:19:58,763 - model - INFO - Model object not cached, retraining decision_tree
2025-11-19 23:19:58,763 - model - INFO - Training decision_tree model with params: {'max_depth': 10, 'min_samples_split': 5, 'min_samples_leaf': 2, 'max_features': 'sqrt'}
2025-11-19 23:19:59,596 - model - INFO - Stored trained model with ID: decision_tree_9
2025-11-19 23:19:59,610 - model - WARNING - Failed to cache model object for decision_tree_9: module 'joblib' has no attribute 'dumps'
2025-11-19 23:19:59,610 - model - INFO - Model decision_tree trained successfully. CV Score: 11583431.5800
2025-11-19 23:20:00,395 - model - INFO - Completed evaluation for decision_tree: R² = 0.9587
2025-11-19 23:20:00,395 - model - INFO - Training and evaluating random_forest
2025-11-19 23:20:00,395 - model - INFO - Checking cache for random_forest with key: random_forest_[('bootstrap', True), ('max_depth', 10), ('max_features', 'sqrt'), ('max_samples', 0.5), ('min_samples_leaf', 2), ('min_samples_split', 5), ('n_estimators', 100)]_-4555916324410982067
2025-11-19 23:20:00,395 - model - INFO - Using cached results for random_forest
2025-11-19 23:20:00,395 - model - INFO - Model object not cached, retraining random_forest
2025-11-19 23:20:00,396 - model - INFO - Training random_forest model with params: {'max_depth': 10, 'min_samples_split': 5, 'min_samples_leaf': 2, 'max_features': 'sqrt', 'n_estimators': 100, 'bootstrap': True, 'max_samples': 0.5}
2025-11-19 23:20:00,479 - model - INFO - Applied bootstrap sampling with max_samples=795
2025-11-19 23:20:00,479 - model - INFO - Stored trained model with ID: random_forest_10
2025-11-19 23:20:00,935 - model - WARNING - Failed to cache model object for random_forest_10: module 'joblib' has no attribute 'dumps'
2025-11-19 23:20:00,935 - model - INFO - Model random_forest trained successfully. CV Score: 4633745.8637
2025-11-19 23:20:09,081 - model - INFO - Completed evaluation for random_forest: R² = 0.9718
2025-11-19 23:20:09,082 - model - INFO - Training and evaluating KNN
2025-11-19 23:20:09,082 - model - INFO - Starting hyperparameter tuning for KNN
2025-11-19 23:20:12,457 - model - INFO - Tuning completed. Best score: 10699451.8847, Overfitting risk: low
2025-11-19 23:20:12,457 - model - INFO - Checking cache for KNN with key: KNN_[('algorithm', 'auto'), ('metric', 'manhattan'), ('n_neighbors', 7), ('p', 1), ('weights', 'distance')]_-4555916324410982067
2025-11-19 23:20:12,458 - model - INFO - Using cached results for KNN
2025-11-19 23:20:12,458 - model - INFO - Model object not cached, retraining KNN
2025-11-19 23:20:12,460 - model - INFO - Applied RobustScaler to features for KNN
2025-11-19 23:20:12,461 - model - INFO - Training KNN model with params: {'algorithm': 'auto', 'metric': 'manhattan', 'n_neighbors': 7, 'p': 1, 'weights': 'distance'}
2025-11-19 23:20:12,461 - model - INFO - Stored trained model with ID: KNN_11
2025-11-19 23:20:12,505 - model - INFO - KNN Validation: Optimal K=7, CV Score=10699451.8847
2025-11-19 23:20:12,505 - model - WARNING - Failed to cache model object for KNN_11: module 'joblib' has no attribute 'dumps'
2025-11-19 23:20:12,505 - model - INFO - Model KNN trained successfully. CV Score: 10699451.8847
2025-11-19 23:20:14,704 - model - INFO - Completed evaluation for KNN: R² = 0.8475
2025-11-19 23:20:14,924 - model - ERROR - Failed to generate model comparison visualizations: [Errno 2] No such file or directory: 'visualizations/model_comparison_with_knn.png'
2025-11-19 23:20:14,928 - model - INFO - Saved model comparison report to reports/model_comparison_report_20251119_232014.json
2025-11-19 23:20:14,928 - model - INFO - Model comparison completed. Best model: random_forest (R² = 0.9718)
2025-11-20 16:10:47,353 - model - INFO - Checking cache for linear with key: linear_[('fit_intercept', True), ('polynomial_degree', 1)]_-2078400276298110
2025-11-20 16:10:47,363 - model - INFO - Using cached results for linear
2025-11-20 16:10:47,363 - model - INFO - Model object not cached, retraining linear
2025-11-20 16:10:47,367 - model - INFO - Applied RobustScaler to features for linear
2025-11-20 16:10:47,367 - model - INFO - Training linear model with params: {'fit_intercept': True, 'polynomial_degree': 1}
2025-11-20 16:10:47,371 - model - INFO - Stored trained model with ID: linear_0
2025-11-20 16:10:47,395 - model - INFO - Cached model object for linear_0
2025-11-20 16:10:47,395 - model - INFO - Model linear trained successfully. CV Score: 11212237.0290
2025-11-20 16:10:49,219 - model - INFO - Checking cache for ridge with key: ridge_[('alpha', 0.001), ('fit_intercept', True), ('polynomial_degree', 1), ('solver', 'auto')]_-2078400276298110
2025-11-20 16:10:49,219 - model - INFO - Using cached results for ridge
2025-11-20 16:10:49,219 - model - INFO - Model object not cached, retraining ridge
2025-11-20 16:10:49,222 - model - INFO - Applied RobustScaler to features for ridge
2025-11-20 16:10:49,222 - model - INFO - Training ridge model with params: {'alpha': 0.001, 'fit_intercept': True, 'polynomial_degree': 1, 'solver': 'auto'}
2025-11-20 16:10:49,225 - model - INFO - Stored trained model with ID: ridge_1
2025-11-20 16:10:49,244 - model - INFO - Cached model object for ridge_1
2025-11-20 16:10:49,244 - model - INFO - Model ridge trained successfully. CV Score: 11212236.7833
2025-11-20 16:10:50,551 - model - INFO - Checking cache for lasso with key: lasso_[('alpha', 0.001), ('fit_intercept', True), ('max_iter', 1000), ('polynomial_degree', 1), ('selection', 'cyclic')]_-2078400276298110
2025-11-20 16:10:50,552 - model - INFO - Using cached results for lasso
2025-11-20 16:10:50,552 - model - INFO - Model object not cached, retraining lasso
2025-11-20 16:10:50,555 - model - INFO - Applied RobustScaler to features for lasso
2025-11-20 16:10:50,555 - model - INFO - Training lasso model with params: {'alpha': 0.001, 'fit_intercept': True, 'polynomial_degree': 1, 'selection': 'cyclic', 'max_iter': 1000}
2025-11-20 16:10:50,587 - model - INFO - Stored trained model with ID: lasso_2
2025-11-20 16:10:50,716 - model - INFO - Cached model object for lasso_2
2025-11-20 16:10:50,716 - model - INFO - Model lasso trained successfully. CV Score: 11212236.7357
2025-11-20 16:10:54,255 - model - INFO - Checking cache for decision_tree with key: decision_tree_[('ccp_alpha', 0.0), ('criterion', 'squared_error'), ('max_depth', 10), ('max_features', 'sqrt'), ('min_samples_leaf', 1), ('min_samples_split', 2), ('splitter', 'best')]_-2078400276298110
2025-11-20 16:10:54,255 - model - INFO - Using cached results for decision_tree
2025-11-20 16:10:54,255 - model - INFO - Model object not cached, retraining decision_tree
2025-11-20 16:10:54,256 - model - INFO - Training decision_tree model with params: {'max_depth': 10, 'min_samples_split': 2, 'min_samples_leaf': 1, 'max_features': 'sqrt', 'criterion': 'squared_error', 'ccp_alpha': 0.0, 'splitter': 'best'}
2025-11-20 16:11:06,539 - model - INFO - Stored trained model with ID: decision_tree_3
2025-11-20 16:11:06,571 - model - INFO - Cached model object for decision_tree_3
2025-11-20 16:11:06,571 - model - INFO - Model decision_tree trained successfully. CV Score: 8854333.7443
2025-11-20 16:11:08,381 - model - INFO - Checking cache for random_forest with key: random_forest_[('bootstrap', True), ('ccp_alpha', 0.0), ('criterion', 'squared_error'), ('max_depth', 10), ('max_features', 'sqrt'), ('max_samples', None), ('min_impurity_decrease', 0.0), ('min_samples_leaf', 1), ('min_samples_split', 2), ('n_estimators', 100)]_-2078400276298110
2025-11-20 16:11:08,382 - model - INFO - Using cached results for random_forest
2025-11-20 16:11:08,382 - model - INFO - Model object not cached, retraining random_forest
2025-11-20 16:11:08,382 - model - INFO - Training random_forest model with params: {'n_estimators': 100, 'max_depth': 10, 'min_samples_split': 2, 'min_samples_leaf': 1, 'max_features': 'sqrt', 'bootstrap': True, 'criterion': 'squared_error', 'ccp_alpha': 0.0, 'max_samples': None, 'min_impurity_decrease': 0.0}
2025-11-20 16:11:08,801 - model - INFO - Applied bootstrap sampling with max_samples=None
2025-11-20 16:11:08,801 - model - INFO - Stored trained model with ID: random_forest_4
2025-11-20 16:11:10,520 - model - INFO - Cached model object for random_forest_4
2025-11-20 16:11:10,520 - model - INFO - Model random_forest trained successfully. CV Score: 2036000.2735
2025-11-20 16:11:45,307 - model - INFO - Checking cache for KNN with key: KNN_[('algorithm', 'auto'), ('metric', 'euclidean'), ('n_neighbors', 3), ('p', 1), ('weights', 'uniform')]_-2078400276298110
2025-11-20 16:11:45,307 - model - INFO - Using cached results for KNN
2025-11-20 16:11:45,307 - model - INFO - Model object not cached, retraining KNN
2025-11-20 16:11:45,313 - model - INFO - Applied RobustScaler to features for KNN
2025-11-20 16:11:45,314 - model - INFO - Training KNN model with params: {'n_neighbors': 3, 'metric': 'euclidean', 'weights': 'uniform', 'algorithm': 'auto', 'p': 1}
2025-11-20 16:11:45,318 - model - INFO - Stored trained model with ID: KNN_5
2025-11-20 16:11:45,496 - model - INFO - KNN Validation: Optimal K=3, CV Score=8040551.0352
2025-11-20 16:11:45,497 - model - INFO - Cached model object for KNN_5
2025-11-20 16:11:45,497 - model - INFO - Model KNN trained successfully. CV Score: 8040551.0352
2025-11-20 16:11:50,867 - model - INFO - Model linear_0 evaluation completed. Score: 0.8572
2025-11-20 16:11:50,868 - model - INFO - Model ridge_1 evaluation completed. Score: 0.8572
2025-11-20 16:11:50,869 - model - INFO - Model lasso_2 evaluation completed. Score: 0.8572
2025-11-20 16:11:50,870 - model - INFO - Model decision_tree_3 evaluation completed. Score: 0.9162
2025-11-20 16:11:50,881 - model - INFO - Model random_forest_4 evaluation completed. Score: 0.9741
2025-11-20 16:11:50,907 - model - INFO - Model KNN_5 evaluation completed. Score: 0.8009
2025-11-20 16:11:50,907 - model - INFO - Starting comprehensive model comparison with 6 models
2025-11-20 16:11:50,907 - model - INFO - Training and evaluating linear
2025-11-20 16:11:50,907 - model - INFO - Checking cache for linear with key: linear_[]_-2078400276298110
2025-11-20 16:11:50,908 - model - INFO - Using cached results for linear
2025-11-20 16:11:50,908 - model - INFO - Model object not cached, retraining linear
2025-11-20 16:11:50,909 - model - INFO - Applied RobustScaler to features for linear
2025-11-20 16:11:50,909 - model - INFO - Training linear model with params: {}
2025-11-20 16:11:50,910 - model - INFO - Stored trained model with ID: linear_6
2025-11-20 16:11:50,923 - model - INFO - Cached model object for linear_6
2025-11-20 16:11:50,923 - model - INFO - Model linear trained successfully. CV Score: 11334988.6883
2025-11-20 16:11:51,726 - model - INFO - Completed evaluation for linear: R² = 0.4446
2025-11-20 16:11:51,726 - model - INFO - Training and evaluating ridge
2025-11-20 16:11:51,726 - model - INFO - Checking cache for ridge with key: ridge_[]_-2078400276298110
2025-11-20 16:11:51,726 - model - INFO - Using cached results for ridge
2025-11-20 16:11:51,727 - model - INFO - Model object not cached, retraining ridge
2025-11-20 16:11:51,728 - model - INFO - Applied RobustScaler to features for ridge
2025-11-20 16:11:51,728 - model - INFO - Training ridge model with params: {}
2025-11-20 16:11:51,728 - model - INFO - Stored trained model with ID: ridge_7
2025-11-20 16:11:51,762 - model - INFO - Cached model object for ridge_7
2025-11-20 16:11:51,763 - model - INFO - Model ridge trained successfully. CV Score: 11330376.8985
2025-11-20 16:11:52,389 - model - INFO - Completed evaluation for ridge: R² = 0.4538
2025-11-20 16:11:52,389 - model - INFO - Training and evaluating lasso
2025-11-20 16:11:52,389 - model - INFO - Checking cache for lasso with key: lasso_[]_-2078400276298110
2025-11-20 16:11:52,389 - model - INFO - Using cached results for lasso
2025-11-20 16:11:52,389 - model - INFO - Model object not cached, retraining lasso
2025-11-20 16:11:52,391 - model - INFO - Applied RobustScaler to features for lasso
2025-11-20 16:11:52,391 - model - INFO - Training lasso model with params: {}
2025-11-20 16:11:52,393 - model - INFO - Stored trained model with ID: lasso_8
2025-11-20 16:11:52,408 - model - INFO - Cached model object for lasso_8
2025-11-20 16:11:52,408 - model - INFO - Model lasso trained successfully. CV Score: 11334116.2622
2025-11-20 16:11:53,178 - model - INFO - Completed evaluation for lasso: R² = 0.4457
2025-11-20 16:11:53,179 - model - INFO - Training and evaluating decision_tree
2025-11-20 16:11:53,179 - model - INFO - Checking cache for decision_tree with key: decision_tree_[('max_depth', 10), ('max_features', 'sqrt'), ('min_samples_leaf', 2), ('min_samples_split', 5)]_-2078400276298110
2025-11-20 16:11:53,179 - model - INFO - Using cached results for decision_tree
2025-11-20 16:11:53,179 - model - INFO - Model object not cached, retraining decision_tree
2025-11-20 16:11:53,179 - model - INFO - Training decision_tree model with params: {'max_depth': 10, 'min_samples_split': 5, 'min_samples_leaf': 2, 'max_features': 'sqrt'}
2025-11-20 16:11:53,937 - model - INFO - Stored trained model with ID: decision_tree_9
2025-11-20 16:11:53,949 - model - INFO - Cached model object for decision_tree_9
2025-11-20 16:11:53,949 - model - INFO - Model decision_tree trained successfully. CV Score: 11583431.5800
2025-11-20 16:11:54,671 - model - INFO - Completed evaluation for decision_tree: R² = 0.9587
2025-11-20 16:11:54,671 - model - INFO - Training and evaluating random_forest
2025-11-20 16:11:54,671 - model - INFO - Checking cache for random_forest with key: random_forest_[('bootstrap', True), ('max_depth', 10), ('max_features', 'sqrt'), ('max_samples', 0.5), ('min_samples_leaf', 2), ('min_samples_split', 5), ('n_estimators', 100)]_-2078400276298110
2025-11-20 16:11:54,672 - model - INFO - Using cached results for random_forest
2025-11-20 16:11:54,672 - model - INFO - Model object not cached, retraining random_forest
2025-11-20 16:11:54,672 - model - INFO - Training random_forest model with params: {'max_depth': 10, 'min_samples_split': 5, 'min_samples_leaf': 2, 'max_features': 'sqrt', 'n_estimators': 100, 'bootstrap': True, 'max_samples': 0.5}
2025-11-20 16:11:54,760 - model - INFO - Applied bootstrap sampling with max_samples=795
2025-11-20 16:11:54,760 - model - INFO - Stored trained model with ID: random_forest_10
2025-11-20 16:11:55,209 - model - INFO - Cached model object for random_forest_10
2025-11-20 16:11:55,209 - model - INFO - Model random_forest trained successfully. CV Score: 4633745.8637
2025-11-20 16:12:02,736 - model - INFO - Completed evaluation for random_forest: R² = 0.9718
2025-11-20 16:12:02,736 - model - INFO - Training and evaluating KNN
2025-11-20 16:12:02,737 - model - INFO - Starting hyperparameter tuning for KNN
2025-11-20 16:12:07,734 - model - INFO - Tuning completed. Best score: 10699451.8847, Overfitting risk: low
2025-11-20 16:12:07,736 - model - INFO - Checking cache for KNN with key: KNN_[('algorithm', 'auto'), ('metric', 'manhattan'), ('n_neighbors', 7), ('p', 1), ('weights', 'distance')]_-2078400276298110
2025-11-20 16:12:07,737 - model - INFO - Using cached results for KNN
2025-11-20 16:12:07,738 - model - INFO - Model object not cached, retraining KNN
2025-11-20 16:12:07,740 - model - INFO - Applied RobustScaler to features for KNN
2025-11-20 16:12:07,740 - model - INFO - Training KNN model with params: {'algorithm': 'auto', 'metric': 'manhattan', 'n_neighbors': 7, 'p': 1, 'weights': 'distance'}
2025-11-20 16:12:07,741 - model - INFO - Stored trained model with ID: KNN_11
2025-11-20 16:12:07,802 - model - INFO - KNN Validation: Optimal K=7, CV Score=10699451.8847
2025-11-20 16:12:07,803 - model - INFO - Cached model object for KNN_11
2025-11-20 16:12:07,803 - model - INFO - Model KNN trained successfully. CV Score: 10699451.8847
2025-11-20 16:12:10,044 - model - INFO - Completed evaluation for KNN: R² = 0.8475
2025-11-20 16:12:10,241 - model - ERROR - Failed to generate model comparison visualizations: [Errno 2] No such file or directory: 'visualizations/model_comparison_with_knn.png'
2025-11-20 16:12:10,243 - model - INFO - Saved model comparison report to reports/model_comparison_report_20251120_161210.json
2025-11-20 16:12:10,243 - model - INFO - Model comparison completed. Best model: random_forest (R² = 0.9718)
2025-11-20 16:12:17,299 - model - INFO - Checking cache for linear with key: linear_[('fit_intercept', True), ('polynomial_degree', 1)]_-2078400276298110
2025-11-20 16:12:17,301 - model - INFO - Using cached results for linear
2025-11-20 16:12:17,301 - model - INFO - Model object not cached, retraining linear
2025-11-20 16:12:17,304 - model - INFO - Applied RobustScaler to features for linear
2025-11-20 16:12:17,305 - model - INFO - Training linear model with params: {'fit_intercept': True, 'polynomial_degree': 1}
2025-11-20 16:12:17,306 - model - INFO - Stored trained model with ID: linear_0
2025-11-20 16:12:17,328 - model - INFO - Cached model object for linear_0
2025-11-20 16:12:17,328 - model - INFO - Model linear trained successfully. CV Score: 11212237.0290
2025-11-20 16:12:18,839 - model - INFO - Checking cache for ridge with key: ridge_[('alpha', 0.001), ('fit_intercept', True), ('polynomial_degree', 1), ('solver', 'auto')]_-2078400276298110
2025-11-20 16:12:18,840 - model - INFO - Using cached results for ridge
2025-11-20 16:12:18,840 - model - INFO - Model object not cached, retraining ridge
2025-11-20 16:12:18,843 - model - INFO - Applied RobustScaler to features for ridge
2025-11-20 16:12:18,843 - model - INFO - Training ridge model with params: {'alpha': 0.001, 'fit_intercept': True, 'polynomial_degree': 1, 'solver': 'auto'}
2025-11-20 16:12:18,844 - model - INFO - Stored trained model with ID: ridge_1
2025-11-20 16:12:18,865 - model - INFO - Cached model object for ridge_1
2025-11-20 16:12:18,865 - model - INFO - Model ridge trained successfully. CV Score: 11212236.7833
2025-11-20 16:12:20,330 - model - INFO - Checking cache for lasso with key: lasso_[('alpha', 0.001), ('fit_intercept', True), ('max_iter', 1000), ('polynomial_degree', 1), ('selection', 'cyclic')]_-2078400276298110
2025-11-20 16:12:20,330 - model - INFO - Using cached results for lasso
2025-11-20 16:12:20,330 - model - INFO - Model object not cached, retraining lasso
2025-11-20 16:12:20,333 - model - INFO - Applied RobustScaler to features for lasso
2025-11-20 16:12:20,333 - model - INFO - Training lasso model with params: {'alpha': 0.001, 'fit_intercept': True, 'polynomial_degree': 1, 'selection': 'cyclic', 'max_iter': 1000}
2025-11-20 16:12:20,364 - model - INFO - Stored trained model with ID: lasso_2
2025-11-20 16:12:20,496 - model - INFO - Cached model object for lasso_2
2025-11-20 16:12:20,496 - model - INFO - Model lasso trained successfully. CV Score: 11212236.7357
2025-11-20 16:12:24,249 - model - INFO - Checking cache for decision_tree with key: decision_tree_[('ccp_alpha', 0.0), ('criterion', 'squared_error'), ('max_depth', 10), ('max_features', 'sqrt'), ('min_samples_leaf', 1), ('min_samples_split', 2), ('splitter', 'best')]_-2078400276298110
2025-11-20 16:12:24,250 - model - INFO - Using cached results for decision_tree
2025-11-20 16:12:24,250 - model - INFO - Model object not cached, retraining decision_tree
2025-11-20 16:12:24,251 - model - INFO - Training decision_tree model with params: {'max_depth': 10, 'min_samples_split': 2, 'min_samples_leaf': 1, 'max_features': 'sqrt', 'criterion': 'squared_error', 'ccp_alpha': 0.0, 'splitter': 'best'}
2025-11-20 16:12:37,136 - model - INFO - Stored trained model with ID: decision_tree_3
2025-11-20 16:12:37,212 - model - INFO - Cached model object for decision_tree_3
2025-11-20 16:12:37,212 - model - INFO - Model decision_tree trained successfully. CV Score: 8854333.7443
2025-11-20 16:12:39,143 - model - INFO - Checking cache for random_forest with key: random_forest_[('bootstrap', True), ('ccp_alpha', 0.0), ('criterion', 'squared_error'), ('max_depth', 10), ('max_features', 'sqrt'), ('max_samples', None), ('min_impurity_decrease', 0.0), ('min_samples_leaf', 1), ('min_samples_split', 2), ('n_estimators', 100)]_-2078400276298110
2025-11-20 16:12:39,143 - model - INFO - Using cached results for random_forest
2025-11-20 16:12:39,143 - model - INFO - Model object not cached, retraining random_forest
2025-11-20 16:12:39,144 - model - INFO - Training random_forest model with params: {'n_estimators': 100, 'max_depth': 10, 'min_samples_split': 2, 'min_samples_leaf': 1, 'max_features': 'sqrt', 'bootstrap': True, 'criterion': 'squared_error', 'ccp_alpha': 0.0, 'max_samples': None, 'min_impurity_decrease': 0.0}
2025-11-20 16:12:39,553 - model - INFO - Applied bootstrap sampling with max_samples=None
2025-11-20 16:12:39,553 - model - INFO - Stored trained model with ID: random_forest_4
2025-11-20 16:12:41,354 - model - INFO - Cached model object for random_forest_4
2025-11-20 16:12:41,354 - model - INFO - Model random_forest trained successfully. CV Score: 2036000.2735
2025-11-20 16:13:17,012 - model - INFO - Checking cache for KNN with key: KNN_[('algorithm', 'auto'), ('metric', 'euclidean'), ('n_neighbors', 3), ('p', 1), ('weights', 'uniform')]_-2078400276298110
2025-11-20 16:13:17,013 - model - INFO - Using cached results for KNN
2025-11-20 16:13:17,013 - model - INFO - Model object not cached, retraining KNN
2025-11-20 16:13:17,016 - model - INFO - Applied RobustScaler to features for KNN
2025-11-20 16:13:17,016 - model - INFO - Training KNN model with params: {'n_neighbors': 3, 'metric': 'euclidean', 'weights': 'uniform', 'algorithm': 'auto', 'p': 1}
2025-11-20 16:13:17,018 - model - INFO - Stored trained model with ID: KNN_5
2025-11-20 16:13:17,200 - model - INFO - KNN Validation: Optimal K=3, CV Score=8040551.0352
2025-11-20 16:13:17,200 - model - INFO - Cached model object for KNN_5
2025-11-20 16:13:17,200 - model - INFO - Model KNN trained successfully. CV Score: 8040551.0352
2025-11-20 16:13:22,457 - model - INFO - Model linear_0 evaluation completed. Score: 0.8572
2025-11-20 16:13:22,458 - model - INFO - Model ridge_1 evaluation completed. Score: 0.8572
2025-11-20 16:13:22,459 - model - INFO - Model lasso_2 evaluation completed. Score: 0.8572
2025-11-20 16:13:22,460 - model - INFO - Model decision_tree_3 evaluation completed. Score: 0.9162
2025-11-20 16:13:22,472 - model - INFO - Model random_forest_4 evaluation completed. Score: 0.9741
2025-11-20 16:13:22,498 - model - INFO - Model KNN_5 evaluation completed. Score: 0.8009
2025-11-20 16:13:22,499 - model - INFO - Starting comprehensive model comparison with 6 models
2025-11-20 16:13:22,499 - model - INFO - Training and evaluating linear
2025-11-20 16:13:22,499 - model - INFO - Checking cache for linear with key: linear_[]_-2078400276298110
2025-11-20 16:13:22,499 - model - INFO - Using cached results for linear
2025-11-20 16:13:22,500 - model - INFO - Model object not cached, retraining linear
2025-11-20 16:13:22,501 - model - INFO - Applied RobustScaler to features for linear
2025-11-20 16:13:22,501 - model - INFO - Training linear model with params: {}
2025-11-20 16:13:22,502 - model - INFO - Stored trained model with ID: linear_6
2025-11-20 16:13:22,515 - model - INFO - Cached model object for linear_6
2025-11-20 16:13:22,515 - model - INFO - Model linear trained successfully. CV Score: 11334988.6883
2025-11-20 16:13:23,185 - model - INFO - Completed evaluation for linear: R² = 0.4446
2025-11-20 16:13:23,185 - model - INFO - Training and evaluating ridge
2025-11-20 16:13:23,185 - model - INFO - Checking cache for ridge with key: ridge_[]_-2078400276298110
2025-11-20 16:13:23,185 - model - INFO - Using cached results for ridge
2025-11-20 16:13:23,185 - model - INFO - Model object not cached, retraining ridge
2025-11-20 16:13:23,186 - model - INFO - Applied RobustScaler to features for ridge
2025-11-20 16:13:23,187 - model - INFO - Training ridge model with params: {}
2025-11-20 16:13:23,187 - model - INFO - Stored trained model with ID: ridge_7
2025-11-20 16:13:23,199 - model - INFO - Cached model object for ridge_7
2025-11-20 16:13:23,199 - model - INFO - Model ridge trained successfully. CV Score: 11330376.8985
2025-11-20 16:13:23,855 - model - INFO - Completed evaluation for ridge: R² = 0.4538
2025-11-20 16:13:23,855 - model - INFO - Training and evaluating lasso
2025-11-20 16:13:23,855 - model - INFO - Checking cache for lasso with key: lasso_[]_-2078400276298110
2025-11-20 16:13:23,856 - model - INFO - Using cached results for lasso
2025-11-20 16:13:23,856 - model - INFO - Model object not cached, retraining lasso
2025-11-20 16:13:23,857 - model - INFO - Applied RobustScaler to features for lasso
2025-11-20 16:13:23,857 - model - INFO - Training lasso model with params: {}
2025-11-20 16:13:23,859 - model - INFO - Stored trained model with ID: lasso_8
2025-11-20 16:13:23,875 - model - INFO - Cached model object for lasso_8
2025-11-20 16:13:23,875 - model - INFO - Model lasso trained successfully. CV Score: 11334116.2622
2025-11-20 16:13:24,655 - model - INFO - Completed evaluation for lasso: R² = 0.4457
2025-11-20 16:13:24,655 - model - INFO - Training and evaluating decision_tree
2025-11-20 16:13:24,655 - model - INFO - Checking cache for decision_tree with key: decision_tree_[('max_depth', 10), ('max_features', 'sqrt'), ('min_samples_leaf', 2), ('min_samples_split', 5)]_-2078400276298110
2025-11-20 16:13:24,655 - model - INFO - Using cached results for decision_tree
2025-11-20 16:13:24,655 - model - INFO - Model object not cached, retraining decision_tree
2025-11-20 16:13:24,656 - model - INFO - Training decision_tree model with params: {'max_depth': 10, 'min_samples_split': 5, 'min_samples_leaf': 2, 'max_features': 'sqrt'}
2025-11-20 16:13:25,428 - model - INFO - Stored trained model with ID: decision_tree_9
2025-11-20 16:13:25,440 - model - INFO - Cached model object for decision_tree_9
2025-11-20 16:13:25,440 - model - INFO - Model decision_tree trained successfully. CV Score: 11583431.5800
2025-11-20 16:13:26,169 - model - INFO - Completed evaluation for decision_tree: R² = 0.9587
2025-11-20 16:13:26,169 - model - INFO - Training and evaluating random_forest
2025-11-20 16:13:26,169 - model - INFO - Checking cache for random_forest with key: random_forest_[('bootstrap', True), ('max_depth', 10), ('max_features', 'sqrt'), ('max_samples', 0.5), ('min_samples_leaf', 2), ('min_samples_split', 5), ('n_estimators', 100)]_-2078400276298110
2025-11-20 16:13:26,169 - model - INFO - Using cached results for random_forest
2025-11-20 16:13:26,169 - model - INFO - Model object not cached, retraining random_forest
2025-11-20 16:13:26,169 - model - INFO - Training random_forest model with params: {'max_depth': 10, 'min_samples_split': 5, 'min_samples_leaf': 2, 'max_features': 'sqrt', 'n_estimators': 100, 'bootstrap': True, 'max_samples': 0.5}
2025-11-20 16:13:26,253 - model - INFO - Applied bootstrap sampling with max_samples=795
2025-11-20 16:13:26,253 - model - INFO - Stored trained model with ID: random_forest_10
2025-11-20 16:13:26,690 - model - INFO - Cached model object for random_forest_10
2025-11-20 16:13:26,690 - model - INFO - Model random_forest trained successfully. CV Score: 4633745.8637
2025-11-20 16:13:34,375 - model - INFO - Completed evaluation for random_forest: R² = 0.9718
2025-11-20 16:13:34,375 - model - INFO - Training and evaluating KNN
2025-11-20 16:13:34,375 - model - INFO - Starting hyperparameter tuning for KNN
2025-11-20 16:13:37,249 - model - INFO - Tuning completed. Best score: 10699451.8847, Overfitting risk: low
2025-11-20 16:13:37,249 - model - INFO - Checking cache for KNN with key: KNN_[('algorithm', 'auto'), ('metric', 'manhattan'), ('n_neighbors', 7), ('p', 1), ('weights', 'distance')]_-2078400276298110
2025-11-20 16:13:37,250 - model - INFO - Using cached results for KNN
2025-11-20 16:13:37,250 - model - INFO - Model object not cached, retraining KNN
2025-11-20 16:13:37,251 - model - INFO - Applied RobustScaler to features for KNN
2025-11-20 16:13:37,251 - model - INFO - Training KNN model with params: {'algorithm': 'auto', 'metric': 'manhattan', 'n_neighbors': 7, 'p': 1, 'weights': 'distance'}
2025-11-20 16:13:37,252 - model - INFO - Stored trained model with ID: KNN_11
2025-11-20 16:13:37,293 - model - INFO - KNN Validation: Optimal K=7, CV Score=10699451.8847
2025-11-20 16:13:37,320 - model - INFO - Cached model object for KNN_11
2025-11-20 16:13:37,320 - model - INFO - Model KNN trained successfully. CV Score: 10699451.8847
2025-11-20 16:13:39,311 - model - INFO - Completed evaluation for KNN: R² = 0.8475
2025-11-20 16:13:39,503 - model - ERROR - Failed to generate model comparison visualizations: [Errno 2] No such file or directory: 'visualizations/model_comparison_with_knn.png'
2025-11-20 16:13:39,505 - model - INFO - Saved model comparison report to reports/model_comparison_report_20251120_161339.json
2025-11-20 16:13:39,505 - model - INFO - Model comparison completed. Best model: random_forest (R² = 0.9718)
2025-11-20 16:15:07,336 - model - INFO - Checking cache for linear with key: linear_[('fit_intercept', True), ('polynomial_degree', 1)]_-5994766213179548540
2025-11-20 16:15:07,337 - model - INFO - Using cached results for linear
2025-11-20 16:15:07,337 - model - INFO - Model object not cached, retraining linear
2025-11-20 16:15:07,340 - model - INFO - Applied RobustScaler to features for linear
2025-11-20 16:15:07,340 - model - INFO - Training linear model with params: {'fit_intercept': True, 'polynomial_degree': 1}
2025-11-20 16:15:07,341 - model - INFO - Stored trained model with ID: linear_0
2025-11-20 16:15:07,361 - model - INFO - Cached model object for linear_0
2025-11-20 16:15:07,361 - model - INFO - Model linear trained successfully. CV Score: 11212237.0290
2025-11-20 16:15:09,317 - model - INFO - Checking cache for ridge with key: ridge_[('alpha', 0.001), ('fit_intercept', True), ('polynomial_degree', 1), ('solver', 'auto')]_-5994766213179548540
2025-11-20 16:15:09,318 - model - INFO - Using cached results for ridge
2025-11-20 16:15:09,318 - model - INFO - Model object not cached, retraining ridge
2025-11-20 16:15:09,320 - model - INFO - Applied RobustScaler to features for ridge
2025-11-20 16:15:09,320 - model - INFO - Training ridge model with params: {'alpha': 0.001, 'fit_intercept': True, 'polynomial_degree': 1, 'solver': 'auto'}
2025-11-20 16:15:09,322 - model - INFO - Stored trained model with ID: ridge_1
2025-11-20 16:15:09,340 - model - INFO - Cached model object for ridge_1
2025-11-20 16:15:09,340 - model - INFO - Model ridge trained successfully. CV Score: 11212236.7833
2025-11-20 16:15:10,820 - model - INFO - Checking cache for lasso with key: lasso_[('alpha', 0.001), ('fit_intercept', True), ('max_iter', 1000), ('polynomial_degree', 1), ('selection', 'cyclic')]_-5994766213179548540
2025-11-20 16:15:10,820 - model - INFO - Using cached results for lasso
2025-11-20 16:15:10,821 - model - INFO - Model object not cached, retraining lasso
2025-11-20 16:15:10,823 - model - INFO - Applied RobustScaler to features for lasso
2025-11-20 16:15:10,823 - model - INFO - Training lasso model with params: {'alpha': 0.001, 'fit_intercept': True, 'polynomial_degree': 1, 'selection': 'cyclic', 'max_iter': 1000}
2025-11-20 16:15:10,854 - model - INFO - Stored trained model with ID: lasso_2
2025-11-20 16:15:10,984 - model - INFO - Cached model object for lasso_2
2025-11-20 16:15:10,984 - model - INFO - Model lasso trained successfully. CV Score: 11212236.7357
2025-11-20 16:15:14,761 - model - INFO - Checking cache for decision_tree with key: decision_tree_[('ccp_alpha', 0.0), ('criterion', 'squared_error'), ('max_depth', 10), ('max_features', 'sqrt'), ('min_samples_leaf', 1), ('min_samples_split', 2), ('splitter', 'best')]_-5994766213179548540
2025-11-20 16:15:14,761 - model - INFO - Using cached results for decision_tree
2025-11-20 16:15:14,762 - model - INFO - Model object not cached, retraining decision_tree
2025-11-20 16:15:14,762 - model - INFO - Training decision_tree model with params: {'max_depth': 10, 'min_samples_split': 2, 'min_samples_leaf': 1, 'max_features': 'sqrt', 'criterion': 'squared_error', 'ccp_alpha': 0.0, 'splitter': 'best'}
2025-11-20 16:15:27,515 - model - INFO - Stored trained model with ID: decision_tree_3
2025-11-20 16:15:27,548 - model - INFO - Cached model object for decision_tree_3
2025-11-20 16:15:27,548 - model - INFO - Model decision_tree trained successfully. CV Score: 8854333.7443
2025-11-20 16:15:29,471 - model - INFO - Checking cache for random_forest with key: random_forest_[('bootstrap', True), ('ccp_alpha', 0.0), ('criterion', 'squared_error'), ('max_depth', 10), ('max_features', 'sqrt'), ('max_samples', None), ('min_impurity_decrease', 0.0), ('min_samples_leaf', 1), ('min_samples_split', 2), ('n_estimators', 100)]_-5994766213179548540
2025-11-20 16:15:29,471 - model - INFO - Using cached results for random_forest
2025-11-20 16:15:29,472 - model - INFO - Model object not cached, retraining random_forest
2025-11-20 16:15:29,472 - model - INFO - Training random_forest model with params: {'n_estimators': 100, 'max_depth': 10, 'min_samples_split': 2, 'min_samples_leaf': 1, 'max_features': 'sqrt', 'bootstrap': True, 'criterion': 'squared_error', 'ccp_alpha': 0.0, 'max_samples': None, 'min_impurity_decrease': 0.0}
2025-11-20 16:15:29,874 - model - INFO - Applied bootstrap sampling with max_samples=None
2025-11-20 16:15:29,874 - model - INFO - Stored trained model with ID: random_forest_4
2025-11-20 16:15:31,616 - model - INFO - Cached model object for random_forest_4
2025-11-20 16:15:31,616 - model - INFO - Model random_forest trained successfully. CV Score: 2036000.2735
2025-11-20 16:16:05,938 - model - INFO - Checking cache for KNN with key: KNN_[('algorithm', 'auto'), ('metric', 'euclidean'), ('n_neighbors', 3), ('p', 1), ('weights', 'uniform')]_-5994766213179548540
2025-11-20 16:16:05,939 - model - INFO - Using cached results for KNN
2025-11-20 16:16:05,939 - model - INFO - Model object not cached, retraining KNN
2025-11-20 16:16:05,942 - model - INFO - Applied RobustScaler to features for KNN
2025-11-20 16:16:05,942 - model - INFO - Training KNN model with params: {'n_neighbors': 3, 'metric': 'euclidean', 'weights': 'uniform', 'algorithm': 'auto', 'p': 1}
2025-11-20 16:16:05,945 - model - INFO - Stored trained model with ID: KNN_5
2025-11-20 16:16:06,123 - model - INFO - KNN Validation: Optimal K=3, CV Score=8040551.0352
2025-11-20 16:16:06,123 - model - INFO - Cached model object for KNN_5
2025-11-20 16:16:06,123 - model - INFO - Model KNN trained successfully. CV Score: 8040551.0352
2025-11-20 16:16:11,239 - model - INFO - Model linear_0 evaluation completed. Score: 0.8572
2025-11-20 16:16:11,240 - model - INFO - Model ridge_1 evaluation completed. Score: 0.8572
2025-11-20 16:16:11,241 - model - INFO - Model lasso_2 evaluation completed. Score: 0.8572
2025-11-20 16:16:11,242 - model - INFO - Model decision_tree_3 evaluation completed. Score: 0.9162
2025-11-20 16:16:11,253 - model - INFO - Model random_forest_4 evaluation completed. Score: 0.9741
2025-11-20 16:16:11,278 - model - INFO - Model KNN_5 evaluation completed. Score: 0.8009
2025-11-20 16:16:11,278 - model - INFO - Starting comprehensive model comparison with 6 models
2025-11-20 16:16:11,278 - model - INFO - Training and evaluating linear
2025-11-20 16:16:11,278 - model - INFO - Checking cache for linear with key: linear_[]_-5994766213179548540
2025-11-20 16:16:11,279 - model - INFO - Using cached results for linear
2025-11-20 16:16:11,279 - model - INFO - Model object not cached, retraining linear
2025-11-20 16:16:11,280 - model - INFO - Applied RobustScaler to features for linear
2025-11-20 16:16:11,280 - model - INFO - Training linear model with params: {}
2025-11-20 16:16:11,281 - model - INFO - Stored trained model with ID: linear_6
2025-11-20 16:16:11,294 - model - INFO - Cached model object for linear_6
2025-11-20 16:16:11,294 - model - INFO - Model linear trained successfully. CV Score: 11334988.6883
2025-11-20 16:16:12,101 - model - INFO - Completed evaluation for linear: R² = 0.4446
2025-11-20 16:16:12,101 - model - INFO - Training and evaluating ridge
2025-11-20 16:16:12,101 - model - INFO - Checking cache for ridge with key: ridge_[]_-5994766213179548540
2025-11-20 16:16:12,102 - model - INFO - Using cached results for ridge
2025-11-20 16:16:12,102 - model - INFO - Model object not cached, retraining ridge
2025-11-20 16:16:12,103 - model - INFO - Applied RobustScaler to features for ridge
2025-11-20 16:16:12,103 - model - INFO - Training ridge model with params: {}
2025-11-20 16:16:12,104 - model - INFO - Stored trained model with ID: ridge_7
2025-11-20 16:16:12,116 - model - INFO - Cached model object for ridge_7
2025-11-20 16:16:12,116 - model - INFO - Model ridge trained successfully. CV Score: 11330376.8985
2025-11-20 16:16:12,744 - model - INFO - Completed evaluation for ridge: R² = 0.4538
2025-11-20 16:16:12,744 - model - INFO - Training and evaluating lasso
2025-11-20 16:16:12,744 - model - INFO - Checking cache for lasso with key: lasso_[]_-5994766213179548540
2025-11-20 16:16:12,744 - model - INFO - Using cached results for lasso
2025-11-20 16:16:12,745 - model - INFO - Model object not cached, retraining lasso
2025-11-20 16:16:12,746 - model - INFO - Applied RobustScaler to features for lasso
2025-11-20 16:16:12,746 - model - INFO - Training lasso model with params: {}
2025-11-20 16:16:12,749 - model - INFO - Stored trained model with ID: lasso_8
2025-11-20 16:16:12,765 - model - INFO - Cached model object for lasso_8
2025-11-20 16:16:12,765 - model - INFO - Model lasso trained successfully. CV Score: 11334116.2622
2025-11-20 16:16:13,531 - model - INFO - Completed evaluation for lasso: R² = 0.4457
2025-11-20 16:16:13,531 - model - INFO - Training and evaluating decision_tree
2025-11-20 16:16:13,531 - model - INFO - Checking cache for decision_tree with key: decision_tree_[('max_depth', 10), ('max_features', 'sqrt'), ('min_samples_leaf', 2), ('min_samples_split', 5)]_-5994766213179548540
2025-11-20 16:16:13,532 - model - INFO - Using cached results for decision_tree
2025-11-20 16:16:13,532 - model - INFO - Model object not cached, retraining decision_tree
2025-11-20 16:16:13,532 - model - INFO - Training decision_tree model with params: {'max_depth': 10, 'min_samples_split': 5, 'min_samples_leaf': 2, 'max_features': 'sqrt'}
2025-11-20 16:16:14,300 - model - INFO - Stored trained model with ID: decision_tree_9
2025-11-20 16:16:14,311 - model - INFO - Cached model object for decision_tree_9
2025-11-20 16:16:14,311 - model - INFO - Model decision_tree trained successfully. CV Score: 11583431.5800
2025-11-20 16:16:15,036 - model - INFO - Completed evaluation for decision_tree: R² = 0.9587
2025-11-20 16:16:15,036 - model - INFO - Training and evaluating random_forest
2025-11-20 16:16:15,036 - model - INFO - Checking cache for random_forest with key: random_forest_[('bootstrap', True), ('max_depth', 10), ('max_features', 'sqrt'), ('max_samples', 0.5), ('min_samples_leaf', 2), ('min_samples_split', 5), ('n_estimators', 100)]_-5994766213179548540
2025-11-20 16:16:15,036 - model - INFO - Using cached results for random_forest
2025-11-20 16:16:15,037 - model - INFO - Model object not cached, retraining random_forest
2025-11-20 16:16:15,037 - model - INFO - Training random_forest model with params: {'max_depth': 10, 'min_samples_split': 5, 'min_samples_leaf': 2, 'max_features': 'sqrt', 'n_estimators': 100, 'bootstrap': True, 'max_samples': 0.5}
2025-11-20 16:16:15,124 - model - INFO - Applied bootstrap sampling with max_samples=795
2025-11-20 16:16:15,124 - model - INFO - Stored trained model with ID: random_forest_10
2025-11-20 16:16:15,572 - model - INFO - Cached model object for random_forest_10
2025-11-20 16:16:15,572 - model - INFO - Model random_forest trained successfully. CV Score: 4633745.8637
2025-11-20 16:16:22,943 - model - INFO - Completed evaluation for random_forest: R² = 0.9718
2025-11-20 16:16:22,943 - model - INFO - Training and evaluating KNN
2025-11-20 16:16:22,943 - model - INFO - Starting hyperparameter tuning for KNN
2025-11-20 16:16:27,992 - model - INFO - Tuning completed. Best score: 10699451.8847, Overfitting risk: low
2025-11-20 16:16:27,993 - model - INFO - Checking cache for KNN with key: KNN_[('algorithm', 'auto'), ('metric', 'manhattan'), ('n_neighbors', 7), ('p', 1), ('weights', 'distance')]_-5994766213179548540
2025-11-20 16:16:27,994 - model - INFO - Using cached results for KNN
2025-11-20 16:16:27,994 - model - INFO - Model object not cached, retraining KNN
2025-11-20 16:16:28,003 - model - INFO - Applied RobustScaler to features for KNN
2025-11-20 16:16:28,003 - model - INFO - Training KNN model with params: {'algorithm': 'auto', 'metric': 'manhattan', 'n_neighbors': 7, 'p': 1, 'weights': 'distance'}
2025-11-20 16:16:28,004 - model - INFO - Stored trained model with ID: KNN_11
2025-11-20 16:16:28,045 - model - INFO - KNN Validation: Optimal K=7, CV Score=10699451.8847
2025-11-20 16:16:28,046 - model - INFO - Cached model object for KNN_11
2025-11-20 16:16:28,046 - model - INFO - Model KNN trained successfully. CV Score: 10699451.8847
2025-11-20 16:16:30,256 - model - INFO - Completed evaluation for KNN: R² = 0.8475
2025-11-20 16:16:30,454 - model - ERROR - Failed to generate model comparison visualizations: [Errno 2] No such file or directory: 'visualizations/model_comparison_with_knn.png'
2025-11-20 16:16:30,456 - model - INFO - Saved model comparison report to reports/model_comparison_report_20251120_161630.json
2025-11-20 16:16:30,456 - model - INFO - Model comparison completed. Best model: random_forest (R² = 0.9718)
2025-11-20 16:16:37,743 - model - INFO - Checking cache for linear with key: linear_[('fit_intercept', True), ('polynomial_degree', 1)]_-5994766213179548540
2025-11-20 16:16:37,744 - model - INFO - Using cached results for linear
2025-11-20 16:16:37,744 - model - INFO - Model object not cached, retraining linear
2025-11-20 16:16:37,747 - model - INFO - Applied RobustScaler to features for linear
2025-11-20 16:16:37,747 - model - INFO - Training linear model with params: {'fit_intercept': True, 'polynomial_degree': 1}
2025-11-20 16:16:37,748 - model - INFO - Stored trained model with ID: linear_0
2025-11-20 16:16:37,771 - model - INFO - Cached model object for linear_0
2025-11-20 16:16:37,771 - model - INFO - Model linear trained successfully. CV Score: 11212237.0290
2025-11-20 16:16:39,367 - model - INFO - Checking cache for ridge with key: ridge_[('alpha', 0.001), ('fit_intercept', True), ('polynomial_degree', 1), ('solver', 'auto')]_-5994766213179548540
2025-11-20 16:16:39,367 - model - INFO - Using cached results for ridge
2025-11-20 16:16:39,368 - model - INFO - Model object not cached, retraining ridge
2025-11-20 16:16:39,370 - model - INFO - Applied RobustScaler to features for ridge
2025-11-20 16:16:39,371 - model - INFO - Training ridge model with params: {'alpha': 0.001, 'fit_intercept': True, 'polynomial_degree': 1, 'solver': 'auto'}
2025-11-20 16:16:39,371 - model - INFO - Stored trained model with ID: ridge_1
2025-11-20 16:16:39,391 - model - INFO - Cached model object for ridge_1
2025-11-20 16:16:39,392 - model - INFO - Model ridge trained successfully. CV Score: 11212236.7833
2025-11-20 16:16:40,969 - model - INFO - Checking cache for lasso with key: lasso_[('alpha', 0.001), ('fit_intercept', True), ('max_iter', 1000), ('polynomial_degree', 1), ('selection', 'cyclic')]_-5994766213179548540
2025-11-20 16:16:40,969 - model - INFO - Using cached results for lasso
2025-11-20 16:16:40,969 - model - INFO - Model object not cached, retraining lasso
2025-11-20 16:16:40,972 - model - INFO - Applied RobustScaler to features for lasso
2025-11-20 16:16:40,972 - model - INFO - Training lasso model with params: {'alpha': 0.001, 'fit_intercept': True, 'polynomial_degree': 1, 'selection': 'cyclic', 'max_iter': 1000}
2025-11-20 16:16:41,003 - model - INFO - Stored trained model with ID: lasso_2
2025-11-20 16:16:41,131 - model - INFO - Cached model object for lasso_2
2025-11-20 16:16:41,131 - model - INFO - Model lasso trained successfully. CV Score: 11212236.7357
2025-11-20 16:16:44,890 - model - INFO - Checking cache for decision_tree with key: decision_tree_[('ccp_alpha', 0.0), ('criterion', 'squared_error'), ('max_depth', 10), ('max_features', 'sqrt'), ('min_samples_leaf', 1), ('min_samples_split', 2), ('splitter', 'best')]_-5994766213179548540
2025-11-20 16:16:44,891 - model - INFO - Using cached results for decision_tree
2025-11-20 16:16:44,891 - model - INFO - Model object not cached, retraining decision_tree
2025-11-20 16:16:44,891 - model - INFO - Training decision_tree model with params: {'max_depth': 10, 'min_samples_split': 2, 'min_samples_leaf': 1, 'max_features': 'sqrt', 'criterion': 'squared_error', 'ccp_alpha': 0.0, 'splitter': 'best'}
2025-11-20 16:16:57,809 - model - INFO - Stored trained model with ID: decision_tree_3
2025-11-20 16:16:57,842 - model - INFO - Cached model object for decision_tree_3
2025-11-20 16:16:57,842 - model - INFO - Model decision_tree trained successfully. CV Score: 8854333.7443
2025-11-20 16:16:59,855 - model - INFO - Checking cache for random_forest with key: random_forest_[('bootstrap', True), ('ccp_alpha', 0.0), ('criterion', 'squared_error'), ('max_depth', 10), ('max_features', 'sqrt'), ('max_samples', None), ('min_impurity_decrease', 0.0), ('min_samples_leaf', 1), ('min_samples_split', 2), ('n_estimators', 100)]_-5994766213179548540
2025-11-20 16:16:59,857 - model - INFO - Using cached results for random_forest
2025-11-20 16:16:59,857 - model - INFO - Model object not cached, retraining random_forest
2025-11-20 16:16:59,857 - model - INFO - Training random_forest model with params: {'n_estimators': 100, 'max_depth': 10, 'min_samples_split': 2, 'min_samples_leaf': 1, 'max_features': 'sqrt', 'bootstrap': True, 'criterion': 'squared_error', 'ccp_alpha': 0.0, 'max_samples': None, 'min_impurity_decrease': 0.0}
2025-11-20 16:17:00,270 - model - INFO - Applied bootstrap sampling with max_samples=None
2025-11-20 16:17:00,270 - model - INFO - Stored trained model with ID: random_forest_4
2025-11-20 16:17:02,057 - model - INFO - Cached model object for random_forest_4
2025-11-20 16:17:02,057 - model - INFO - Model random_forest trained successfully. CV Score: 2036000.2735
2025-11-20 16:17:36,922 - model - INFO - Checking cache for KNN with key: KNN_[('algorithm', 'auto'), ('metric', 'euclidean'), ('n_neighbors', 3), ('p', 1), ('weights', 'uniform')]_-5994766213179548540
2025-11-20 16:17:36,923 - model - INFO - Using cached results for KNN
2025-11-20 16:17:36,923 - model - INFO - Model object not cached, retraining KNN
2025-11-20 16:17:36,926 - model - INFO - Applied RobustScaler to features for KNN
2025-11-20 16:17:36,926 - model - INFO - Training KNN model with params: {'n_neighbors': 3, 'metric': 'euclidean', 'weights': 'uniform', 'algorithm': 'auto', 'p': 1}
2025-11-20 16:17:36,928 - model - INFO - Stored trained model with ID: KNN_5
2025-11-20 16:17:37,105 - model - INFO - KNN Validation: Optimal K=3, CV Score=8040551.0352
2025-11-20 16:17:37,106 - model - INFO - Cached model object for KNN_5
2025-11-20 16:17:37,106 - model - INFO - Model KNN trained successfully. CV Score: 8040551.0352
2025-11-20 16:17:42,368 - model - INFO - Model linear_0 evaluation completed. Score: 0.8572
2025-11-20 16:17:42,369 - model - INFO - Model ridge_1 evaluation completed. Score: 0.8572
2025-11-20 16:17:42,369 - model - INFO - Model lasso_2 evaluation completed. Score: 0.8572
2025-11-20 16:17:42,370 - model - INFO - Model decision_tree_3 evaluation completed. Score: 0.9162
2025-11-20 16:17:42,382 - model - INFO - Model random_forest_4 evaluation completed. Score: 0.9741
2025-11-20 16:17:42,407 - model - INFO - Model KNN_5 evaluation completed. Score: 0.8009
2025-11-20 16:17:42,407 - model - INFO - Starting comprehensive model comparison with 6 models
2025-11-20 16:17:42,407 - model - INFO - Training and evaluating linear
2025-11-20 16:17:42,407 - model - INFO - Checking cache for linear with key: linear_[]_-5994766213179548540
2025-11-20 16:17:42,408 - model - INFO - Using cached results for linear
2025-11-20 16:17:42,408 - model - INFO - Model object not cached, retraining linear
2025-11-20 16:17:42,409 - model - INFO - Applied RobustScaler to features for linear
2025-11-20 16:17:42,409 - model - INFO - Training linear model with params: {}
2025-11-20 16:17:42,410 - model - INFO - Stored trained model with ID: linear_6
2025-11-20 16:17:42,423 - model - INFO - Cached model object for linear_6
2025-11-20 16:17:42,423 - model - INFO - Model linear trained successfully. CV Score: 11334988.6883
2025-11-20 16:17:43,092 - model - INFO - Completed evaluation for linear: R² = 0.4446
2025-11-20 16:17:43,094 - model - INFO - Training and evaluating ridge
2025-11-20 16:17:43,094 - model - INFO - Checking cache for ridge with key: ridge_[]_-5994766213179548540
2025-11-20 16:17:43,094 - model - INFO - Using cached results for ridge
2025-11-20 16:17:43,094 - model - INFO - Model object not cached, retraining ridge
2025-11-20 16:17:43,096 - model - INFO - Applied RobustScaler to features for ridge
2025-11-20 16:17:43,096 - model - INFO - Training ridge model with params: {}
2025-11-20 16:17:43,096 - model - INFO - Stored trained model with ID: ridge_7
2025-11-20 16:17:43,109 - model - INFO - Cached model object for ridge_7
2025-11-20 16:17:43,109 - model - INFO - Model ridge trained successfully. CV Score: 11330376.8985
2025-11-20 16:17:43,759 - model - INFO - Completed evaluation for ridge: R² = 0.4538
2025-11-20 16:17:43,759 - model - INFO - Training and evaluating lasso
2025-11-20 16:17:43,759 - model - INFO - Checking cache for lasso with key: lasso_[]_-5994766213179548540
2025-11-20 16:17:43,760 - model - INFO - Using cached results for lasso
2025-11-20 16:17:43,760 - model - INFO - Model object not cached, retraining lasso
2025-11-20 16:17:43,761 - model - INFO - Applied RobustScaler to features for lasso
2025-11-20 16:17:43,761 - model - INFO - Training lasso model with params: {}
2025-11-20 16:17:43,764 - model - INFO - Stored trained model with ID: lasso_8
2025-11-20 16:17:43,780 - model - INFO - Cached model object for lasso_8
2025-11-20 16:17:43,780 - model - INFO - Model lasso trained successfully. CV Score: 11334116.2622
2025-11-20 16:17:44,552 - model - INFO - Completed evaluation for lasso: R² = 0.4457
2025-11-20 16:17:44,552 - model - INFO - Training and evaluating decision_tree
2025-11-20 16:17:44,552 - model - INFO - Checking cache for decision_tree with key: decision_tree_[('max_depth', 10), ('max_features', 'sqrt'), ('min_samples_leaf', 2), ('min_samples_split', 5)]_-5994766213179548540
2025-11-20 16:17:44,552 - model - INFO - Using cached results for decision_tree
2025-11-20 16:17:44,552 - model - INFO - Model object not cached, retraining decision_tree
2025-11-20 16:17:44,552 - model - INFO - Training decision_tree model with params: {'max_depth': 10, 'min_samples_split': 5, 'min_samples_leaf': 2, 'max_features': 'sqrt'}
2025-11-20 16:17:45,320 - model - INFO - Stored trained model with ID: decision_tree_9
2025-11-20 16:17:45,332 - model - INFO - Cached model object for decision_tree_9
2025-11-20 16:17:45,332 - model - INFO - Model decision_tree trained successfully. CV Score: 11583431.5800
2025-11-20 16:17:46,054 - model - INFO - Completed evaluation for decision_tree: R² = 0.9587
2025-11-20 16:17:46,054 - model - INFO - Training and evaluating random_forest
2025-11-20 16:17:46,054 - model - INFO - Checking cache for random_forest with key: random_forest_[('bootstrap', True), ('max_depth', 10), ('max_features', 'sqrt'), ('max_samples', 0.5), ('min_samples_leaf', 2), ('min_samples_split', 5), ('n_estimators', 100)]_-5994766213179548540
2025-11-20 16:17:46,054 - model - INFO - Using cached results for random_forest
2025-11-20 16:17:46,055 - model - INFO - Model object not cached, retraining random_forest
2025-11-20 16:17:46,055 - model - INFO - Training random_forest model with params: {'max_depth': 10, 'min_samples_split': 5, 'min_samples_leaf': 2, 'max_features': 'sqrt', 'n_estimators': 100, 'bootstrap': True, 'max_samples': 0.5}
2025-11-20 16:17:46,137 - model - INFO - Applied bootstrap sampling with max_samples=795
2025-11-20 16:17:46,137 - model - INFO - Stored trained model with ID: random_forest_10
2025-11-20 16:17:46,580 - model - INFO - Cached model object for random_forest_10
2025-11-20 16:17:46,580 - model - INFO - Model random_forest trained successfully. CV Score: 4633745.8637
2025-11-20 16:17:54,211 - model - INFO - Completed evaluation for random_forest: R² = 0.9718
2025-11-20 16:17:54,212 - model - INFO - Training and evaluating KNN
2025-11-20 16:17:54,212 - model - INFO - Starting hyperparameter tuning for KNN
2025-11-20 16:17:57,099 - model - INFO - Tuning completed. Best score: 10699451.8847, Overfitting risk: low
2025-11-20 16:17:57,100 - model - INFO - Checking cache for KNN with key: KNN_[('algorithm', 'auto'), ('metric', 'manhattan'), ('n_neighbors', 7), ('p', 1), ('weights', 'distance')]_-5994766213179548540
2025-11-20 16:17:57,100 - model - INFO - Using cached results for KNN
2025-11-20 16:17:57,100 - model - INFO - Model object not cached, retraining KNN
2025-11-20 16:17:57,102 - model - INFO - Applied RobustScaler to features for KNN
2025-11-20 16:17:57,102 - model - INFO - Training KNN model with params: {'algorithm': 'auto', 'metric': 'manhattan', 'n_neighbors': 7, 'p': 1, 'weights': 'distance'}
2025-11-20 16:17:57,102 - model - INFO - Stored trained model with ID: KNN_11
2025-11-20 16:17:57,142 - model - INFO - KNN Validation: Optimal K=7, CV Score=10699451.8847
2025-11-20 16:17:57,143 - model - INFO - Cached model object for KNN_11
2025-11-20 16:17:57,143 - model - INFO - Model KNN trained successfully. CV Score: 10699451.8847
2025-11-20 16:17:59,077 - model - INFO - Completed evaluation for KNN: R² = 0.8475
2025-11-20 16:17:59,260 - model - ERROR - Failed to generate model comparison visualizations: [Errno 2] No such file or directory: 'visualizations/model_comparison_with_knn.png'
2025-11-20 16:17:59,262 - model - INFO - Saved model comparison report to reports/model_comparison_report_20251120_161759.json
2025-11-20 16:17:59,262 - model - INFO - Model comparison completed. Best model: random_forest (R² = 0.9718)
2025-11-20 16:22:46,177 - model - INFO - Checking cache for linear with key: linear_[('fit_intercept', True), ('polynomial_degree', 1)]_-2032449351608246482
2025-11-20 16:22:46,177 - model - INFO - Using cached results for linear
2025-11-20 16:22:46,178 - model - INFO - Model object not cached, retraining linear
2025-11-20 16:22:46,180 - model - INFO - Applied RobustScaler to features for linear
2025-11-20 16:22:46,181 - model - INFO - Training linear model with params: {'fit_intercept': True, 'polynomial_degree': 1}
2025-11-20 16:22:46,183 - model - INFO - Stored trained model with ID: linear_0
2025-11-20 16:22:46,203 - model - INFO - Cached model object for linear_0
2025-11-20 16:22:46,203 - model - INFO - Model linear trained successfully. CV Score: 11212237.0290
2025-11-20 16:22:48,474 - model - INFO - Checking cache for ridge with key: ridge_[('alpha', 0.001), ('fit_intercept', True), ('polynomial_degree', 1), ('solver', 'auto')]_-2032449351608246482
2025-11-20 16:22:48,474 - model - INFO - Using cached results for ridge
2025-11-20 16:22:48,475 - model - INFO - Model object not cached, retraining ridge
2025-11-20 16:22:48,477 - model - INFO - Applied RobustScaler to features for ridge
2025-11-20 16:22:48,477 - model - INFO - Training ridge model with params: {'alpha': 0.001, 'fit_intercept': True, 'polynomial_degree': 1, 'solver': 'auto'}
2025-11-20 16:22:48,479 - model - INFO - Stored trained model with ID: ridge_1
2025-11-20 16:22:48,499 - model - INFO - Cached model object for ridge_1
2025-11-20 16:22:48,499 - model - INFO - Model ridge trained successfully. CV Score: 11212236.7833
2025-11-20 16:22:50,313 - model - INFO - Checking cache for lasso with key: lasso_[('alpha', 0.001), ('fit_intercept', True), ('max_iter', 1000), ('polynomial_degree', 1), ('selection', 'cyclic')]_-2032449351608246482
2025-11-20 16:22:50,314 - model - INFO - Using cached results for lasso
2025-11-20 16:22:50,314 - model - INFO - Model object not cached, retraining lasso
2025-11-20 16:22:50,317 - model - INFO - Applied RobustScaler to features for lasso
2025-11-20 16:22:50,317 - model - INFO - Training lasso model with params: {'alpha': 0.001, 'fit_intercept': True, 'polynomial_degree': 1, 'selection': 'cyclic', 'max_iter': 1000}
2025-11-20 16:22:50,349 - model - INFO - Stored trained model with ID: lasso_2
2025-11-20 16:22:50,484 - model - INFO - Cached model object for lasso_2
2025-11-20 16:22:50,485 - model - INFO - Model lasso trained successfully. CV Score: 11212236.7357
2025-11-20 16:22:54,424 - model - INFO - Checking cache for decision_tree with key: decision_tree_[('ccp_alpha', 0.0), ('criterion', 'squared_error'), ('max_depth', 10), ('max_features', 'sqrt'), ('min_samples_leaf', 1), ('min_samples_split', 2), ('splitter', 'best')]_-2032449351608246482
2025-11-20 16:22:54,424 - model - INFO - Using cached results for decision_tree
2025-11-20 16:22:54,424 - model - INFO - Model object not cached, retraining decision_tree
2025-11-20 16:22:54,425 - model - INFO - Training decision_tree model with params: {'max_depth': 10, 'min_samples_split': 2, 'min_samples_leaf': 1, 'max_features': 'sqrt', 'criterion': 'squared_error', 'ccp_alpha': 0.0, 'splitter': 'best'}
2025-11-20 16:23:07,669 - model - INFO - Stored trained model with ID: decision_tree_3
2025-11-20 16:23:07,751 - model - INFO - Cached model object for decision_tree_3
2025-11-20 16:23:07,751 - model - INFO - Model decision_tree trained successfully. CV Score: 8854333.7443
2025-11-20 16:23:10,016 - model - INFO - Checking cache for random_forest with key: random_forest_[('bootstrap', True), ('ccp_alpha', 0.0), ('criterion', 'squared_error'), ('max_depth', 10), ('max_features', 'sqrt'), ('max_samples', None), ('min_impurity_decrease', 0.0), ('min_samples_leaf', 1), ('min_samples_split', 2), ('n_estimators', 100)]_-2032449351608246482
2025-11-20 16:23:10,017 - model - INFO - Using cached results for random_forest
2025-11-20 16:23:10,017 - model - INFO - Model object not cached, retraining random_forest
2025-11-20 16:23:10,017 - model - INFO - Training random_forest model with params: {'n_estimators': 100, 'max_depth': 10, 'min_samples_split': 2, 'min_samples_leaf': 1, 'max_features': 'sqrt', 'bootstrap': True, 'criterion': 'squared_error', 'ccp_alpha': 0.0, 'max_samples': None, 'min_impurity_decrease': 0.0}
2025-11-20 16:23:10,436 - model - INFO - Applied bootstrap sampling with max_samples=None
2025-11-20 16:23:10,436 - model - INFO - Stored trained model with ID: random_forest_4
2025-11-20 16:23:12,252 - model - INFO - Cached model object for random_forest_4
2025-11-20 16:23:12,252 - model - INFO - Model random_forest trained successfully. CV Score: 2036000.2735
2025-11-20 16:23:47,668 - model - INFO - Checking cache for KNN with key: KNN_[('algorithm', 'auto'), ('metric', 'euclidean'), ('n_neighbors', 3), ('p', 1), ('weights', 'uniform')]_-2032449351608246482
2025-11-20 16:23:47,669 - model - INFO - Using cached results for KNN
2025-11-20 16:23:47,669 - model - INFO - Model object not cached, retraining KNN
2025-11-20 16:23:47,672 - model - INFO - Applied RobustScaler to features for KNN
2025-11-20 16:23:47,672 - model - INFO - Training KNN model with params: {'n_neighbors': 3, 'metric': 'euclidean', 'weights': 'uniform', 'algorithm': 'auto', 'p': 1}
2025-11-20 16:23:47,675 - model - INFO - Stored trained model with ID: KNN_5
2025-11-20 16:23:47,856 - model - INFO - KNN Validation: Optimal K=3, CV Score=8040551.0352
2025-11-20 16:23:47,857 - model - INFO - Cached model object for KNN_5
2025-11-20 16:23:47,857 - model - INFO - Model KNN trained successfully. CV Score: 8040551.0352
2025-11-20 16:23:53,410 - model - INFO - Model linear_0 evaluation completed. Score: 0.8572
2025-11-20 16:23:53,411 - model - INFO - Model ridge_1 evaluation completed. Score: 0.8572
2025-11-20 16:23:53,412 - model - INFO - Model lasso_2 evaluation completed. Score: 0.8572
2025-11-20 16:23:53,413 - model - INFO - Model decision_tree_3 evaluation completed. Score: 0.9162
2025-11-20 16:23:53,428 - model - INFO - Model random_forest_4 evaluation completed. Score: 0.9741
2025-11-20 16:23:53,456 - model - INFO - Model KNN_5 evaluation completed. Score: 0.8009
2025-11-20 16:23:53,456 - model - INFO - Starting comprehensive model comparison with 6 models
2025-11-20 16:23:53,456 - model - INFO - Training and evaluating linear
2025-11-20 16:23:53,456 - model - INFO - Checking cache for linear with key: linear_[]_-2032449351608246482
2025-11-20 16:23:53,457 - model - INFO - Using cached results for linear
2025-11-20 16:23:53,457 - model - INFO - Model object not cached, retraining linear
2025-11-20 16:23:53,460 - model - INFO - Applied RobustScaler to features for linear
2025-11-20 16:23:53,460 - model - INFO - Training linear model with params: {}
2025-11-20 16:23:53,461 - model - INFO - Stored trained model with ID: linear_6
2025-11-20 16:23:53,476 - model - INFO - Cached model object for linear_6
2025-11-20 16:23:53,476 - model - INFO - Model linear trained successfully. CV Score: 11334988.6883
2025-11-20 16:23:54,349 - model - INFO - Completed evaluation for linear: R² = 0.4446
2025-11-20 16:23:54,349 - model - INFO - Training and evaluating ridge
2025-11-20 16:23:54,349 - model - INFO - Checking cache for ridge with key: ridge_[]_-2032449351608246482
2025-11-20 16:23:54,349 - model - INFO - Using cached results for ridge
2025-11-20 16:23:54,349 - model - INFO - Model object not cached, retraining ridge
2025-11-20 16:23:54,351 - model - INFO - Applied RobustScaler to features for ridge
2025-11-20 16:23:54,351 - model - INFO - Training ridge model with params: {}
2025-11-20 16:23:54,351 - model - INFO - Stored trained model with ID: ridge_7
2025-11-20 16:23:54,365 - model - INFO - Cached model object for ridge_7
2025-11-20 16:23:54,365 - model - INFO - Model ridge trained successfully. CV Score: 11330376.8985
2025-11-20 16:23:55,013 - model - INFO - Completed evaluation for ridge: R² = 0.4538
2025-11-20 16:23:55,013 - model - INFO - Training and evaluating lasso
2025-11-20 16:23:55,013 - model - INFO - Checking cache for lasso with key: lasso_[]_-2032449351608246482
2025-11-20 16:23:55,014 - model - INFO - Using cached results for lasso
2025-11-20 16:23:55,014 - model - INFO - Model object not cached, retraining lasso
2025-11-20 16:23:55,015 - model - INFO - Applied RobustScaler to features for lasso
2025-11-20 16:23:55,015 - model - INFO - Training lasso model with params: {}
2025-11-20 16:23:55,018 - model - INFO - Stored trained model with ID: lasso_8
2025-11-20 16:23:55,033 - model - INFO - Cached model object for lasso_8
2025-11-20 16:23:55,033 - model - INFO - Model lasso trained successfully. CV Score: 11334116.2622
2025-11-20 16:23:55,959 - model - INFO - Completed evaluation for lasso: R² = 0.4457
2025-11-20 16:23:55,959 - model - INFO - Training and evaluating decision_tree
2025-11-20 16:23:55,959 - model - INFO - Checking cache for decision_tree with key: decision_tree_[('max_depth', 10), ('max_features', 'sqrt'), ('min_samples_leaf', 2), ('min_samples_split', 5)]_-2032449351608246482
2025-11-20 16:23:55,960 - model - INFO - Using cached results for decision_tree
2025-11-20 16:23:55,960 - model - INFO - Model object not cached, retraining decision_tree
2025-11-20 16:23:55,961 - model - INFO - Training decision_tree model with params: {'max_depth': 10, 'min_samples_split': 5, 'min_samples_leaf': 2, 'max_features': 'sqrt'}
2025-11-20 16:23:56,821 - model - INFO - Stored trained model with ID: decision_tree_9
2025-11-20 16:23:56,833 - model - INFO - Cached model object for decision_tree_9
2025-11-20 16:23:56,833 - model - INFO - Model decision_tree trained successfully. CV Score: 11583431.5800
2025-11-20 16:23:57,568 - model - INFO - Completed evaluation for decision_tree: R² = 0.9587
2025-11-20 16:23:57,568 - model - INFO - Training and evaluating random_forest
2025-11-20 16:23:57,568 - model - INFO - Checking cache for random_forest with key: random_forest_[('bootstrap', True), ('max_depth', 10), ('max_features', 'sqrt'), ('max_samples', 0.5), ('min_samples_leaf', 2), ('min_samples_split', 5), ('n_estimators', 100)]_-2032449351608246482
2025-11-20 16:23:57,568 - model - INFO - Using cached results for random_forest
2025-11-20 16:23:57,568 - model - INFO - Model object not cached, retraining random_forest
2025-11-20 16:23:57,569 - model - INFO - Training random_forest model with params: {'max_depth': 10, 'min_samples_split': 5, 'min_samples_leaf': 2, 'max_features': 'sqrt', 'n_estimators': 100, 'bootstrap': True, 'max_samples': 0.5}
2025-11-20 16:23:57,654 - model - INFO - Applied bootstrap sampling with max_samples=795
2025-11-20 16:23:57,654 - model - INFO - Stored trained model with ID: random_forest_10
2025-11-20 16:23:58,096 - model - INFO - Cached model object for random_forest_10
2025-11-20 16:23:58,096 - model - INFO - Model random_forest trained successfully. CV Score: 4633745.8637
2025-11-20 16:24:05,507 - model - INFO - Completed evaluation for random_forest: R² = 0.9718
2025-11-20 16:24:05,507 - model - INFO - Training and evaluating KNN
2025-11-20 16:24:05,507 - model - INFO - Starting hyperparameter tuning for KNN
2025-11-20 16:24:10,348 - model - INFO - Tuning completed. Best score: 10699451.8847, Overfitting risk: low
2025-11-20 16:24:10,348 - model - INFO - Checking cache for KNN with key: KNN_[('algorithm', 'auto'), ('metric', 'manhattan'), ('n_neighbors', 7), ('p', 1), ('weights', 'distance')]_-2032449351608246482
2025-11-20 16:24:10,351 - model - INFO - Using cached results for KNN
2025-11-20 16:24:10,351 - model - INFO - Model object not cached, retraining KNN
2025-11-20 16:24:10,355 - model - INFO - Applied RobustScaler to features for KNN
2025-11-20 16:24:10,355 - model - INFO - Training KNN model with params: {'algorithm': 'auto', 'metric': 'manhattan', 'n_neighbors': 7, 'p': 1, 'weights': 'distance'}
2025-11-20 16:24:10,356 - model - INFO - Stored trained model with ID: KNN_11
2025-11-20 16:24:10,400 - model - INFO - KNN Validation: Optimal K=7, CV Score=10699451.8847
2025-11-20 16:24:10,401 - model - INFO - Cached model object for KNN_11
2025-11-20 16:24:10,401 - model - INFO - Model KNN trained successfully. CV Score: 10699451.8847
2025-11-20 16:24:12,654 - model - INFO - Completed evaluation for KNN: R² = 0.8475
2025-11-20 16:24:12,849 - model - ERROR - Failed to generate model comparison visualizations: [Errno 2] No such file or directory: 'visualizations/model_comparison_with_knn.png'
2025-11-20 16:24:12,850 - model - INFO - Saved model comparison report to reports/model_comparison_report_20251120_162412.json
2025-11-20 16:24:12,850 - model - INFO - Model comparison completed. Best model: random_forest (R² = 0.9718)
2025-11-20 16:24:20,392 - model - INFO - Checking cache for linear with key: linear_[('fit_intercept', True), ('polynomial_degree', 1)]_-2032449351608246482
2025-11-20 16:24:20,393 - model - INFO - Using cached results for linear
2025-11-20 16:24:20,393 - model - INFO - Model object not cached, retraining linear
2025-11-20 16:24:20,396 - model - INFO - Applied RobustScaler to features for linear
2025-11-20 16:24:20,396 - model - INFO - Training linear model with params: {'fit_intercept': True, 'polynomial_degree': 1}
2025-11-20 16:24:20,397 - model - INFO - Stored trained model with ID: linear_0
2025-11-20 16:24:20,419 - model - INFO - Cached model object for linear_0
2025-11-20 16:24:20,419 - model - INFO - Model linear trained successfully. CV Score: 11212237.0290
2025-11-20 16:24:22,176 - model - INFO - Checking cache for ridge with key: ridge_[('alpha', 0.001), ('fit_intercept', True), ('polynomial_degree', 1), ('solver', 'auto')]_-2032449351608246482
2025-11-20 16:24:22,177 - model - INFO - Using cached results for ridge
2025-11-20 16:24:22,177 - model - INFO - Model object not cached, retraining ridge
2025-11-20 16:24:22,180 - model - INFO - Applied RobustScaler to features for ridge
2025-11-20 16:24:22,180 - model - INFO - Training ridge model with params: {'alpha': 0.001, 'fit_intercept': True, 'polynomial_degree': 1, 'solver': 'auto'}
2025-11-20 16:24:22,181 - model - INFO - Stored trained model with ID: ridge_1
2025-11-20 16:24:22,201 - model - INFO - Cached model object for ridge_1
2025-11-20 16:24:22,201 - model - INFO - Model ridge trained successfully. CV Score: 11212236.7833
2025-11-20 16:24:23,921 - model - INFO - Checking cache for lasso with key: lasso_[('alpha', 0.001), ('fit_intercept', True), ('max_iter', 1000), ('polynomial_degree', 1), ('selection', 'cyclic')]_-2032449351608246482
2025-11-20 16:24:23,921 - model - INFO - Using cached results for lasso
2025-11-20 16:24:23,921 - model - INFO - Model object not cached, retraining lasso
2025-11-20 16:24:23,924 - model - INFO - Applied RobustScaler to features for lasso
2025-11-20 16:24:23,924 - model - INFO - Training lasso model with params: {'alpha': 0.001, 'fit_intercept': True, 'polynomial_degree': 1, 'selection': 'cyclic', 'max_iter': 1000}
2025-11-20 16:24:23,956 - model - INFO - Stored trained model with ID: lasso_2
2025-11-20 16:24:24,088 - model - INFO - Cached model object for lasso_2
2025-11-20 16:24:24,088 - model - INFO - Model lasso trained successfully. CV Score: 11212236.7357
2025-11-20 16:24:28,010 - model - INFO - Checking cache for decision_tree with key: decision_tree_[('ccp_alpha', 0.0), ('criterion', 'squared_error'), ('max_depth', 10), ('max_features', 'sqrt'), ('min_samples_leaf', 1), ('min_samples_split', 2), ('splitter', 'best')]_-2032449351608246482
2025-11-20 16:24:28,011 - model - INFO - Using cached results for decision_tree
2025-11-20 16:24:28,011 - model - INFO - Model object not cached, retraining decision_tree
2025-11-20 16:24:28,011 - model - INFO - Training decision_tree model with params: {'max_depth': 10, 'min_samples_split': 2, 'min_samples_leaf': 1, 'max_features': 'sqrt', 'criterion': 'squared_error', 'ccp_alpha': 0.0, 'splitter': 'best'}
2025-11-20 16:24:40,972 - model - INFO - Stored trained model with ID: decision_tree_3
2025-11-20 16:24:41,006 - model - INFO - Cached model object for decision_tree_3
2025-11-20 16:24:41,006 - model - INFO - Model decision_tree trained successfully. CV Score: 8854333.7443
2025-11-20 16:24:43,254 - model - INFO - Checking cache for random_forest with key: random_forest_[('bootstrap', True), ('ccp_alpha', 0.0), ('criterion', 'squared_error'), ('max_depth', 10), ('max_features', 'sqrt'), ('max_samples', None), ('min_impurity_decrease', 0.0), ('min_samples_leaf', 1), ('min_samples_split', 2), ('n_estimators', 100)]_-2032449351608246482
2025-11-20 16:24:43,254 - model - INFO - Using cached results for random_forest
2025-11-20 16:24:43,255 - model - INFO - Model object not cached, retraining random_forest
2025-11-20 16:24:43,255 - model - INFO - Training random_forest model with params: {'n_estimators': 100, 'max_depth': 10, 'min_samples_split': 2, 'min_samples_leaf': 1, 'max_features': 'sqrt', 'bootstrap': True, 'criterion': 'squared_error', 'ccp_alpha': 0.0, 'max_samples': None, 'min_impurity_decrease': 0.0}
2025-11-20 16:24:43,663 - model - INFO - Applied bootstrap sampling with max_samples=None
2025-11-20 16:24:43,663 - model - INFO - Stored trained model with ID: random_forest_4
2025-11-20 16:24:45,432 - model - INFO - Cached model object for random_forest_4
2025-11-20 16:24:45,432 - model - INFO - Model random_forest trained successfully. CV Score: 2036000.2735
2025-11-20 16:25:20,799 - model - INFO - Checking cache for KNN with key: KNN_[('algorithm', 'auto'), ('metric', 'euclidean'), ('n_neighbors', 3), ('p', 1), ('weights', 'uniform')]_-2032449351608246482
2025-11-20 16:25:20,800 - model - INFO - Using cached results for KNN
2025-11-20 16:25:20,800 - model - INFO - Model object not cached, retraining KNN
2025-11-20 16:25:20,804 - model - INFO - Applied RobustScaler to features for KNN
2025-11-20 16:25:20,805 - model - INFO - Training KNN model with params: {'n_neighbors': 3, 'metric': 'euclidean', 'weights': 'uniform', 'algorithm': 'auto', 'p': 1}
2025-11-20 16:25:20,806 - model - INFO - Stored trained model with ID: KNN_5
2025-11-20 16:25:20,985 - model - INFO - KNN Validation: Optimal K=3, CV Score=8040551.0352
2025-11-20 16:25:20,985 - model - INFO - Cached model object for KNN_5
2025-11-20 16:25:20,986 - model - INFO - Model KNN trained successfully. CV Score: 8040551.0352
2025-11-20 16:25:26,414 - model - INFO - Model linear_0 evaluation completed. Score: 0.8572
2025-11-20 16:25:26,416 - model - INFO - Model ridge_1 evaluation completed. Score: 0.8572
2025-11-20 16:25:26,417 - model - INFO - Model lasso_2 evaluation completed. Score: 0.8572
2025-11-20 16:25:26,418 - model - INFO - Model decision_tree_3 evaluation completed. Score: 0.9162
2025-11-20 16:25:26,430 - model - INFO - Model random_forest_4 evaluation completed. Score: 0.9741
2025-11-20 16:25:26,456 - model - INFO - Model KNN_5 evaluation completed. Score: 0.8009
2025-11-20 16:25:26,456 - model - INFO - Starting comprehensive model comparison with 6 models
2025-11-20 16:25:26,456 - model - INFO - Training and evaluating linear
2025-11-20 16:25:26,456 - model - INFO - Checking cache for linear with key: linear_[]_-2032449351608246482
2025-11-20 16:25:26,457 - model - INFO - Using cached results for linear
2025-11-20 16:25:26,457 - model - INFO - Model object not cached, retraining linear
2025-11-20 16:25:26,458 - model - INFO - Applied RobustScaler to features for linear
2025-11-20 16:25:26,458 - model - INFO - Training linear model with params: {}
2025-11-20 16:25:26,459 - model - INFO - Stored trained model with ID: linear_6
2025-11-20 16:25:26,472 - model - INFO - Cached model object for linear_6
2025-11-20 16:25:26,472 - model - INFO - Model linear trained successfully. CV Score: 11334988.6883
2025-11-20 16:25:27,141 - model - INFO - Completed evaluation for linear: R² = 0.4446
2025-11-20 16:25:27,141 - model - INFO - Training and evaluating ridge
2025-11-20 16:25:27,141 - model - INFO - Checking cache for ridge with key: ridge_[]_-2032449351608246482
2025-11-20 16:25:27,141 - model - INFO - Using cached results for ridge
2025-11-20 16:25:27,141 - model - INFO - Model object not cached, retraining ridge
2025-11-20 16:25:27,143 - model - INFO - Applied RobustScaler to features for ridge
2025-11-20 16:25:27,143 - model - INFO - Training ridge model with params: {}
2025-11-20 16:25:27,144 - model - INFO - Stored trained model with ID: ridge_7
2025-11-20 16:25:27,156 - model - INFO - Cached model object for ridge_7
2025-11-20 16:25:27,156 - model - INFO - Model ridge trained successfully. CV Score: 11330376.8985
2025-11-20 16:25:27,806 - model - INFO - Completed evaluation for ridge: R² = 0.4538
2025-11-20 16:25:27,806 - model - INFO - Training and evaluating lasso
2025-11-20 16:25:27,806 - model - INFO - Checking cache for lasso with key: lasso_[]_-2032449351608246482
2025-11-20 16:25:27,806 - model - INFO - Using cached results for lasso
2025-11-20 16:25:27,807 - model - INFO - Model object not cached, retraining lasso
2025-11-20 16:25:27,808 - model - INFO - Applied RobustScaler to features for lasso
2025-11-20 16:25:27,808 - model - INFO - Training lasso model with params: {}
2025-11-20 16:25:27,810 - model - INFO - Stored trained model with ID: lasso_8
2025-11-20 16:25:27,827 - model - INFO - Cached model object for lasso_8
2025-11-20 16:25:27,827 - model - INFO - Model lasso trained successfully. CV Score: 11334116.2622
2025-11-20 16:25:28,605 - model - INFO - Completed evaluation for lasso: R² = 0.4457
2025-11-20 16:25:28,605 - model - INFO - Training and evaluating decision_tree
2025-11-20 16:25:28,605 - model - INFO - Checking cache for decision_tree with key: decision_tree_[('max_depth', 10), ('max_features', 'sqrt'), ('min_samples_leaf', 2), ('min_samples_split', 5)]_-2032449351608246482
2025-11-20 16:25:28,606 - model - INFO - Using cached results for decision_tree
2025-11-20 16:25:28,606 - model - INFO - Model object not cached, retraining decision_tree
2025-11-20 16:25:28,606 - model - INFO - Training decision_tree model with params: {'max_depth': 10, 'min_samples_split': 5, 'min_samples_leaf': 2, 'max_features': 'sqrt'}
2025-11-20 16:25:29,389 - model - INFO - Stored trained model with ID: decision_tree_9
2025-11-20 16:25:29,401 - model - INFO - Cached model object for decision_tree_9
2025-11-20 16:25:29,401 - model - INFO - Model decision_tree trained successfully. CV Score: 11583431.5800
2025-11-20 16:25:30,155 - model - INFO - Completed evaluation for decision_tree: R² = 0.9587
2025-11-20 16:25:30,155 - model - INFO - Training and evaluating random_forest
2025-11-20 16:25:30,155 - model - INFO - Checking cache for random_forest with key: random_forest_[('bootstrap', True), ('max_depth', 10), ('max_features', 'sqrt'), ('max_samples', 0.5), ('min_samples_leaf', 2), ('min_samples_split', 5), ('n_estimators', 100)]_-2032449351608246482
2025-11-20 16:25:30,156 - model - INFO - Using cached results for random_forest
2025-11-20 16:25:30,156 - model - INFO - Model object not cached, retraining random_forest
2025-11-20 16:25:30,156 - model - INFO - Training random_forest model with params: {'max_depth': 10, 'min_samples_split': 5, 'min_samples_leaf': 2, 'max_features': 'sqrt', 'n_estimators': 100, 'bootstrap': True, 'max_samples': 0.5}
2025-11-20 16:25:30,240 - model - INFO - Applied bootstrap sampling with max_samples=795
2025-11-20 16:25:30,240 - model - INFO - Stored trained model with ID: random_forest_10
2025-11-20 16:25:30,688 - model - INFO - Cached model object for random_forest_10
2025-11-20 16:25:30,688 - model - INFO - Model random_forest trained successfully. CV Score: 4633745.8637
2025-11-20 16:25:38,469 - model - INFO - Completed evaluation for random_forest: R² = 0.9718
2025-11-20 16:25:38,470 - model - INFO - Training and evaluating KNN
2025-11-20 16:25:38,470 - model - INFO - Starting hyperparameter tuning for KNN
2025-11-20 16:25:41,351 - model - INFO - Tuning completed. Best score: 10699451.8847, Overfitting risk: low
2025-11-20 16:25:41,351 - model - INFO - Checking cache for KNN with key: KNN_[('algorithm', 'auto'), ('metric', 'manhattan'), ('n_neighbors', 7), ('p', 1), ('weights', 'distance')]_-2032449351608246482
2025-11-20 16:25:41,352 - model - INFO - Using cached results for KNN
2025-11-20 16:25:41,352 - model - INFO - Model object not cached, retraining KNN
2025-11-20 16:25:41,354 - model - INFO - Applied RobustScaler to features for KNN
2025-11-20 16:25:41,354 - model - INFO - Training KNN model with params: {'algorithm': 'auto', 'metric': 'manhattan', 'n_neighbors': 7, 'p': 1, 'weights': 'distance'}
2025-11-20 16:25:41,354 - model - INFO - Stored trained model with ID: KNN_11
2025-11-20 16:25:41,397 - model - INFO - KNN Validation: Optimal K=7, CV Score=10699451.8847
2025-11-20 16:25:41,416 - model - INFO - Cached model object for KNN_11
2025-11-20 16:25:41,416 - model - INFO - Model KNN trained successfully. CV Score: 10699451.8847
2025-11-20 16:25:43,409 - model - INFO - Completed evaluation for KNN: R² = 0.8475
2025-11-20 16:25:43,580 - model - ERROR - Failed to generate model comparison visualizations: [Errno 2] No such file or directory: 'visualizations/model_comparison_with_knn.png'
2025-11-20 16:25:43,582 - model - INFO - Saved model comparison report to reports/model_comparison_report_20251120_162543.json
2025-11-20 16:25:43,582 - model - INFO - Model comparison completed. Best model: random_forest (R² = 0.9718)
2025-11-20 16:28:40,565 - model - INFO - Checking cache for linear with key: linear_[('fit_intercept', True), ('polynomial_degree', 1)]_3140508627739443187
2025-11-20 16:28:40,565 - model - INFO - Using cached results for linear
2025-11-20 16:28:40,566 - model - INFO - Model object not cached, retraining linear
2025-11-20 16:28:40,569 - model - INFO - Applied RobustScaler to features for linear
2025-11-20 16:28:40,569 - model - INFO - Training linear model with params: {'fit_intercept': True, 'polynomial_degree': 1}
2025-11-20 16:28:40,570 - model - INFO - Stored trained model with ID: linear_0
2025-11-20 16:28:40,593 - model - INFO - Cached model object for linear_0
2025-11-20 16:28:40,593 - model - INFO - Model linear trained successfully. CV Score: 11212237.0290
2025-11-20 16:28:43,016 - model - INFO - Checking cache for ridge with key: ridge_[('alpha', 0.001), ('fit_intercept', True), ('polynomial_degree', 1), ('solver', 'auto')]_3140508627739443187
2025-11-20 16:28:43,017 - model - INFO - Using cached results for ridge
2025-11-20 16:28:43,017 - model - INFO - Model object not cached, retraining ridge
2025-11-20 16:28:43,020 - model - INFO - Applied RobustScaler to features for ridge
2025-11-20 16:28:43,020 - model - INFO - Training ridge model with params: {'alpha': 0.001, 'fit_intercept': True, 'polynomial_degree': 1, 'solver': 'auto'}
2025-11-20 16:28:43,022 - model - INFO - Stored trained model with ID: ridge_1
2025-11-20 16:28:43,042 - model - INFO - Cached model object for ridge_1
2025-11-20 16:28:43,042 - model - INFO - Model ridge trained successfully. CV Score: 11212236.7833
2025-11-20 16:28:44,912 - model - INFO - Checking cache for lasso with key: lasso_[('alpha', 0.001), ('fit_intercept', True), ('max_iter', 1000), ('polynomial_degree', 1), ('selection', 'cyclic')]_3140508627739443187
2025-11-20 16:28:44,912 - model - INFO - Using cached results for lasso
2025-11-20 16:28:44,912 - model - INFO - Model object not cached, retraining lasso
2025-11-20 16:28:44,916 - model - INFO - Applied RobustScaler to features for lasso
2025-11-20 16:28:44,916 - model - INFO - Training lasso model with params: {'alpha': 0.001, 'fit_intercept': True, 'polynomial_degree': 1, 'selection': 'cyclic', 'max_iter': 1000}
2025-11-20 16:28:44,947 - model - INFO - Stored trained model with ID: lasso_2
2025-11-20 16:28:45,089 - model - INFO - Cached model object for lasso_2
2025-11-20 16:28:45,089 - model - INFO - Model lasso trained successfully. CV Score: 11212236.7357
2025-11-20 16:28:49,155 - model - INFO - Checking cache for decision_tree with key: decision_tree_[('ccp_alpha', 0.0), ('criterion', 'squared_error'), ('max_depth', 10), ('max_features', 'sqrt'), ('min_samples_leaf', 1), ('min_samples_split', 2), ('splitter', 'best')]_3140508627739443187
2025-11-20 16:28:49,157 - model - INFO - Using cached results for decision_tree
2025-11-20 16:28:49,158 - model - INFO - Model object not cached, retraining decision_tree
2025-11-20 16:28:49,158 - model - INFO - Training decision_tree model with params: {'max_depth': 10, 'min_samples_split': 2, 'min_samples_leaf': 1, 'max_features': 'sqrt', 'criterion': 'squared_error', 'ccp_alpha': 0.0, 'splitter': 'best'}
2025-11-20 16:29:02,397 - model - INFO - Stored trained model with ID: decision_tree_3
2025-11-20 16:29:02,455 - model - INFO - Cached model object for decision_tree_3
2025-11-20 16:29:02,455 - model - INFO - Model decision_tree trained successfully. CV Score: 8854333.7443
2025-11-20 16:29:04,836 - model - INFO - Checking cache for random_forest with key: random_forest_[('bootstrap', True), ('ccp_alpha', 0.0), ('criterion', 'squared_error'), ('max_depth', 10), ('max_features', 'sqrt'), ('max_samples', None), ('min_impurity_decrease', 0.0), ('min_samples_leaf', 1), ('min_samples_split', 2), ('n_estimators', 100)]_3140508627739443187
2025-11-20 16:29:04,836 - model - INFO - Using cached results for random_forest
2025-11-20 16:29:04,836 - model - INFO - Model object not cached, retraining random_forest
2025-11-20 16:29:04,836 - model - INFO - Training random_forest model with params: {'n_estimators': 100, 'max_depth': 10, 'min_samples_split': 2, 'min_samples_leaf': 1, 'max_features': 'sqrt', 'bootstrap': True, 'criterion': 'squared_error', 'ccp_alpha': 0.0, 'max_samples': None, 'min_impurity_decrease': 0.0}
2025-11-20 16:29:05,257 - model - INFO - Applied bootstrap sampling with max_samples=None
2025-11-20 16:29:05,257 - model - INFO - Stored trained model with ID: random_forest_4
2025-11-20 16:29:07,095 - model - INFO - Cached model object for random_forest_4
2025-11-20 16:29:07,095 - model - INFO - Model random_forest trained successfully. CV Score: 2036000.2735
2025-11-20 16:29:42,736 - model - INFO - Checking cache for KNN with key: KNN_[('algorithm', 'auto'), ('metric', 'euclidean'), ('n_neighbors', 3), ('p', 1), ('weights', 'uniform')]_3140508627739443187
2025-11-20 16:29:42,737 - model - INFO - Using cached results for KNN
2025-11-20 16:29:42,737 - model - INFO - Model object not cached, retraining KNN
2025-11-20 16:29:42,740 - model - INFO - Applied RobustScaler to features for KNN
2025-11-20 16:29:42,740 - model - INFO - Training KNN model with params: {'n_neighbors': 3, 'metric': 'euclidean', 'weights': 'uniform', 'algorithm': 'auto', 'p': 1}
2025-11-20 16:29:42,743 - model - INFO - Stored trained model with ID: KNN_5
2025-11-20 16:29:42,928 - model - INFO - KNN Validation: Optimal K=3, CV Score=8040551.0352
2025-11-20 16:29:42,929 - model - INFO - Cached model object for KNN_5
2025-11-20 16:29:42,929 - model - INFO - Model KNN trained successfully. CV Score: 8040551.0352
2025-11-20 16:29:48,490 - model - INFO - Model linear_0 evaluation completed. Score: 0.8572
2025-11-20 16:29:48,491 - model - INFO - Model ridge_1 evaluation completed. Score: 0.8572
2025-11-20 16:29:48,492 - model - INFO - Model lasso_2 evaluation completed. Score: 0.8572
2025-11-20 16:29:48,493 - model - INFO - Model decision_tree_3 evaluation completed. Score: 0.9162
2025-11-20 16:29:48,505 - model - INFO - Model random_forest_4 evaluation completed. Score: 0.9741
2025-11-20 16:29:48,532 - model - INFO - Model KNN_5 evaluation completed. Score: 0.8009
2025-11-20 16:29:48,532 - model - INFO - Starting comprehensive model comparison with 6 models
2025-11-20 16:29:48,532 - model - INFO - Training and evaluating linear
2025-11-20 16:29:48,532 - model - INFO - Checking cache for linear with key: linear_[]_3140508627739443187
2025-11-20 16:29:48,532 - model - INFO - Using cached results for linear
2025-11-20 16:29:48,532 - model - INFO - Model object not cached, retraining linear
2025-11-20 16:29:48,534 - model - INFO - Applied RobustScaler to features for linear
2025-11-20 16:29:48,534 - model - INFO - Training linear model with params: {}
2025-11-20 16:29:48,535 - model - INFO - Stored trained model with ID: linear_6
2025-11-20 16:29:48,548 - model - INFO - Cached model object for linear_6
2025-11-20 16:29:48,548 - model - INFO - Model linear trained successfully. CV Score: 11334988.6883
2025-11-20 16:29:49,383 - model - INFO - Completed evaluation for linear: R² = 0.4446
2025-11-20 16:29:49,383 - model - INFO - Training and evaluating ridge
2025-11-20 16:29:49,384 - model - INFO - Checking cache for ridge with key: ridge_[]_3140508627739443187
2025-11-20 16:29:49,384 - model - INFO - Using cached results for ridge
2025-11-20 16:29:49,384 - model - INFO - Model object not cached, retraining ridge
2025-11-20 16:29:49,386 - model - INFO - Applied RobustScaler to features for ridge
2025-11-20 16:29:49,386 - model - INFO - Training ridge model with params: {}
2025-11-20 16:29:49,386 - model - INFO - Stored trained model with ID: ridge_7
2025-11-20 16:29:49,400 - model - INFO - Cached model object for ridge_7
2025-11-20 16:29:49,400 - model - INFO - Model ridge trained successfully. CV Score: 11330376.8985
2025-11-20 16:29:50,053 - model - INFO - Completed evaluation for ridge: R² = 0.4538
2025-11-20 16:29:50,053 - model - INFO - Training and evaluating lasso
2025-11-20 16:29:50,053 - model - INFO - Checking cache for lasso with key: lasso_[]_3140508627739443187
2025-11-20 16:29:50,054 - model - INFO - Using cached results for lasso
2025-11-20 16:29:50,054 - model - INFO - Model object not cached, retraining lasso
2025-11-20 16:29:50,056 - model - INFO - Applied RobustScaler to features for lasso
2025-11-20 16:29:50,056 - model - INFO - Training lasso model with params: {}
2025-11-20 16:29:50,058 - model - INFO - Stored trained model with ID: lasso_8
2025-11-20 16:29:50,073 - model - INFO - Cached model object for lasso_8
2025-11-20 16:29:50,074 - model - INFO - Model lasso trained successfully. CV Score: 11334116.2622
2025-11-20 16:29:50,847 - model - INFO - Completed evaluation for lasso: R² = 0.4457
2025-11-20 16:29:50,847 - model - INFO - Training and evaluating decision_tree
2025-11-20 16:29:50,847 - model - INFO - Checking cache for decision_tree with key: decision_tree_[('max_depth', 10), ('max_features', 'sqrt'), ('min_samples_leaf', 2), ('min_samples_split', 5)]_3140508627739443187
2025-11-20 16:29:50,847 - model - INFO - Using cached results for decision_tree
2025-11-20 16:29:50,847 - model - INFO - Model object not cached, retraining decision_tree
2025-11-20 16:29:50,847 - model - INFO - Training decision_tree model with params: {'max_depth': 10, 'min_samples_split': 5, 'min_samples_leaf': 2, 'max_features': 'sqrt'}
2025-11-20 16:29:51,627 - model - INFO - Stored trained model with ID: decision_tree_9
2025-11-20 16:29:51,639 - model - INFO - Cached model object for decision_tree_9
2025-11-20 16:29:51,639 - model - INFO - Model decision_tree trained successfully. CV Score: 11583431.5800
2025-11-20 16:29:52,369 - model - INFO - Completed evaluation for decision_tree: R² = 0.9587
2025-11-20 16:29:52,369 - model - INFO - Training and evaluating random_forest
2025-11-20 16:29:52,370 - model - INFO - Checking cache for random_forest with key: random_forest_[('bootstrap', True), ('max_depth', 10), ('max_features', 'sqrt'), ('max_samples', 0.5), ('min_samples_leaf', 2), ('min_samples_split', 5), ('n_estimators', 100)]_3140508627739443187
2025-11-20 16:29:52,370 - model - INFO - Using cached results for random_forest
2025-11-20 16:29:52,370 - model - INFO - Model object not cached, retraining random_forest
2025-11-20 16:29:52,370 - model - INFO - Training random_forest model with params: {'max_depth': 10, 'min_samples_split': 5, 'min_samples_leaf': 2, 'max_features': 'sqrt', 'n_estimators': 100, 'bootstrap': True, 'max_samples': 0.5}
2025-11-20 16:29:52,455 - model - INFO - Applied bootstrap sampling with max_samples=795
2025-11-20 16:29:52,455 - model - INFO - Stored trained model with ID: random_forest_10
2025-11-20 16:29:52,901 - model - INFO - Cached model object for random_forest_10
2025-11-20 16:29:52,901 - model - INFO - Model random_forest trained successfully. CV Score: 4633745.8637
2025-11-20 16:30:00,432 - model - INFO - Completed evaluation for random_forest: R² = 0.9718
2025-11-20 16:30:00,432 - model - INFO - Training and evaluating KNN
2025-11-20 16:30:00,432 - model - INFO - Starting hyperparameter tuning for KNN
2025-11-20 16:30:05,741 - model - INFO - Tuning completed. Best score: 10699451.8847, Overfitting risk: low
2025-11-20 16:30:05,741 - model - INFO - Checking cache for KNN with key: KNN_[('algorithm', 'auto'), ('metric', 'manhattan'), ('n_neighbors', 7), ('p', 1), ('weights', 'distance')]_3140508627739443187
2025-11-20 16:30:05,742 - model - INFO - Using cached results for KNN
2025-11-20 16:30:05,743 - model - INFO - Model object not cached, retraining KNN
2025-11-20 16:30:05,746 - model - INFO - Applied RobustScaler to features for KNN
2025-11-20 16:30:05,746 - model - INFO - Training KNN model with params: {'algorithm': 'auto', 'metric': 'manhattan', 'n_neighbors': 7, 'p': 1, 'weights': 'distance'}
2025-11-20 16:30:05,746 - model - INFO - Stored trained model with ID: KNN_11
2025-11-20 16:30:05,788 - model - INFO - KNN Validation: Optimal K=7, CV Score=10699451.8847
2025-11-20 16:30:05,788 - model - INFO - Cached model object for KNN_11
2025-11-20 16:30:05,788 - model - INFO - Model KNN trained successfully. CV Score: 10699451.8847
2025-11-20 16:30:07,988 - model - INFO - Completed evaluation for KNN: R² = 0.8475
2025-11-20 16:30:08,183 - model - ERROR - Failed to generate model comparison visualizations: [Errno 2] No such file or directory: 'visualizations/model_comparison_with_knn.png'
2025-11-20 16:30:08,185 - model - INFO - Saved model comparison report to reports/model_comparison_report_20251120_163008.json
2025-11-20 16:30:08,185 - model - INFO - Model comparison completed. Best model: random_forest (R² = 0.9718)
2025-11-20 16:30:16,213 - model - INFO - Checking cache for linear with key: linear_[('fit_intercept', True), ('polynomial_degree', 1)]_3140508627739443187
2025-11-20 16:30:16,214 - model - INFO - Using cached results for linear
2025-11-20 16:30:16,215 - model - INFO - Model object not cached, retraining linear
2025-11-20 16:30:16,218 - model - INFO - Applied RobustScaler to features for linear
2025-11-20 16:30:16,218 - model - INFO - Training linear model with params: {'fit_intercept': True, 'polynomial_degree': 1}
2025-11-20 16:30:16,219 - model - INFO - Stored trained model with ID: linear_0
2025-11-20 16:30:16,241 - model - INFO - Cached model object for linear_0
2025-11-20 16:30:16,241 - model - INFO - Model linear trained successfully. CV Score: 11212237.0290
2025-11-20 16:30:18,228 - model - INFO - Checking cache for ridge with key: ridge_[('alpha', 0.001), ('fit_intercept', True), ('polynomial_degree', 1), ('solver', 'auto')]_3140508627739443187
2025-11-20 16:30:18,229 - model - INFO - Using cached results for ridge
2025-11-20 16:30:18,229 - model - INFO - Model object not cached, retraining ridge
2025-11-20 16:30:18,232 - model - INFO - Applied RobustScaler to features for ridge
2025-11-20 16:30:18,232 - model - INFO - Training ridge model with params: {'alpha': 0.001, 'fit_intercept': True, 'polynomial_degree': 1, 'solver': 'auto'}
2025-11-20 16:30:18,233 - model - INFO - Stored trained model with ID: ridge_1
2025-11-20 16:30:18,253 - model - INFO - Cached model object for ridge_1
2025-11-20 16:30:18,253 - model - INFO - Model ridge trained successfully. CV Score: 11212236.7833
2025-11-20 16:30:20,196 - model - INFO - Checking cache for lasso with key: lasso_[('alpha', 0.001), ('fit_intercept', True), ('max_iter', 1000), ('polynomial_degree', 1), ('selection', 'cyclic')]_3140508627739443187
2025-11-20 16:30:20,196 - model - INFO - Using cached results for lasso
2025-11-20 16:30:20,196 - model - INFO - Model object not cached, retraining lasso
2025-11-20 16:30:20,199 - model - INFO - Applied RobustScaler to features for lasso
2025-11-20 16:30:20,200 - model - INFO - Training lasso model with params: {'alpha': 0.001, 'fit_intercept': True, 'polynomial_degree': 1, 'selection': 'cyclic', 'max_iter': 1000}
2025-11-20 16:30:20,230 - model - INFO - Stored trained model with ID: lasso_2
2025-11-20 16:30:20,361 - model - INFO - Cached model object for lasso_2
2025-11-20 16:30:20,361 - model - INFO - Model lasso trained successfully. CV Score: 11212236.7357
2025-11-20 16:30:24,483 - model - INFO - Checking cache for decision_tree with key: decision_tree_[('ccp_alpha', 0.0), ('criterion', 'squared_error'), ('max_depth', 10), ('max_features', 'sqrt'), ('min_samples_leaf', 1), ('min_samples_split', 2), ('splitter', 'best')]_3140508627739443187
2025-11-20 16:30:24,485 - model - INFO - Using cached results for decision_tree
2025-11-20 16:30:24,485 - model - INFO - Model object not cached, retraining decision_tree
2025-11-20 16:30:24,485 - model - INFO - Training decision_tree model with params: {'max_depth': 10, 'min_samples_split': 2, 'min_samples_leaf': 1, 'max_features': 'sqrt', 'criterion': 'squared_error', 'ccp_alpha': 0.0, 'splitter': 'best'}
2025-11-20 16:30:37,802 - model - INFO - Stored trained model with ID: decision_tree_3
2025-11-20 16:30:37,836 - model - INFO - Cached model object for decision_tree_3
2025-11-20 16:30:37,836 - model - INFO - Model decision_tree trained successfully. CV Score: 8854333.7443
2025-11-20 16:30:40,224 - model - INFO - Checking cache for random_forest with key: random_forest_[('bootstrap', True), ('ccp_alpha', 0.0), ('criterion', 'squared_error'), ('max_depth', 10), ('max_features', 'sqrt'), ('max_samples', None), ('min_impurity_decrease', 0.0), ('min_samples_leaf', 1), ('min_samples_split', 2), ('n_estimators', 100)]_3140508627739443187
2025-11-20 16:30:40,224 - model - INFO - Using cached results for random_forest
2025-11-20 16:30:40,224 - model - INFO - Model object not cached, retraining random_forest
2025-11-20 16:30:40,225 - model - INFO - Training random_forest model with params: {'n_estimators': 100, 'max_depth': 10, 'min_samples_split': 2, 'min_samples_leaf': 1, 'max_features': 'sqrt', 'bootstrap': True, 'criterion': 'squared_error', 'ccp_alpha': 0.0, 'max_samples': None, 'min_impurity_decrease': 0.0}
2025-11-20 16:30:40,640 - model - INFO - Applied bootstrap sampling with max_samples=None
2025-11-20 16:30:40,640 - model - INFO - Stored trained model with ID: random_forest_4
2025-11-20 16:30:42,470 - model - INFO - Cached model object for random_forest_4
2025-11-20 16:30:42,470 - model - INFO - Model random_forest trained successfully. CV Score: 2036000.2735
2025-11-20 16:31:18,432 - model - INFO - Checking cache for KNN with key: KNN_[('algorithm', 'auto'), ('metric', 'euclidean'), ('n_neighbors', 3), ('p', 1), ('weights', 'uniform')]_3140508627739443187
2025-11-20 16:31:18,433 - model - INFO - Using cached results for KNN
2025-11-20 16:31:18,433 - model - INFO - Model object not cached, retraining KNN
2025-11-20 16:31:18,436 - model - INFO - Applied RobustScaler to features for KNN
2025-11-20 16:31:18,436 - model - INFO - Training KNN model with params: {'n_neighbors': 3, 'metric': 'euclidean', 'weights': 'uniform', 'algorithm': 'auto', 'p': 1}
2025-11-20 16:31:18,438 - model - INFO - Stored trained model with ID: KNN_5
2025-11-20 16:31:18,620 - model - INFO - KNN Validation: Optimal K=3, CV Score=8040551.0352
2025-11-20 16:31:18,620 - model - INFO - Cached model object for KNN_5
2025-11-20 16:31:18,621 - model - INFO - Model KNN trained successfully. CV Score: 8040551.0352
2025-11-20 16:31:24,431 - model - INFO - Model linear_0 evaluation completed. Score: 0.8572
2025-11-20 16:31:24,432 - model - INFO - Model ridge_1 evaluation completed. Score: 0.8572
2025-11-20 16:31:24,433 - model - INFO - Model lasso_2 evaluation completed. Score: 0.8572
2025-11-20 16:31:24,434 - model - INFO - Model decision_tree_3 evaluation completed. Score: 0.9162
2025-11-20 16:31:24,447 - model - INFO - Model random_forest_4 evaluation completed. Score: 0.9741
2025-11-20 16:31:24,474 - model - INFO - Model KNN_5 evaluation completed. Score: 0.8009
2025-11-20 16:31:24,474 - model - INFO - Starting comprehensive model comparison with 6 models
2025-11-20 16:31:24,474 - model - INFO - Training and evaluating linear
2025-11-20 16:31:24,474 - model - INFO - Checking cache for linear with key: linear_[]_3140508627739443187
2025-11-20 16:31:24,474 - model - INFO - Using cached results for linear
2025-11-20 16:31:24,475 - model - INFO - Model object not cached, retraining linear
2025-11-20 16:31:24,476 - model - INFO - Applied RobustScaler to features for linear
2025-11-20 16:31:24,476 - model - INFO - Training linear model with params: {}
2025-11-20 16:31:24,477 - model - INFO - Stored trained model with ID: linear_6
2025-11-20 16:31:24,490 - model - INFO - Cached model object for linear_6
2025-11-20 16:31:24,490 - model - INFO - Model linear trained successfully. CV Score: 11334988.6883
2025-11-20 16:31:25,180 - model - INFO - Completed evaluation for linear: R² = 0.4446
2025-11-20 16:31:25,180 - model - INFO - Training and evaluating ridge
2025-11-20 16:31:25,180 - model - INFO - Checking cache for ridge with key: ridge_[]_3140508627739443187
2025-11-20 16:31:25,181 - model - INFO - Using cached results for ridge
2025-11-20 16:31:25,181 - model - INFO - Model object not cached, retraining ridge
2025-11-20 16:31:25,182 - model - INFO - Applied RobustScaler to features for ridge
2025-11-20 16:31:25,183 - model - INFO - Training ridge model with params: {}
2025-11-20 16:31:25,183 - model - INFO - Stored trained model with ID: ridge_7
2025-11-20 16:31:25,196 - model - INFO - Cached model object for ridge_7
2025-11-20 16:31:25,196 - model - INFO - Model ridge trained successfully. CV Score: 11330376.8985
2025-11-20 16:31:25,865 - model - INFO - Completed evaluation for ridge: R² = 0.4538
2025-11-20 16:31:25,865 - model - INFO - Training and evaluating lasso
2025-11-20 16:31:25,865 - model - INFO - Checking cache for lasso with key: lasso_[]_3140508627739443187
2025-11-20 16:31:25,865 - model - INFO - Using cached results for lasso
2025-11-20 16:31:25,865 - model - INFO - Model object not cached, retraining lasso
2025-11-20 16:31:25,867 - model - INFO - Applied RobustScaler to features for lasso
2025-11-20 16:31:25,867 - model - INFO - Training lasso model with params: {}
2025-11-20 16:31:25,869 - model - INFO - Stored trained model with ID: lasso_8
2025-11-20 16:31:25,896 - model - INFO - Cached model object for lasso_8
2025-11-20 16:31:25,896 - model - INFO - Model lasso trained successfully. CV Score: 11334116.2622
2025-11-20 16:31:26,680 - model - INFO - Completed evaluation for lasso: R² = 0.4457
2025-11-20 16:31:26,680 - model - INFO - Training and evaluating decision_tree
2025-11-20 16:31:26,680 - model - INFO - Checking cache for decision_tree with key: decision_tree_[('max_depth', 10), ('max_features', 'sqrt'), ('min_samples_leaf', 2), ('min_samples_split', 5)]_3140508627739443187
2025-11-20 16:31:26,681 - model - INFO - Using cached results for decision_tree
2025-11-20 16:31:26,681 - model - INFO - Model object not cached, retraining decision_tree
2025-11-20 16:31:26,681 - model - INFO - Training decision_tree model with params: {'max_depth': 10, 'min_samples_split': 5, 'min_samples_leaf': 2, 'max_features': 'sqrt'}
2025-11-20 16:31:27,488 - model - INFO - Stored trained model with ID: decision_tree_9
2025-11-20 16:31:27,501 - model - INFO - Cached model object for decision_tree_9
2025-11-20 16:31:27,501 - model - INFO - Model decision_tree trained successfully. CV Score: 11583431.5800
2025-11-20 16:31:28,271 - model - INFO - Completed evaluation for decision_tree: R² = 0.9587
2025-11-20 16:31:28,271 - model - INFO - Training and evaluating random_forest
2025-11-20 16:31:28,271 - model - INFO - Checking cache for random_forest with key: random_forest_[('bootstrap', True), ('max_depth', 10), ('max_features', 'sqrt'), ('max_samples', 0.5), ('min_samples_leaf', 2), ('min_samples_split', 5), ('n_estimators', 100)]_3140508627739443187
2025-11-20 16:31:28,271 - model - INFO - Using cached results for random_forest
2025-11-20 16:31:28,271 - model - INFO - Model object not cached, retraining random_forest
2025-11-20 16:31:28,272 - model - INFO - Training random_forest model with params: {'max_depth': 10, 'min_samples_split': 5, 'min_samples_leaf': 2, 'max_features': 'sqrt', 'n_estimators': 100, 'bootstrap': True, 'max_samples': 0.5}
2025-11-20 16:31:28,359 - model - INFO - Applied bootstrap sampling with max_samples=795
2025-11-20 16:31:28,359 - model - INFO - Stored trained model with ID: random_forest_10
2025-11-20 16:31:28,820 - model - INFO - Cached model object for random_forest_10
2025-11-20 16:31:28,820 - model - INFO - Model random_forest trained successfully. CV Score: 4633745.8637
2025-11-20 16:31:36,721 - model - INFO - Completed evaluation for random_forest: R² = 0.9718
2025-11-20 16:31:36,721 - model - INFO - Training and evaluating KNN
2025-11-20 16:31:36,722 - model - INFO - Starting hyperparameter tuning for KNN
2025-11-20 16:31:40,129 - model - INFO - Tuning completed. Best score: 10699451.8847, Overfitting risk: low
2025-11-20 16:31:40,130 - model - INFO - Checking cache for KNN with key: KNN_[('algorithm', 'auto'), ('metric', 'manhattan'), ('n_neighbors', 7), ('p', 1), ('weights', 'distance')]_3140508627739443187
2025-11-20 16:31:40,130 - model - INFO - Using cached results for KNN
2025-11-20 16:31:40,130 - model - INFO - Model object not cached, retraining KNN
2025-11-20 16:31:40,132 - model - INFO - Applied RobustScaler to features for KNN
2025-11-20 16:31:40,132 - model - INFO - Training KNN model with params: {'algorithm': 'auto', 'metric': 'manhattan', 'n_neighbors': 7, 'p': 1, 'weights': 'distance'}
2025-11-20 16:31:40,133 - model - INFO - Stored trained model with ID: KNN_11
2025-11-20 16:31:40,175 - model - INFO - KNN Validation: Optimal K=7, CV Score=10699451.8847
2025-11-20 16:31:40,186 - model - INFO - Cached model object for KNN_11
2025-11-20 16:31:40,186 - model - INFO - Model KNN trained successfully. CV Score: 10699451.8847
2025-11-20 16:31:42,185 - model - INFO - Completed evaluation for KNN: R² = 0.8475
2025-11-20 16:31:42,366 - model - ERROR - Failed to generate model comparison visualizations: [Errno 2] No such file or directory: 'visualizations/model_comparison_with_knn.png'
2025-11-20 16:31:42,369 - model - INFO - Saved model comparison report to reports/model_comparison_report_20251120_163142.json
2025-11-20 16:31:42,369 - model - INFO - Model comparison completed. Best model: random_forest (R² = 0.9718)
2025-11-20 16:39:30,373 - model - INFO - Checking cache for linear with key: linear_[('fit_intercept', True), ('polynomial_degree', 1)]_-7554066464069773914
2025-11-20 16:39:30,374 - model - INFO - Using cached results for linear
2025-11-20 16:39:30,374 - model - INFO - Model object not cached, retraining linear
2025-11-20 16:39:30,378 - model - INFO - Applied RobustScaler to features for linear
2025-11-20 16:39:30,378 - model - INFO - Training linear model with params: {'fit_intercept': True, 'polynomial_degree': 1}
2025-11-20 16:39:30,379 - model - INFO - Stored trained model with ID: linear_0
2025-11-20 16:39:30,401 - model - INFO - Cached model object for linear_0
2025-11-20 16:39:30,401 - model - INFO - Model linear trained successfully. CV Score: 11212237.0290
2025-11-20 16:39:32,965 - model - INFO - Checking cache for ridge with key: ridge_[('alpha', 0.001), ('fit_intercept', True), ('polynomial_degree', 1), ('solver', 'auto')]_-7554066464069773914
2025-11-20 16:39:32,966 - model - INFO - Using cached results for ridge
2025-11-20 16:39:32,966 - model - INFO - Model object not cached, retraining ridge
2025-11-20 16:39:32,969 - model - INFO - Applied RobustScaler to features for ridge
2025-11-20 16:39:32,969 - model - INFO - Training ridge model with params: {'alpha': 0.001, 'fit_intercept': True, 'polynomial_degree': 1, 'solver': 'auto'}
2025-11-20 16:39:32,971 - model - INFO - Stored trained model with ID: ridge_1
2025-11-20 16:39:32,991 - model - INFO - Cached model object for ridge_1
2025-11-20 16:39:32,991 - model - INFO - Model ridge trained successfully. CV Score: 11212236.7833
2025-11-20 16:39:34,950 - model - INFO - Checking cache for lasso with key: lasso_[('alpha', 0.001), ('fit_intercept', True), ('max_iter', 1000), ('polynomial_degree', 1), ('selection', 'cyclic')]_-7554066464069773914
2025-11-20 16:39:34,950 - model - INFO - Using cached results for lasso
2025-11-20 16:39:34,950 - model - INFO - Model object not cached, retraining lasso
2025-11-20 16:39:34,953 - model - INFO - Applied RobustScaler to features for lasso
2025-11-20 16:39:34,953 - model - INFO - Training lasso model with params: {'alpha': 0.001, 'fit_intercept': True, 'polynomial_degree': 1, 'selection': 'cyclic', 'max_iter': 1000}
2025-11-20 16:39:34,986 - model - INFO - Stored trained model with ID: lasso_2
2025-11-20 16:39:35,119 - model - INFO - Cached model object for lasso_2
2025-11-20 16:39:35,119 - model - INFO - Model lasso trained successfully. CV Score: 11212236.7357
2025-11-20 16:39:39,322 - model - INFO - Checking cache for decision_tree with key: decision_tree_[('ccp_alpha', 0.0), ('criterion', 'squared_error'), ('max_depth', 10), ('max_features', 'sqrt'), ('min_samples_leaf', 1), ('min_samples_split', 2), ('splitter', 'best')]_-7554066464069773914
2025-11-20 16:39:39,322 - model - INFO - Using cached results for decision_tree
2025-11-20 16:39:39,323 - model - INFO - Model object not cached, retraining decision_tree
2025-11-20 16:39:39,323 - model - INFO - Training decision_tree model with params: {'max_depth': 10, 'min_samples_split': 2, 'min_samples_leaf': 1, 'max_features': 'sqrt', 'criterion': 'squared_error', 'ccp_alpha': 0.0, 'splitter': 'best'}
2025-11-20 16:39:52,569 - model - INFO - Stored trained model with ID: decision_tree_3
2025-11-20 16:39:52,631 - model - INFO - Cached model object for decision_tree_3
2025-11-20 16:39:52,631 - model - INFO - Model decision_tree trained successfully. CV Score: 8854333.7443
2025-11-20 16:39:55,163 - model - INFO - Checking cache for random_forest with key: random_forest_[('bootstrap', True), ('ccp_alpha', 0.0), ('criterion', 'squared_error'), ('max_depth', 10), ('max_features', 'sqrt'), ('max_samples', None), ('min_impurity_decrease', 0.0), ('min_samples_leaf', 1), ('min_samples_split', 2), ('n_estimators', 100)]_-7554066464069773914
2025-11-20 16:39:55,163 - model - INFO - Using cached results for random_forest
2025-11-20 16:39:55,164 - model - INFO - Model object not cached, retraining random_forest
2025-11-20 16:39:55,164 - model - INFO - Training random_forest model with params: {'n_estimators': 100, 'max_depth': 10, 'min_samples_split': 2, 'min_samples_leaf': 1, 'max_features': 'sqrt', 'bootstrap': True, 'criterion': 'squared_error', 'ccp_alpha': 0.0, 'max_samples': None, 'min_impurity_decrease': 0.0}
2025-11-20 16:39:55,590 - model - INFO - Applied bootstrap sampling with max_samples=None
2025-11-20 16:39:55,590 - model - INFO - Stored trained model with ID: random_forest_4
2025-11-20 16:39:57,482 - model - INFO - Cached model object for random_forest_4
2025-11-20 16:39:57,483 - model - INFO - Model random_forest trained successfully. CV Score: 2036000.2735
2025-11-20 16:40:34,339 - model - INFO - Checking cache for KNN with key: KNN_[('algorithm', 'auto'), ('metric', 'euclidean'), ('n_neighbors', 3), ('p', 1), ('weights', 'uniform')]_-7554066464069773914
2025-11-20 16:40:34,339 - model - INFO - Using cached results for KNN
2025-11-20 16:40:34,339 - model - INFO - Model object not cached, retraining KNN
2025-11-20 16:40:34,343 - model - INFO - Applied RobustScaler to features for KNN
2025-11-20 16:40:34,343 - model - INFO - Training KNN model with params: {'n_neighbors': 3, 'metric': 'euclidean', 'weights': 'uniform', 'algorithm': 'auto', 'p': 1}
2025-11-20 16:40:34,346 - model - INFO - Stored trained model with ID: KNN_5
2025-11-20 16:40:34,535 - model - INFO - KNN Validation: Optimal K=3, CV Score=8040551.0352
2025-11-20 16:40:34,536 - model - INFO - Cached model object for KNN_5
2025-11-20 16:40:34,536 - model - INFO - Model KNN trained successfully. CV Score: 8040551.0352
2025-11-20 16:40:40,498 - model - INFO - Model linear_0 evaluation completed. Score: 0.8572
2025-11-20 16:40:40,500 - model - INFO - Model ridge_1 evaluation completed. Score: 0.8572
2025-11-20 16:40:40,501 - model - INFO - Model lasso_2 evaluation completed. Score: 0.8572
2025-11-20 16:40:40,501 - model - INFO - Model decision_tree_3 evaluation completed. Score: 0.9162
2025-11-20 16:40:40,516 - model - INFO - Model random_forest_4 evaluation completed. Score: 0.9741
2025-11-20 16:40:40,545 - model - INFO - Model KNN_5 evaluation completed. Score: 0.8009
2025-11-20 16:40:40,545 - model - INFO - Starting comprehensive model comparison with 6 models
2025-11-20 16:40:40,545 - model - INFO - Training and evaluating linear
2025-11-20 16:40:40,545 - model - INFO - Checking cache for linear with key: linear_[]_-7554066464069773914
2025-11-20 16:40:40,545 - model - INFO - Using cached results for linear
2025-11-20 16:40:40,546 - model - INFO - Model object not cached, retraining linear
2025-11-20 16:40:40,547 - model - INFO - Applied RobustScaler to features for linear
2025-11-20 16:40:40,547 - model - INFO - Training linear model with params: {}
2025-11-20 16:40:40,548 - model - INFO - Stored trained model with ID: linear_6
2025-11-20 16:40:40,564 - model - INFO - Cached model object for linear_6
2025-11-20 16:40:40,564 - model - INFO - Model linear trained successfully. CV Score: 11334988.6883
2025-11-20 16:40:41,503 - model - INFO - Completed evaluation for linear: R² = 0.4446
2025-11-20 16:40:41,503 - model - INFO - Training and evaluating ridge
2025-11-20 16:40:41,503 - model - INFO - Checking cache for ridge with key: ridge_[]_-7554066464069773914
2025-11-20 16:40:41,503 - model - INFO - Using cached results for ridge
2025-11-20 16:40:41,503 - model - INFO - Model object not cached, retraining ridge
2025-11-20 16:40:41,505 - model - INFO - Applied RobustScaler to features for ridge
2025-11-20 16:40:41,505 - model - INFO - Training ridge model with params: {}
2025-11-20 16:40:41,506 - model - INFO - Stored trained model with ID: ridge_7
2025-11-20 16:40:41,519 - model - INFO - Cached model object for ridge_7
2025-11-20 16:40:41,519 - model - INFO - Model ridge trained successfully. CV Score: 11330376.8985
2025-11-20 16:40:42,278 - model - INFO - Completed evaluation for ridge: R² = 0.4538
2025-11-20 16:40:42,278 - model - INFO - Training and evaluating lasso
2025-11-20 16:40:42,278 - model - INFO - Checking cache for lasso with key: lasso_[]_-7554066464069773914
2025-11-20 16:40:42,278 - model - INFO - Using cached results for lasso
2025-11-20 16:40:42,278 - model - INFO - Model object not cached, retraining lasso
2025-11-20 16:40:42,280 - model - INFO - Applied RobustScaler to features for lasso
2025-11-20 16:40:42,280 - model - INFO - Training lasso model with params: {}
2025-11-20 16:40:42,282 - model - INFO - Stored trained model with ID: lasso_8
2025-11-20 16:40:42,300 - model - INFO - Cached model object for lasso_8
2025-11-20 16:40:42,300 - model - INFO - Model lasso trained successfully. CV Score: 11334116.2622
2025-11-20 16:40:43,128 - model - INFO - Completed evaluation for lasso: R² = 0.4457
2025-11-20 16:40:43,129 - model - INFO - Training and evaluating decision_tree
2025-11-20 16:40:43,129 - model - INFO - Checking cache for decision_tree with key: decision_tree_[('max_depth', 10), ('max_features', 'sqrt'), ('min_samples_leaf', 2), ('min_samples_split', 5)]_-7554066464069773914
2025-11-20 16:40:43,129 - model - INFO - Using cached results for decision_tree
2025-11-20 16:40:43,129 - model - INFO - Model object not cached, retraining decision_tree
2025-11-20 16:40:43,129 - model - INFO - Training decision_tree model with params: {'max_depth': 10, 'min_samples_split': 5, 'min_samples_leaf': 2, 'max_features': 'sqrt'}
2025-11-20 16:40:43,940 - model - INFO - Stored trained model with ID: decision_tree_9
2025-11-20 16:40:43,953 - model - INFO - Cached model object for decision_tree_9
2025-11-20 16:40:43,953 - model - INFO - Model decision_tree trained successfully. CV Score: 11583431.5800
2025-11-20 16:40:44,765 - model - INFO - Completed evaluation for decision_tree: R² = 0.9587
2025-11-20 16:40:44,765 - model - INFO - Training and evaluating random_forest
2025-11-20 16:40:44,765 - model - INFO - Checking cache for random_forest with key: random_forest_[('bootstrap', True), ('max_depth', 10), ('max_features', 'sqrt'), ('max_samples', 0.5), ('min_samples_leaf', 2), ('min_samples_split', 5), ('n_estimators', 100)]_-7554066464069773914
2025-11-20 16:40:44,765 - model - INFO - Using cached results for random_forest
2025-11-20 16:40:44,766 - model - INFO - Model object not cached, retraining random_forest
2025-11-20 16:40:44,766 - model - INFO - Training random_forest model with params: {'max_depth': 10, 'min_samples_split': 5, 'min_samples_leaf': 2, 'max_features': 'sqrt', 'n_estimators': 100, 'bootstrap': True, 'max_samples': 0.5}
2025-11-20 16:40:44,860 - model - INFO - Applied bootstrap sampling with max_samples=795
2025-11-20 16:40:44,860 - model - INFO - Stored trained model with ID: random_forest_10
2025-11-20 16:40:45,373 - model - INFO - Cached model object for random_forest_10
2025-11-20 16:40:45,373 - model - INFO - Model random_forest trained successfully. CV Score: 4633745.8637
2025-11-20 16:40:53,116 - model - INFO - Completed evaluation for random_forest: R² = 0.9718
2025-11-20 16:40:53,117 - model - INFO - Training and evaluating KNN
2025-11-20 16:40:53,117 - model - INFO - Starting hyperparameter tuning for KNN
2025-11-20 16:40:58,378 - model - INFO - Tuning completed. Best score: 10699451.8847, Overfitting risk: low
2025-11-20 16:40:58,379 - model - INFO - Checking cache for KNN with key: KNN_[('algorithm', 'auto'), ('metric', 'manhattan'), ('n_neighbors', 7), ('p', 1), ('weights', 'distance')]_-7554066464069773914
2025-11-20 16:40:58,382 - model - INFO - Using cached results for KNN
2025-11-20 16:40:58,382 - model - INFO - Model object not cached, retraining KNN
2025-11-20 16:40:58,387 - model - INFO - Applied RobustScaler to features for KNN
2025-11-20 16:40:58,387 - model - INFO - Training KNN model with params: {'algorithm': 'auto', 'metric': 'manhattan', 'n_neighbors': 7, 'p': 1, 'weights': 'distance'}
2025-11-20 16:40:58,387 - model - INFO - Stored trained model with ID: KNN_11
2025-11-20 16:40:58,430 - model - INFO - KNN Validation: Optimal K=7, CV Score=10699451.8847
2025-11-20 16:40:58,431 - model - INFO - Cached model object for KNN_11
2025-11-20 16:40:58,431 - model - INFO - Model KNN trained successfully. CV Score: 10699451.8847
2025-11-20 16:41:00,705 - model - INFO - Completed evaluation for KNN: R² = 0.8475
2025-11-20 16:41:00,891 - model - ERROR - Failed to generate model comparison visualizations: [Errno 2] No such file or directory: 'visualizations/model_comparison_with_knn.png'
2025-11-20 16:41:00,892 - model - INFO - Saved model comparison report to reports/model_comparison_report_20251120_164100.json
2025-11-20 16:41:00,892 - model - INFO - Model comparison completed. Best model: random_forest (R² = 0.9718)
2025-11-20 16:41:08,973 - model - INFO - Checking cache for linear with key: linear_[('fit_intercept', True), ('polynomial_degree', 1)]_-7554066464069773914
2025-11-20 16:41:08,974 - model - INFO - Using cached results for linear
2025-11-20 16:41:08,974 - model - INFO - Model object not cached, retraining linear
2025-11-20 16:41:08,977 - model - INFO - Applied RobustScaler to features for linear
2025-11-20 16:41:08,977 - model - INFO - Training linear model with params: {'fit_intercept': True, 'polynomial_degree': 1}
2025-11-20 16:41:08,978 - model - INFO - Stored trained model with ID: linear_0
2025-11-20 16:41:09,004 - model - INFO - Cached model object for linear_0
2025-11-20 16:41:09,004 - model - INFO - Model linear trained successfully. CV Score: 11212237.0290
2025-11-20 16:41:11,054 - model - INFO - Checking cache for ridge with key: ridge_[('alpha', 0.001), ('fit_intercept', True), ('polynomial_degree', 1), ('solver', 'auto')]_-7554066464069773914
2025-11-20 16:41:11,055 - model - INFO - Using cached results for ridge
2025-11-20 16:41:11,055 - model - INFO - Model object not cached, retraining ridge
2025-11-20 16:41:11,058 - model - INFO - Applied RobustScaler to features for ridge
2025-11-20 16:41:11,058 - model - INFO - Training ridge model with params: {'alpha': 0.001, 'fit_intercept': True, 'polynomial_degree': 1, 'solver': 'auto'}
2025-11-20 16:41:11,058 - model - INFO - Stored trained model with ID: ridge_1
2025-11-20 16:41:11,078 - model - INFO - Cached model object for ridge_1
2025-11-20 16:41:11,078 - model - INFO - Model ridge trained successfully. CV Score: 11212236.7833
2025-11-20 16:41:13,119 - model - INFO - Checking cache for lasso with key: lasso_[('alpha', 0.001), ('fit_intercept', True), ('max_iter', 1000), ('polynomial_degree', 1), ('selection', 'cyclic')]_-7554066464069773914
2025-11-20 16:41:13,119 - model - INFO - Using cached results for lasso
2025-11-20 16:41:13,119 - model - INFO - Model object not cached, retraining lasso
2025-11-20 16:41:13,122 - model - INFO - Applied RobustScaler to features for lasso
2025-11-20 16:41:13,122 - model - INFO - Training lasso model with params: {'alpha': 0.001, 'fit_intercept': True, 'polynomial_degree': 1, 'selection': 'cyclic', 'max_iter': 1000}
2025-11-20 16:41:13,153 - model - INFO - Stored trained model with ID: lasso_2
2025-11-20 16:41:13,282 - model - INFO - Cached model object for lasso_2
2025-11-20 16:41:13,282 - model - INFO - Model lasso trained successfully. CV Score: 11212236.7357
2025-11-20 16:41:17,618 - model - INFO - Checking cache for decision_tree with key: decision_tree_[('ccp_alpha', 0.0), ('criterion', 'squared_error'), ('max_depth', 10), ('max_features', 'sqrt'), ('min_samples_leaf', 1), ('min_samples_split', 2), ('splitter', 'best')]_-7554066464069773914
2025-11-20 16:41:17,619 - model - INFO - Using cached results for decision_tree
2025-11-20 16:41:17,619 - model - INFO - Model object not cached, retraining decision_tree
2025-11-20 16:41:17,619 - model - INFO - Training decision_tree model with params: {'max_depth': 10, 'min_samples_split': 2, 'min_samples_leaf': 1, 'max_features': 'sqrt', 'criterion': 'squared_error', 'ccp_alpha': 0.0, 'splitter': 'best'}
2025-11-20 16:41:30,782 - model - INFO - Stored trained model with ID: decision_tree_3
2025-11-20 16:41:30,816 - model - INFO - Cached model object for decision_tree_3
2025-11-20 16:41:30,816 - model - INFO - Model decision_tree trained successfully. CV Score: 8854333.7443
2025-11-20 16:41:33,376 - model - INFO - Checking cache for random_forest with key: random_forest_[('bootstrap', True), ('ccp_alpha', 0.0), ('criterion', 'squared_error'), ('max_depth', 10), ('max_features', 'sqrt'), ('max_samples', None), ('min_impurity_decrease', 0.0), ('min_samples_leaf', 1), ('min_samples_split', 2), ('n_estimators', 100)]_-7554066464069773914
2025-11-20 16:41:33,377 - model - INFO - Using cached results for random_forest
2025-11-20 16:41:33,377 - model - INFO - Model object not cached, retraining random_forest
2025-11-20 16:41:33,377 - model - INFO - Training random_forest model with params: {'n_estimators': 100, 'max_depth': 10, 'min_samples_split': 2, 'min_samples_leaf': 1, 'max_features': 'sqrt', 'bootstrap': True, 'criterion': 'squared_error', 'ccp_alpha': 0.0, 'max_samples': None, 'min_impurity_decrease': 0.0}
2025-11-20 16:41:33,797 - model - INFO - Applied bootstrap sampling with max_samples=None
2025-11-20 16:41:33,798 - model - INFO - Stored trained model with ID: random_forest_4
2025-11-20 16:41:35,625 - model - INFO - Cached model object for random_forest_4
2025-11-20 16:41:35,625 - model - INFO - Model random_forest trained successfully. CV Score: 2036000.2735
2025-11-20 16:42:11,925 - model - INFO - Checking cache for KNN with key: KNN_[('algorithm', 'auto'), ('metric', 'euclidean'), ('n_neighbors', 3), ('p', 1), ('weights', 'uniform')]_-7554066464069773914
2025-11-20 16:42:11,926 - model - INFO - Using cached results for KNN
2025-11-20 16:42:11,926 - model - INFO - Model object not cached, retraining KNN
2025-11-20 16:42:11,929 - model - INFO - Applied RobustScaler to features for KNN
2025-11-20 16:42:11,929 - model - INFO - Training KNN model with params: {'n_neighbors': 3, 'metric': 'euclidean', 'weights': 'uniform', 'algorithm': 'auto', 'p': 1}
2025-11-20 16:42:11,931 - model - INFO - Stored trained model with ID: KNN_5
2025-11-20 16:42:12,117 - model - INFO - KNN Validation: Optimal K=3, CV Score=8040551.0352
2025-11-20 16:42:12,118 - model - INFO - Cached model object for KNN_5
2025-11-20 16:42:12,118 - model - INFO - Model KNN trained successfully. CV Score: 8040551.0352
2025-11-20 16:42:17,948 - model - INFO - Model linear_0 evaluation completed. Score: 0.8572
2025-11-20 16:42:17,949 - model - INFO - Model ridge_1 evaluation completed. Score: 0.8572
2025-11-20 16:42:17,950 - model - INFO - Model lasso_2 evaluation completed. Score: 0.8572
2025-11-20 16:42:17,951 - model - INFO - Model decision_tree_3 evaluation completed. Score: 0.9162
2025-11-20 16:42:17,963 - model - INFO - Model random_forest_4 evaluation completed. Score: 0.9741
2025-11-20 16:42:17,990 - model - INFO - Model KNN_5 evaluation completed. Score: 0.8009
2025-11-20 16:42:17,990 - model - INFO - Starting comprehensive model comparison with 6 models
2025-11-20 16:42:17,990 - model - INFO - Training and evaluating linear
2025-11-20 16:42:17,990 - model - INFO - Checking cache for linear with key: linear_[]_-7554066464069773914
2025-11-20 16:42:18,002 - model - INFO - Using cached results for linear
2025-11-20 16:42:18,002 - model - INFO - Model object not cached, retraining linear
2025-11-20 16:42:18,004 - model - INFO - Applied RobustScaler to features for linear
2025-11-20 16:42:18,004 - model - INFO - Training linear model with params: {}
2025-11-20 16:42:18,005 - model - INFO - Stored trained model with ID: linear_6
2025-11-20 16:42:18,018 - model - INFO - Cached model object for linear_6
2025-11-20 16:42:18,018 - model - INFO - Model linear trained successfully. CV Score: 11334988.6883
2025-11-20 16:42:18,693 - model - INFO - Completed evaluation for linear: R² = 0.4446
2025-11-20 16:42:18,693 - model - INFO - Training and evaluating ridge
2025-11-20 16:42:18,693 - model - INFO - Checking cache for ridge with key: ridge_[]_-7554066464069773914
2025-11-20 16:42:18,694 - model - INFO - Using cached results for ridge
2025-11-20 16:42:18,694 - model - INFO - Model object not cached, retraining ridge
2025-11-20 16:42:18,695 - model - INFO - Applied RobustScaler to features for ridge
2025-11-20 16:42:18,695 - model - INFO - Training ridge model with params: {}
2025-11-20 16:42:18,696 - model - INFO - Stored trained model with ID: ridge_7
2025-11-20 16:42:18,709 - model - INFO - Cached model object for ridge_7
2025-11-20 16:42:18,709 - model - INFO - Model ridge trained successfully. CV Score: 11330376.8985
2025-11-20 16:42:19,354 - model - INFO - Completed evaluation for ridge: R² = 0.4538
2025-11-20 16:42:19,355 - model - INFO - Training and evaluating lasso
2025-11-20 16:42:19,355 - model - INFO - Checking cache for lasso with key: lasso_[]_-7554066464069773914
2025-11-20 16:42:19,355 - model - INFO - Using cached results for lasso
2025-11-20 16:42:19,355 - model - INFO - Model object not cached, retraining lasso
2025-11-20 16:42:19,357 - model - INFO - Applied RobustScaler to features for lasso
2025-11-20 16:42:19,357 - model - INFO - Training lasso model with params: {}
2025-11-20 16:42:19,359 - model - INFO - Stored trained model with ID: lasso_8
2025-11-20 16:42:19,374 - model - INFO - Cached model object for lasso_8
2025-11-20 16:42:19,374 - model - INFO - Model lasso trained successfully. CV Score: 11334116.2622
2025-11-20 16:42:20,145 - model - INFO - Completed evaluation for lasso: R² = 0.4457
2025-11-20 16:42:20,145 - model - INFO - Training and evaluating decision_tree
2025-11-20 16:42:20,145 - model - INFO - Checking cache for decision_tree with key: decision_tree_[('max_depth', 10), ('max_features', 'sqrt'), ('min_samples_leaf', 2), ('min_samples_split', 5)]_-7554066464069773914
2025-11-20 16:42:20,145 - model - INFO - Using cached results for decision_tree
2025-11-20 16:42:20,145 - model - INFO - Model object not cached, retraining decision_tree
2025-11-20 16:42:20,146 - model - INFO - Training decision_tree model with params: {'max_depth': 10, 'min_samples_split': 5, 'min_samples_leaf': 2, 'max_features': 'sqrt'}
2025-11-20 16:42:20,944 - model - INFO - Stored trained model with ID: decision_tree_9
2025-11-20 16:42:20,957 - model - INFO - Cached model object for decision_tree_9
2025-11-20 16:42:20,957 - model - INFO - Model decision_tree trained successfully. CV Score: 11583431.5800
2025-11-20 16:42:21,708 - model - INFO - Completed evaluation for decision_tree: R² = 0.9587
2025-11-20 16:42:21,708 - model - INFO - Training and evaluating random_forest
2025-11-20 16:42:21,708 - model - INFO - Checking cache for random_forest with key: random_forest_[('bootstrap', True), ('max_depth', 10), ('max_features', 'sqrt'), ('max_samples', 0.5), ('min_samples_leaf', 2), ('min_samples_split', 5), ('n_estimators', 100)]_-7554066464069773914
2025-11-20 16:42:21,709 - model - INFO - Using cached results for random_forest
2025-11-20 16:42:21,709 - model - INFO - Model object not cached, retraining random_forest
2025-11-20 16:42:21,709 - model - INFO - Training random_forest model with params: {'max_depth': 10, 'min_samples_split': 5, 'min_samples_leaf': 2, 'max_features': 'sqrt', 'n_estimators': 100, 'bootstrap': True, 'max_samples': 0.5}
2025-11-20 16:42:21,796 - model - INFO - Applied bootstrap sampling with max_samples=795
2025-11-20 16:42:21,796 - model - INFO - Stored trained model with ID: random_forest_10
2025-11-20 16:42:22,249 - model - INFO - Cached model object for random_forest_10
2025-11-20 16:42:22,249 - model - INFO - Model random_forest trained successfully. CV Score: 4633745.8637
2025-11-20 16:42:30,144 - model - INFO - Completed evaluation for random_forest: R² = 0.9718
2025-11-20 16:42:30,145 - model - INFO - Training and evaluating KNN
2025-11-20 16:42:30,145 - model - INFO - Starting hyperparameter tuning for KNN
2025-11-20 16:42:33,610 - model - INFO - Tuning completed. Best score: 10699451.8847, Overfitting risk: low
2025-11-20 16:42:33,610 - model - INFO - Checking cache for KNN with key: KNN_[('algorithm', 'auto'), ('metric', 'manhattan'), ('n_neighbors', 7), ('p', 1), ('weights', 'distance')]_-7554066464069773914
2025-11-20 16:42:33,611 - model - INFO - Using cached results for KNN
2025-11-20 16:42:33,611 - model - INFO - Model object not cached, retraining KNN
2025-11-20 16:42:33,613 - model - INFO - Applied RobustScaler to features for KNN
2025-11-20 16:42:33,613 - model - INFO - Training KNN model with params: {'algorithm': 'auto', 'metric': 'manhattan', 'n_neighbors': 7, 'p': 1, 'weights': 'distance'}
2025-11-20 16:42:33,613 - model - INFO - Stored trained model with ID: KNN_11
2025-11-20 16:42:33,654 - model - INFO - KNN Validation: Optimal K=7, CV Score=10699451.8847
2025-11-20 16:42:33,654 - model - INFO - Cached model object for KNN_11
2025-11-20 16:42:33,654 - model - INFO - Model KNN trained successfully. CV Score: 10699451.8847
2025-11-20 16:42:35,668 - model - INFO - Completed evaluation for KNN: R² = 0.8475
2025-11-20 16:42:35,843 - model - ERROR - Failed to generate model comparison visualizations: [Errno 2] No such file or directory: 'visualizations/model_comparison_with_knn.png'
2025-11-20 16:42:35,845 - model - INFO - Saved model comparison report to reports/model_comparison_report_20251120_164235.json
2025-11-20 16:42:35,845 - model - INFO - Model comparison completed. Best model: random_forest (R² = 0.9718)
2025-11-20 16:46:01,805 - model - INFO - Training linear with dataset size: 6357 samples, 11 features
2025-11-20 16:46:01,809 - model - INFO - Checking cache for linear with key: linear_[('fit_intercept', True), ('polynomial_degree', 1)]_8138545178411690064
2025-11-20 16:46:01,810 - model - INFO - Using cached results for linear
2025-11-20 16:46:01,810 - model - INFO - Model object not cached, retraining linear
2025-11-20 16:46:01,815 - model - INFO - Applied RobustScaler to features for linear
2025-11-20 16:46:01,815 - model - INFO - Training linear model with params: {'fit_intercept': True, 'polynomial_degree': 1}
2025-11-20 16:46:01,817 - model - INFO - Stored trained model with ID: linear_0
2025-11-20 16:46:01,838 - model - INFO - Cached model object for linear_0
2025-11-20 16:46:01,838 - model - INFO - Model linear trained successfully. CV Score: 11212237.0290
2025-11-20 16:46:04,508 - model - INFO - Training ridge with dataset size: 6357 samples, 11 features
2025-11-20 16:46:04,508 - model - INFO - Checking cache for ridge with key: ridge_[('alpha', 0.001), ('fit_intercept', True), ('polynomial_degree', 1), ('solver', 'auto')]_8138545178411690064
2025-11-20 16:46:04,508 - model - INFO - Using cached results for ridge
2025-11-20 16:46:04,509 - model - INFO - Model object not cached, retraining ridge
2025-11-20 16:46:04,511 - model - INFO - Applied RobustScaler to features for ridge
2025-11-20 16:46:04,512 - model - INFO - Training ridge model with params: {'alpha': 0.001, 'fit_intercept': True, 'polynomial_degree': 1, 'solver': 'auto'}
2025-11-20 16:46:04,513 - model - INFO - Stored trained model with ID: ridge_1
2025-11-20 16:46:04,533 - model - INFO - Cached model object for ridge_1
2025-11-20 16:46:04,533 - model - INFO - Model ridge trained successfully. CV Score: 11212236.7833
2025-11-20 16:46:06,641 - model - INFO - Training lasso with dataset size: 6357 samples, 11 features
2025-11-20 16:46:06,641 - model - INFO - Checking cache for lasso with key: lasso_[('alpha', 0.001), ('fit_intercept', True), ('max_iter', 1000), ('polynomial_degree', 1), ('selection', 'cyclic')]_8138545178411690064
2025-11-20 16:46:06,641 - model - INFO - Using cached results for lasso
2025-11-20 16:46:06,641 - model - INFO - Model object not cached, retraining lasso
2025-11-20 16:46:06,644 - model - INFO - Applied RobustScaler to features for lasso
2025-11-20 16:46:06,644 - model - INFO - Training lasso model with params: {'alpha': 0.001, 'fit_intercept': True, 'polynomial_degree': 1, 'selection': 'cyclic', 'max_iter': 1000}
2025-11-20 16:46:06,675 - model - INFO - Stored trained model with ID: lasso_2
2025-11-20 16:46:06,807 - model - INFO - Cached model object for lasso_2
2025-11-20 16:46:06,807 - model - INFO - Model lasso trained successfully. CV Score: 11212236.7357
2025-11-20 16:46:11,111 - model - INFO - Training decision_tree with dataset size: 6357 samples, 11 features
2025-11-20 16:46:11,111 - model - INFO - Checking cache for decision_tree with key: decision_tree_[('ccp_alpha', 0.0), ('criterion', 'squared_error'), ('max_depth', 10), ('max_features', 'sqrt'), ('min_samples_leaf', 1), ('min_samples_split', 2), ('splitter', 'best')]_8138545178411690064
2025-11-20 16:46:11,112 - model - INFO - Using cached results for decision_tree
2025-11-20 16:46:11,112 - model - INFO - Model object not cached, retraining decision_tree
2025-11-20 16:46:11,112 - model - INFO - Training decision_tree model with params: {'max_depth': 10, 'min_samples_split': 2, 'min_samples_leaf': 1, 'max_features': 'sqrt', 'criterion': 'squared_error', 'ccp_alpha': 0.0, 'splitter': 'best'}
2025-11-20 16:46:24,176 - model - INFO - Stored trained model with ID: decision_tree_3
2025-11-20 16:46:24,209 - model - INFO - Cached model object for decision_tree_3
2025-11-20 16:46:24,209 - model - INFO - Model decision_tree trained successfully. CV Score: 8854333.7443
2025-11-20 16:46:26,801 - model - INFO - Training random_forest with dataset size: 6357 samples, 11 features
2025-11-20 16:46:26,801 - model - INFO - Checking cache for random_forest with key: random_forest_[('bootstrap', True), ('ccp_alpha', 0.0), ('criterion', 'squared_error'), ('max_depth', 10), ('max_features', 'sqrt'), ('max_samples', None), ('min_impurity_decrease', 0.0), ('min_samples_leaf', 1), ('min_samples_split', 2), ('n_estimators', 100)]_8138545178411690064
2025-11-20 16:46:26,801 - model - INFO - Using cached results for random_forest
2025-11-20 16:46:26,802 - model - INFO - Model object not cached, retraining random_forest
2025-11-20 16:46:26,802 - model - INFO - RandomForest max_samples set to: None
2025-11-20 16:46:26,802 - model - INFO - Training random_forest model with params: {'n_estimators': 100, 'max_depth': 10, 'min_samples_split': 2, 'min_samples_leaf': 1, 'max_features': 'sqrt', 'bootstrap': True, 'criterion': 'squared_error', 'ccp_alpha': 0.0, 'max_samples': None, 'min_impurity_decrease': 0.0}
2025-11-20 16:46:27,228 - model - INFO - Applied bootstrap sampling with max_samples=None
2025-11-20 16:46:27,228 - model - INFO - Stored trained model with ID: random_forest_4
2025-11-20 16:46:29,091 - model - INFO - Cached model object for random_forest_4
2025-11-20 16:46:29,091 - model - INFO - Model random_forest trained successfully. CV Score: 2036000.2735
2025-11-20 16:47:05,269 - model - INFO - Training KNN with dataset size: 6357 samples, 11 features
2025-11-20 16:47:05,270 - model - INFO - Checking cache for KNN with key: KNN_[('algorithm', 'auto'), ('metric', 'euclidean'), ('n_neighbors', 3), ('p', 1), ('weights', 'uniform')]_8138545178411690064
2025-11-20 16:47:05,270 - model - INFO - Using cached results for KNN
2025-11-20 16:47:05,270 - model - INFO - Model object not cached, retraining KNN
2025-11-20 16:47:05,273 - model - INFO - Applied RobustScaler to features for KNN
2025-11-20 16:47:05,274 - model - INFO - Training KNN model with params: {'n_neighbors': 3, 'metric': 'euclidean', 'weights': 'uniform', 'algorithm': 'auto', 'p': 1}
2025-11-20 16:47:05,277 - model - INFO - Stored trained model with ID: KNN_5
2025-11-20 16:47:05,462 - model - INFO - KNN Validation: Optimal K=3, CV Score=8040551.0352
2025-11-20 16:47:05,464 - model - INFO - Cached model object for KNN_5
2025-11-20 16:47:05,464 - model - INFO - Model KNN trained successfully. CV Score: 8040551.0352
2025-11-20 16:47:11,351 - model - INFO - Model linear_0 evaluation completed. Score: 0.8572
2025-11-20 16:47:11,352 - model - INFO - Model ridge_1 evaluation completed. Score: 0.8572
2025-11-20 16:47:11,353 - model - INFO - Model lasso_2 evaluation completed. Score: 0.8572
2025-11-20 16:47:11,354 - model - INFO - Model decision_tree_3 evaluation completed. Score: 0.9162
2025-11-20 16:47:11,367 - model - INFO - Model random_forest_4 evaluation completed. Score: 0.9741
2025-11-20 16:47:11,394 - model - INFO - Model KNN_5 evaluation completed. Score: 0.8009
2025-11-20 16:47:11,394 - model - INFO - Starting comprehensive model comparison with 6 models
2025-11-20 16:47:11,394 - model - INFO - Training and evaluating linear
2025-11-20 16:47:11,394 - model - INFO - Training linear with dataset size: 1590 samples, 11 features
2025-11-20 16:47:11,394 - model - INFO - Checking cache for linear with key: linear_[]_8138545178411690064
2025-11-20 16:47:11,395 - model - INFO - Using cached results for linear
2025-11-20 16:47:11,395 - model - INFO - Model object not cached, retraining linear
2025-11-20 16:47:11,396 - model - INFO - Applied RobustScaler to features for linear
2025-11-20 16:47:11,397 - model - INFO - Training linear model with params: {}
2025-11-20 16:47:11,397 - model - INFO - Stored trained model with ID: linear_6
2025-11-20 16:47:11,411 - model - INFO - Cached model object for linear_6
2025-11-20 16:47:11,411 - model - INFO - Model linear trained successfully. CV Score: 11334988.6883
2025-11-20 16:47:12,230 - model - INFO - Completed evaluation for linear: R² = 0.4446
2025-11-20 16:47:12,231 - model - INFO - Training and evaluating ridge
2025-11-20 16:47:12,231 - model - INFO - Training ridge with dataset size: 1590 samples, 11 features
2025-11-20 16:47:12,231 - model - INFO - Checking cache for ridge with key: ridge_[]_8138545178411690064
2025-11-20 16:47:12,254 - model - INFO - Using cached results for ridge
2025-11-20 16:47:12,254 - model - INFO - Model object not cached, retraining ridge
2025-11-20 16:47:12,256 - model - INFO - Applied RobustScaler to features for ridge
2025-11-20 16:47:12,256 - model - INFO - Training ridge model with params: {}
2025-11-20 16:47:12,257 - model - INFO - Stored trained model with ID: ridge_7
2025-11-20 16:47:12,270 - model - INFO - Cached model object for ridge_7
2025-11-20 16:47:12,270 - model - INFO - Model ridge trained successfully. CV Score: 11330376.8985
2025-11-20 16:47:12,929 - model - INFO - Completed evaluation for ridge: R² = 0.4538
2025-11-20 16:47:12,929 - model - INFO - Training and evaluating lasso
2025-11-20 16:47:12,929 - model - INFO - Training lasso with dataset size: 1590 samples, 11 features
2025-11-20 16:47:12,929 - model - INFO - Checking cache for lasso with key: lasso_[]_8138545178411690064
2025-11-20 16:47:12,929 - model - INFO - Using cached results for lasso
2025-11-20 16:47:12,929 - model - INFO - Model object not cached, retraining lasso
2025-11-20 16:47:12,931 - model - INFO - Applied RobustScaler to features for lasso
2025-11-20 16:47:12,931 - model - INFO - Training lasso model with params: {}
2025-11-20 16:47:12,933 - model - INFO - Stored trained model with ID: lasso_8
2025-11-20 16:47:12,948 - model - INFO - Cached model object for lasso_8
2025-11-20 16:47:12,948 - model - INFO - Model lasso trained successfully. CV Score: 11334116.2622
2025-11-20 16:47:13,723 - model - INFO - Completed evaluation for lasso: R² = 0.4457
2025-11-20 16:47:13,723 - model - INFO - Training and evaluating decision_tree
2025-11-20 16:47:13,723 - model - INFO - Training decision_tree with dataset size: 1590 samples, 11 features
2025-11-20 16:47:13,723 - model - INFO - Checking cache for decision_tree with key: decision_tree_[('max_depth', 10), ('max_features', 'sqrt'), ('min_samples_leaf', 2), ('min_samples_split', 5)]_8138545178411690064
2025-11-20 16:47:13,723 - model - INFO - Using cached results for decision_tree
2025-11-20 16:47:13,723 - model - INFO - Model object not cached, retraining decision_tree
2025-11-20 16:47:13,724 - model - INFO - Training decision_tree model with params: {'max_depth': 10, 'min_samples_split': 5, 'min_samples_leaf': 2, 'max_features': 'sqrt'}
2025-11-20 16:47:14,507 - model - INFO - Stored trained model with ID: decision_tree_9
2025-11-20 16:47:14,519 - model - INFO - Cached model object for decision_tree_9
2025-11-20 16:47:14,519 - model - INFO - Model decision_tree trained successfully. CV Score: 11583431.5800
2025-11-20 16:47:15,248 - model - INFO - Completed evaluation for decision_tree: R² = 0.9587
2025-11-20 16:47:15,248 - model - INFO - Training and evaluating random_forest
2025-11-20 16:47:15,248 - model - INFO - Training random_forest with dataset size: 1590 samples, 11 features
2025-11-20 16:47:15,248 - model - INFO - Checking cache for random_forest with key: random_forest_[('bootstrap', True), ('max_depth', 10), ('max_features', 'sqrt'), ('max_samples', 0.5), ('min_samples_leaf', 2), ('min_samples_split', 5), ('n_estimators', 100)]_8138545178411690064
2025-11-20 16:47:15,248 - model - INFO - Using cached results for random_forest
2025-11-20 16:47:15,248 - model - INFO - Model object not cached, retraining random_forest
2025-11-20 16:47:15,249 - model - INFO - RandomForest max_samples set to: 0.5
2025-11-20 16:47:15,249 - model - INFO - Training random_forest model with params: {'max_depth': 10, 'min_samples_split': 5, 'min_samples_leaf': 2, 'max_features': 'sqrt', 'n_estimators': 100, 'bootstrap': True, 'max_samples': 0.5}
2025-11-20 16:47:15,335 - model - INFO - Applied bootstrap sampling with max_samples=795
2025-11-20 16:47:15,335 - model - INFO - Stored trained model with ID: random_forest_10
2025-11-20 16:47:15,783 - model - INFO - Cached model object for random_forest_10
2025-11-20 16:47:15,783 - model - INFO - Model random_forest trained successfully. CV Score: 4633745.8637
2025-11-20 16:47:23,278 - model - INFO - Completed evaluation for random_forest: R² = 0.9718
2025-11-20 16:47:23,278 - model - INFO - Training and evaluating KNN
2025-11-20 16:47:23,279 - model - INFO - Starting hyperparameter tuning for KNN
2025-11-20 16:47:28,998 - model - INFO - Tuning completed. Best score: 10699451.8847, Overfitting risk: low
2025-11-20 16:47:28,998 - model - INFO - Training KNN with dataset size: 1590 samples, 11 features
2025-11-20 16:47:28,998 - model - INFO - Checking cache for KNN with key: KNN_[('algorithm', 'auto'), ('metric', 'manhattan'), ('n_neighbors', 7), ('p', 1), ('weights', 'distance')]_8138545178411690064
2025-11-20 16:47:28,999 - model - INFO - Using cached results for KNN
2025-11-20 16:47:29,000 - model - INFO - Model object not cached, retraining KNN
2025-11-20 16:47:29,003 - model - INFO - Applied RobustScaler to features for KNN
2025-11-20 16:47:29,003 - model - INFO - Training KNN model with params: {'algorithm': 'auto', 'metric': 'manhattan', 'n_neighbors': 7, 'p': 1, 'weights': 'distance'}
2025-11-20 16:47:29,004 - model - INFO - Stored trained model with ID: KNN_11
2025-11-20 16:47:29,045 - model - INFO - KNN Validation: Optimal K=7, CV Score=10699451.8847
2025-11-20 16:47:29,045 - model - INFO - Cached model object for KNN_11
2025-11-20 16:47:29,045 - model - INFO - Model KNN trained successfully. CV Score: 10699451.8847
2025-11-20 16:47:31,235 - model - INFO - Completed evaluation for KNN: R² = 0.8475
2025-11-20 16:47:31,426 - model - ERROR - Failed to generate model comparison visualizations: [Errno 2] No such file or directory: 'visualizations/model_comparison_with_knn.png'
2025-11-20 16:47:31,427 - model - INFO - Saved model comparison report to reports/model_comparison_report_20251120_164731.json
2025-11-20 16:47:31,427 - model - INFO - Model comparison completed. Best model: random_forest (R² = 0.9718)
2025-11-20 16:47:39,758 - model - INFO - Training linear with dataset size: 6357 samples, 11 features
2025-11-20 16:47:39,758 - model - INFO - Checking cache for linear with key: linear_[('fit_intercept', True), ('polynomial_degree', 1)]_8138545178411690064
2025-11-20 16:47:39,759 - model - INFO - Using cached results for linear
2025-11-20 16:47:39,759 - model - INFO - Model object not cached, retraining linear
2025-11-20 16:47:39,762 - model - INFO - Applied RobustScaler to features for linear
2025-11-20 16:47:39,762 - model - INFO - Training linear model with params: {'fit_intercept': True, 'polynomial_degree': 1}
2025-11-20 16:47:39,763 - model - INFO - Stored trained model with ID: linear_0
2025-11-20 16:47:39,786 - model - INFO - Cached model object for linear_0
2025-11-20 16:47:39,786 - model - INFO - Model linear trained successfully. CV Score: 11212237.0290
2025-11-20 16:47:42,013 - model - INFO - Training ridge with dataset size: 6357 samples, 11 features
2025-11-20 16:47:42,013 - model - INFO - Checking cache for ridge with key: ridge_[('alpha', 0.001), ('fit_intercept', True), ('polynomial_degree', 1), ('solver', 'auto')]_8138545178411690064
2025-11-20 16:47:42,013 - model - INFO - Using cached results for ridge
2025-11-20 16:47:42,013 - model - INFO - Model object not cached, retraining ridge
2025-11-20 16:47:42,016 - model - INFO - Applied RobustScaler to features for ridge
2025-11-20 16:47:42,016 - model - INFO - Training ridge model with params: {'alpha': 0.001, 'fit_intercept': True, 'polynomial_degree': 1, 'solver': 'auto'}
2025-11-20 16:47:42,017 - model - INFO - Stored trained model with ID: ridge_1
2025-11-20 16:47:42,038 - model - INFO - Cached model object for ridge_1
2025-11-20 16:47:42,038 - model - INFO - Model ridge trained successfully. CV Score: 11212236.7833
2025-11-20 16:47:44,323 - model - INFO - Training lasso with dataset size: 6357 samples, 11 features
2025-11-20 16:47:44,323 - model - INFO - Checking cache for lasso with key: lasso_[('alpha', 0.001), ('fit_intercept', True), ('max_iter', 1000), ('polynomial_degree', 1), ('selection', 'cyclic')]_8138545178411690064
2025-11-20 16:47:44,323 - model - INFO - Using cached results for lasso
2025-11-20 16:47:44,323 - model - INFO - Model object not cached, retraining lasso
2025-11-20 16:47:44,326 - model - INFO - Applied RobustScaler to features for lasso
2025-11-20 16:47:44,326 - model - INFO - Training lasso model with params: {'alpha': 0.001, 'fit_intercept': True, 'polynomial_degree': 1, 'selection': 'cyclic', 'max_iter': 1000}
2025-11-20 16:47:44,358 - model - INFO - Stored trained model with ID: lasso_2
2025-11-20 16:47:44,485 - model - INFO - Cached model object for lasso_2
2025-11-20 16:47:44,485 - model - INFO - Model lasso trained successfully. CV Score: 11212236.7357
2025-11-20 16:47:48,874 - model - INFO - Training decision_tree with dataset size: 6357 samples, 11 features
2025-11-20 16:47:48,874 - model - INFO - Checking cache for decision_tree with key: decision_tree_[('ccp_alpha', 0.0), ('criterion', 'squared_error'), ('max_depth', 10), ('max_features', 'sqrt'), ('min_samples_leaf', 1), ('min_samples_split', 2), ('splitter', 'best')]_8138545178411690064
2025-11-20 16:47:48,875 - model - INFO - Using cached results for decision_tree
2025-11-20 16:47:48,875 - model - INFO - Model object not cached, retraining decision_tree
2025-11-20 16:47:48,875 - model - INFO - Training decision_tree model with params: {'max_depth': 10, 'min_samples_split': 2, 'min_samples_leaf': 1, 'max_features': 'sqrt', 'criterion': 'squared_error', 'ccp_alpha': 0.0, 'splitter': 'best'}
2025-11-20 16:48:02,174 - model - INFO - Stored trained model with ID: decision_tree_3
2025-11-20 16:48:02,220 - model - INFO - Cached model object for decision_tree_3
2025-11-20 16:48:02,220 - model - INFO - Model decision_tree trained successfully. CV Score: 8854333.7443
2025-11-20 16:48:04,980 - model - INFO - Training random_forest with dataset size: 6357 samples, 11 features
2025-11-20 16:48:04,980 - model - INFO - Checking cache for random_forest with key: random_forest_[('bootstrap', True), ('ccp_alpha', 0.0), ('criterion', 'squared_error'), ('max_depth', 10), ('max_features', 'sqrt'), ('max_samples', None), ('min_impurity_decrease', 0.0), ('min_samples_leaf', 1), ('min_samples_split', 2), ('n_estimators', 100)]_8138545178411690064
2025-11-20 16:48:04,980 - model - INFO - Using cached results for random_forest
2025-11-20 16:48:04,980 - model - INFO - Model object not cached, retraining random_forest
2025-11-20 16:48:04,981 - model - INFO - RandomForest max_samples set to: None
2025-11-20 16:48:04,981 - model - INFO - Training random_forest model with params: {'n_estimators': 100, 'max_depth': 10, 'min_samples_split': 2, 'min_samples_leaf': 1, 'max_features': 'sqrt', 'bootstrap': True, 'criterion': 'squared_error', 'ccp_alpha': 0.0, 'max_samples': None, 'min_impurity_decrease': 0.0}
2025-11-20 16:48:05,400 - model - INFO - Applied bootstrap sampling with max_samples=None
2025-11-20 16:48:05,400 - model - INFO - Stored trained model with ID: random_forest_4
2025-11-20 16:48:07,260 - model - INFO - Cached model object for random_forest_4
2025-11-20 16:48:07,260 - model - INFO - Model random_forest trained successfully. CV Score: 2036000.2735
2025-11-20 16:48:43,904 - model - INFO - Training KNN with dataset size: 6357 samples, 11 features
2025-11-20 16:48:43,904 - model - INFO - Checking cache for KNN with key: KNN_[('algorithm', 'auto'), ('metric', 'euclidean'), ('n_neighbors', 3), ('p', 1), ('weights', 'uniform')]_8138545178411690064
2025-11-20 16:48:43,905 - model - INFO - Using cached results for KNN
2025-11-20 16:48:43,905 - model - INFO - Model object not cached, retraining KNN
2025-11-20 16:48:43,908 - model - INFO - Applied RobustScaler to features for KNN
2025-11-20 16:48:43,909 - model - INFO - Training KNN model with params: {'n_neighbors': 3, 'metric': 'euclidean', 'weights': 'uniform', 'algorithm': 'auto', 'p': 1}
2025-11-20 16:48:43,910 - model - INFO - Stored trained model with ID: KNN_5
2025-11-20 16:48:44,099 - model - INFO - KNN Validation: Optimal K=3, CV Score=8040551.0352
2025-11-20 16:48:44,099 - model - INFO - Cached model object for KNN_5
2025-11-20 16:48:44,100 - model - INFO - Model KNN trained successfully. CV Score: 8040551.0352
2025-11-20 16:48:50,128 - model - INFO - Model linear_0 evaluation completed. Score: 0.8572
2025-11-20 16:48:50,129 - model - INFO - Model ridge_1 evaluation completed. Score: 0.8572
2025-11-20 16:48:50,130 - model - INFO - Model lasso_2 evaluation completed. Score: 0.8572
2025-11-20 16:48:50,131 - model - INFO - Model decision_tree_3 evaluation completed. Score: 0.9162
2025-11-20 16:48:50,143 - model - INFO - Model random_forest_4 evaluation completed. Score: 0.9741
2025-11-20 16:48:50,170 - model - INFO - Model KNN_5 evaluation completed. Score: 0.8009
2025-11-20 16:48:50,170 - model - INFO - Starting comprehensive model comparison with 6 models
2025-11-20 16:48:50,170 - model - INFO - Training and evaluating linear
2025-11-20 16:48:50,170 - model - INFO - Training linear with dataset size: 1590 samples, 11 features
2025-11-20 16:48:50,170 - model - INFO - Checking cache for linear with key: linear_[]_8138545178411690064
2025-11-20 16:48:50,170 - model - INFO - Using cached results for linear
2025-11-20 16:48:50,171 - model - INFO - Model object not cached, retraining linear
2025-11-20 16:48:50,172 - model - INFO - Applied RobustScaler to features for linear
2025-11-20 16:48:50,172 - model - INFO - Training linear model with params: {}
2025-11-20 16:48:50,173 - model - INFO - Stored trained model with ID: linear_6
2025-11-20 16:48:50,186 - model - INFO - Cached model object for linear_6
2025-11-20 16:48:50,186 - model - INFO - Model linear trained successfully. CV Score: 11334988.6883
2025-11-20 16:48:50,840 - model - INFO - Completed evaluation for linear: R² = 0.4446
2025-11-20 16:48:50,840 - model - INFO - Training and evaluating ridge
2025-11-20 16:48:50,841 - model - INFO - Training ridge with dataset size: 1590 samples, 11 features
2025-11-20 16:48:50,841 - model - INFO - Checking cache for ridge with key: ridge_[]_8138545178411690064
2025-11-20 16:48:50,841 - model - INFO - Using cached results for ridge
2025-11-20 16:48:50,841 - model - INFO - Model object not cached, retraining ridge
2025-11-20 16:48:50,843 - model - INFO - Applied RobustScaler to features for ridge
2025-11-20 16:48:50,843 - model - INFO - Training ridge model with params: {}
2025-11-20 16:48:50,843 - model - INFO - Stored trained model with ID: ridge_7
2025-11-20 16:48:50,856 - model - INFO - Cached model object for ridge_7
2025-11-20 16:48:50,856 - model - INFO - Model ridge trained successfully. CV Score: 11330376.8985
2025-11-20 16:48:51,519 - model - INFO - Completed evaluation for ridge: R² = 0.4538
2025-11-20 16:48:51,519 - model - INFO - Training and evaluating lasso
2025-11-20 16:48:51,519 - model - INFO - Training lasso with dataset size: 1590 samples, 11 features
2025-11-20 16:48:51,520 - model - INFO - Checking cache for lasso with key: lasso_[]_8138545178411690064
2025-11-20 16:48:51,520 - model - INFO - Using cached results for lasso
2025-11-20 16:48:51,520 - model - INFO - Model object not cached, retraining lasso
2025-11-20 16:48:51,522 - model - INFO - Applied RobustScaler to features for lasso
2025-11-20 16:48:51,522 - model - INFO - Training lasso model with params: {}
2025-11-20 16:48:51,524 - model - INFO - Stored trained model with ID: lasso_8
2025-11-20 16:48:51,543 - model - INFO - Cached model object for lasso_8
2025-11-20 16:48:51,543 - model - INFO - Model lasso trained successfully. CV Score: 11334116.2622
2025-11-20 16:48:52,329 - model - INFO - Completed evaluation for lasso: R² = 0.4457
2025-11-20 16:48:52,329 - model - INFO - Training and evaluating decision_tree
2025-11-20 16:48:52,329 - model - INFO - Training decision_tree with dataset size: 1590 samples, 11 features
2025-11-20 16:48:52,329 - model - INFO - Checking cache for decision_tree with key: decision_tree_[('max_depth', 10), ('max_features', 'sqrt'), ('min_samples_leaf', 2), ('min_samples_split', 5)]_8138545178411690064
2025-11-20 16:48:52,329 - model - INFO - Using cached results for decision_tree
2025-11-20 16:48:52,329 - model - INFO - Model object not cached, retraining decision_tree
2025-11-20 16:48:52,330 - model - INFO - Training decision_tree model with params: {'max_depth': 10, 'min_samples_split': 5, 'min_samples_leaf': 2, 'max_features': 'sqrt'}
2025-11-20 16:48:53,113 - model - INFO - Stored trained model with ID: decision_tree_9
2025-11-20 16:48:53,125 - model - INFO - Cached model object for decision_tree_9
2025-11-20 16:48:53,125 - model - INFO - Model decision_tree trained successfully. CV Score: 11583431.5800
2025-11-20 16:48:53,871 - model - INFO - Completed evaluation for decision_tree: R² = 0.9587
2025-11-20 16:48:53,872 - model - INFO - Training and evaluating random_forest
2025-11-20 16:48:53,872 - model - INFO - Training random_forest with dataset size: 1590 samples, 11 features
2025-11-20 16:48:53,872 - model - INFO - Checking cache for random_forest with key: random_forest_[('bootstrap', True), ('max_depth', 10), ('max_features', 'sqrt'), ('max_samples', 0.5), ('min_samples_leaf', 2), ('min_samples_split', 5), ('n_estimators', 100)]_8138545178411690064
2025-11-20 16:48:53,872 - model - INFO - Using cached results for random_forest
2025-11-20 16:48:53,872 - model - INFO - Model object not cached, retraining random_forest
2025-11-20 16:48:53,872 - model - INFO - RandomForest max_samples set to: 0.5
2025-11-20 16:48:53,872 - model - INFO - Training random_forest model with params: {'max_depth': 10, 'min_samples_split': 5, 'min_samples_leaf': 2, 'max_features': 'sqrt', 'n_estimators': 100, 'bootstrap': True, 'max_samples': 0.5}
2025-11-20 16:48:53,958 - model - INFO - Applied bootstrap sampling with max_samples=795
2025-11-20 16:48:53,958 - model - INFO - Stored trained model with ID: random_forest_10
2025-11-20 16:48:54,402 - model - INFO - Cached model object for random_forest_10
2025-11-20 16:48:54,403 - model - INFO - Model random_forest trained successfully. CV Score: 4633745.8637
2025-11-20 16:49:02,347 - model - INFO - Completed evaluation for random_forest: R² = 0.9718
2025-11-20 16:49:02,347 - model - INFO - Training and evaluating KNN
2025-11-20 16:49:02,347 - model - INFO - Starting hyperparameter tuning for KNN
2025-11-20 16:49:06,207 - model - INFO - Tuning completed. Best score: 10699451.8847, Overfitting risk: low
2025-11-20 16:49:06,207 - model - INFO - Training KNN with dataset size: 1590 samples, 11 features
2025-11-20 16:49:06,208 - model - INFO - Checking cache for KNN with key: KNN_[('algorithm', 'auto'), ('metric', 'manhattan'), ('n_neighbors', 7), ('p', 1), ('weights', 'distance')]_8138545178411690064
2025-11-20 16:49:06,211 - model - INFO - Using cached results for KNN
2025-11-20 16:49:06,212 - model - INFO - Model object not cached, retraining KNN
2025-11-20 16:49:06,216 - model - INFO - Applied RobustScaler to features for KNN
2025-11-20 16:49:06,216 - model - INFO - Training KNN model with params: {'algorithm': 'auto', 'metric': 'manhattan', 'n_neighbors': 7, 'p': 1, 'weights': 'distance'}
2025-11-20 16:49:06,217 - model - INFO - Stored trained model with ID: KNN_11
2025-11-20 16:49:06,260 - model - INFO - KNN Validation: Optimal K=7, CV Score=10699451.8847
2025-11-20 16:49:06,260 - model - INFO - Cached model object for KNN_11
2025-11-20 16:49:06,260 - model - INFO - Model KNN trained successfully. CV Score: 10699451.8847
2025-11-20 16:49:08,334 - model - INFO - Completed evaluation for KNN: R² = 0.8475
2025-11-20 16:49:08,518 - model - ERROR - Failed to generate model comparison visualizations: [Errno 2] No such file or directory: 'visualizations/model_comparison_with_knn.png'
2025-11-20 16:49:08,519 - model - INFO - Saved model comparison report to reports/model_comparison_report_20251120_164908.json
2025-11-20 16:49:08,519 - model - INFO - Model comparison completed. Best model: random_forest (R² = 0.9718)
2025-11-20 17:12:55,784 - model - INFO - Training linear with dataset size: 6357 samples, 11 features
2025-11-20 17:12:55,784 - model - INFO - Checking cache for linear with key: linear_[('fit_intercept', True), ('polynomial_degree', 1)]_-8158932413647881925
2025-11-20 17:12:55,784 - model - INFO - Using cached results for linear
2025-11-20 17:12:55,784 - model - INFO - Model object not cached, retraining linear
2025-11-20 17:12:55,788 - model - INFO - Applied RobustScaler to features for linear
2025-11-20 17:12:55,788 - model - INFO - Training linear model with params: {'fit_intercept': True, 'polynomial_degree': 1}
2025-11-20 17:12:55,790 - model - INFO - Stored trained model with ID: linear_0
2025-11-20 17:12:55,825 - model - INFO - Cached model object for linear_0
2025-11-20 17:12:55,825 - model - INFO - Model linear trained successfully. CV Score: 11212237.0290
2025-11-20 17:12:58,596 - model - INFO - Training ridge with dataset size: 6357 samples, 11 features
2025-11-20 17:12:58,596 - model - INFO - Checking cache for ridge with key: ridge_[('alpha', 0.001), ('fit_intercept', True), ('polynomial_degree', 1), ('solver', 'auto')]_-8158932413647881925
2025-11-20 17:12:58,597 - model - INFO - Using cached results for ridge
2025-11-20 17:12:58,597 - model - INFO - Model object not cached, retraining ridge
2025-11-20 17:12:58,600 - model - INFO - Applied RobustScaler to features for ridge
2025-11-20 17:12:58,600 - model - INFO - Training ridge model with params: {'alpha': 0.001, 'fit_intercept': True, 'polynomial_degree': 1, 'solver': 'auto'}
2025-11-20 17:12:58,601 - model - INFO - Stored trained model with ID: ridge_1
2025-11-20 17:12:58,621 - model - INFO - Cached model object for ridge_1
2025-11-20 17:12:58,621 - model - INFO - Model ridge trained successfully. CV Score: 11212236.7833
2025-11-20 17:13:00,875 - model - INFO - Training lasso with dataset size: 6357 samples, 11 features
2025-11-20 17:13:00,875 - model - INFO - Checking cache for lasso with key: lasso_[('alpha', 0.001), ('fit_intercept', True), ('max_iter', 1000), ('polynomial_degree', 1), ('selection', 'cyclic')]_-8158932413647881925
2025-11-20 17:13:00,875 - model - INFO - Using cached results for lasso
2025-11-20 17:13:00,875 - model - INFO - Model object not cached, retraining lasso
2025-11-20 17:13:00,878 - model - INFO - Applied RobustScaler to features for lasso
2025-11-20 17:13:00,878 - model - INFO - Training lasso model with params: {'alpha': 0.001, 'fit_intercept': True, 'polynomial_degree': 1, 'selection': 'cyclic', 'max_iter': 1000}
2025-11-20 17:13:00,911 - model - INFO - Stored trained model with ID: lasso_2
2025-11-20 17:13:01,044 - model - INFO - Cached model object for lasso_2
2025-11-20 17:13:01,044 - model - INFO - Model lasso trained successfully. CV Score: 11212236.7357
2025-11-20 17:13:05,643 - model - INFO - Training decision_tree with dataset size: 6357 samples, 11 features
2025-11-20 17:13:05,644 - model - INFO - Checking cache for decision_tree with key: decision_tree_[('ccp_alpha', 0.0), ('criterion', 'squared_error'), ('max_depth', 10), ('max_features', 'sqrt'), ('min_samples_leaf', 1), ('min_samples_split', 2), ('splitter', 'best')]_-8158932413647881925
2025-11-20 17:13:05,646 - model - INFO - Using cached results for decision_tree
2025-11-20 17:13:05,647 - model - INFO - Model object not cached, retraining decision_tree
2025-11-20 17:13:05,649 - model - INFO - Training decision_tree model with params: {'max_depth': 10, 'min_samples_split': 2, 'min_samples_leaf': 1, 'max_features': 'sqrt', 'criterion': 'squared_error', 'ccp_alpha': 0.0, 'splitter': 'best'}
2025-11-20 17:13:18,788 - model - INFO - Stored trained model with ID: decision_tree_3
2025-11-20 17:13:18,822 - model - INFO - Cached model object for decision_tree_3
2025-11-20 17:13:18,822 - model - INFO - Model decision_tree trained successfully. CV Score: 8854333.7443
2025-11-20 17:13:21,585 - model - INFO - Training random_forest with dataset size: 6357 samples, 11 features
2025-11-20 17:13:21,585 - model - INFO - Checking cache for random_forest with key: random_forest_[('bootstrap', True), ('ccp_alpha', 0.0), ('criterion', 'squared_error'), ('max_depth', 10), ('max_features', 'sqrt'), ('max_samples', None), ('min_impurity_decrease', 0.0), ('min_samples_leaf', 1), ('min_samples_split', 2), ('n_estimators', 100)]_-8158932413647881925
2025-11-20 17:13:21,585 - model - INFO - Using cached results for random_forest
2025-11-20 17:13:21,585 - model - INFO - Model object not cached, retraining random_forest
2025-11-20 17:13:21,586 - model - INFO - RandomForest max_samples set to: None
2025-11-20 17:13:21,586 - model - INFO - Training random_forest model with params: {'n_estimators': 100, 'max_depth': 10, 'min_samples_split': 2, 'min_samples_leaf': 1, 'max_features': 'sqrt', 'bootstrap': True, 'criterion': 'squared_error', 'ccp_alpha': 0.0, 'max_samples': None, 'min_impurity_decrease': 0.0}
2025-11-20 17:13:22,008 - model - INFO - Applied bootstrap sampling with max_samples=None
2025-11-20 17:13:22,008 - model - INFO - Stored trained model with ID: random_forest_4
2025-11-20 17:13:23,876 - model - INFO - Cached model object for random_forest_4
2025-11-20 17:13:23,876 - model - INFO - Model random_forest trained successfully. CV Score: 2036000.2735
2025-11-20 17:14:00,716 - model - INFO - Training KNN with dataset size: 6357 samples, 11 features
2025-11-20 17:14:00,717 - model - INFO - Checking cache for KNN with key: KNN_[('algorithm', 'auto'), ('metric', 'euclidean'), ('n_neighbors', 3), ('p', 1), ('weights', 'uniform')]_-8158932413647881925
2025-11-20 17:14:00,728 - model - INFO - Using cached results for KNN
2025-11-20 17:14:00,729 - model - INFO - Model object not cached, retraining KNN
2025-11-20 17:14:00,736 - model - INFO - Applied RobustScaler to features for KNN
2025-11-20 17:14:00,737 - model - INFO - Training KNN model with params: {'n_neighbors': 3, 'metric': 'euclidean', 'weights': 'uniform', 'algorithm': 'auto', 'p': 1}
2025-11-20 17:14:00,740 - model - INFO - Stored trained model with ID: KNN_5
2025-11-20 17:14:00,933 - model - INFO - KNN Validation: Optimal K=3, CV Score=8040551.0352
2025-11-20 17:14:00,934 - model - INFO - Cached model object for KNN_5
2025-11-20 17:14:00,934 - model - INFO - Model KNN trained successfully. CV Score: 8040551.0352
2025-11-20 17:14:07,362 - model - INFO - Model linear_0 evaluation completed. Score: 0.8572
2025-11-20 17:14:07,363 - model - INFO - Model ridge_1 evaluation completed. Score: 0.8572
2025-11-20 17:14:07,364 - model - INFO - Model lasso_2 evaluation completed. Score: 0.8572
2025-11-20 17:14:07,365 - model - INFO - Model decision_tree_3 evaluation completed. Score: 0.9162
2025-11-20 17:14:07,383 - model - INFO - Model random_forest_4 evaluation completed. Score: 0.9741
2025-11-20 17:14:07,411 - model - INFO - Model KNN_5 evaluation completed. Score: 0.8009
2025-11-20 17:14:07,411 - model - INFO - Starting comprehensive model comparison with 6 models
2025-11-20 17:14:07,411 - model - INFO - Training and evaluating linear
2025-11-20 17:14:07,411 - model - INFO - Training linear with dataset size: 1590 samples, 11 features
2025-11-20 17:14:07,411 - model - INFO - Checking cache for linear with key: linear_[]_-8158932413647881925
2025-11-20 17:14:07,412 - model - INFO - Using cached results for linear
2025-11-20 17:14:07,412 - model - INFO - Model object not cached, retraining linear
2025-11-20 17:14:07,414 - model - INFO - Applied RobustScaler to features for linear
2025-11-20 17:14:07,415 - model - INFO - Training linear model with params: {}
2025-11-20 17:14:07,415 - model - INFO - Stored trained model with ID: linear_6
2025-11-20 17:14:07,429 - model - INFO - Cached model object for linear_6
2025-11-20 17:14:07,429 - model - INFO - Model linear trained successfully. CV Score: 11334988.6883
2025-11-20 17:14:08,433 - model - INFO - Completed evaluation for linear: R² = 0.4446
2025-11-20 17:14:08,433 - model - INFO - Training and evaluating ridge
2025-11-20 17:14:08,433 - model - INFO - Training ridge with dataset size: 1590 samples, 11 features
2025-11-20 17:14:08,433 - model - INFO - Checking cache for ridge with key: ridge_[]_-8158932413647881925
2025-11-20 17:14:08,434 - model - INFO - Using cached results for ridge
2025-11-20 17:14:08,434 - model - INFO - Model object not cached, retraining ridge
2025-11-20 17:14:08,436 - model - INFO - Applied RobustScaler to features for ridge
2025-11-20 17:14:08,436 - model - INFO - Training ridge model with params: {}
2025-11-20 17:14:08,436 - model - INFO - Stored trained model with ID: ridge_7
2025-11-20 17:14:08,450 - model - INFO - Cached model object for ridge_7
2025-11-20 17:14:08,450 - model - INFO - Model ridge trained successfully. CV Score: 11330376.8985
2025-11-20 17:14:09,162 - model - INFO - Completed evaluation for ridge: R² = 0.4538
2025-11-20 17:14:09,162 - model - INFO - Training and evaluating lasso
2025-11-20 17:14:09,162 - model - INFO - Training lasso with dataset size: 1590 samples, 11 features
2025-11-20 17:14:09,162 - model - INFO - Checking cache for lasso with key: lasso_[]_-8158932413647881925
2025-11-20 17:14:09,162 - model - INFO - Using cached results for lasso
2025-11-20 17:14:09,163 - model - INFO - Model object not cached, retraining lasso
2025-11-20 17:14:09,164 - model - INFO - Applied RobustScaler to features for lasso
2025-11-20 17:14:09,164 - model - INFO - Training lasso model with params: {}
2025-11-20 17:14:09,166 - model - INFO - Stored trained model with ID: lasso_8
2025-11-20 17:14:09,182 - model - INFO - Cached model object for lasso_8
2025-11-20 17:14:09,182 - model - INFO - Model lasso trained successfully. CV Score: 11334116.2622
2025-11-20 17:14:10,011 - model - INFO - Completed evaluation for lasso: R² = 0.4457
2025-11-20 17:14:10,011 - model - INFO - Training and evaluating decision_tree
2025-11-20 17:14:10,011 - model - INFO - Training decision_tree with dataset size: 1590 samples, 11 features
2025-11-20 17:14:10,011 - model - INFO - Checking cache for decision_tree with key: decision_tree_[('max_depth', 10), ('max_features', 'sqrt'), ('min_samples_leaf', 2), ('min_samples_split', 5)]_-8158932413647881925
2025-11-20 17:14:10,011 - model - INFO - Using cached results for decision_tree
2025-11-20 17:14:10,011 - model - INFO - Model object not cached, retraining decision_tree
2025-11-20 17:14:10,011 - model - INFO - Training decision_tree model with params: {'max_depth': 10, 'min_samples_split': 5, 'min_samples_leaf': 2, 'max_features': 'sqrt'}
2025-11-20 17:14:10,894 - model - INFO - Stored trained model with ID: decision_tree_9
2025-11-20 17:14:10,907 - model - INFO - Cached model object for decision_tree_9
2025-11-20 17:14:10,907 - model - INFO - Model decision_tree trained successfully. CV Score: 11583431.5800
2025-11-20 17:14:11,704 - model - INFO - Completed evaluation for decision_tree: R² = 0.9587
2025-11-20 17:14:11,704 - model - INFO - Training and evaluating random_forest
2025-11-20 17:14:11,705 - model - INFO - Training random_forest with dataset size: 1590 samples, 11 features
2025-11-20 17:14:11,705 - model - INFO - Checking cache for random_forest with key: random_forest_[('bootstrap', True), ('max_depth', 10), ('max_features', 'sqrt'), ('max_samples', 0.5), ('min_samples_leaf', 2), ('min_samples_split', 5), ('n_estimators', 100)]_-8158932413647881925
2025-11-20 17:14:11,705 - model - INFO - Using cached results for random_forest
2025-11-20 17:14:11,705 - model - INFO - Model object not cached, retraining random_forest
2025-11-20 17:14:11,705 - model - INFO - RandomForest max_samples set to: 0.5
2025-11-20 17:14:11,705 - model - INFO - Training random_forest model with params: {'max_depth': 10, 'min_samples_split': 5, 'min_samples_leaf': 2, 'max_features': 'sqrt', 'n_estimators': 100, 'bootstrap': True, 'max_samples': 0.5}
2025-11-20 17:14:11,791 - model - INFO - Applied bootstrap sampling with max_samples=795
2025-11-20 17:14:11,791 - model - INFO - Stored trained model with ID: random_forest_10
2025-11-20 17:14:12,258 - model - INFO - Cached model object for random_forest_10
2025-11-20 17:14:12,258 - model - INFO - Model random_forest trained successfully. CV Score: 4633745.8637
2025-11-20 17:14:19,789 - model - INFO - Completed evaluation for random_forest: R² = 0.9718
2025-11-20 17:14:19,790 - model - INFO - Training and evaluating KNN
2025-11-20 17:14:19,790 - model - INFO - Starting hyperparameter tuning for KNN
2025-11-20 17:14:27,418 - model - INFO - Tuning completed. Best score: 10699451.8847, Overfitting risk: low
2025-11-20 17:14:27,419 - model - INFO - Training KNN with dataset size: 1590 samples, 11 features
2025-11-20 17:14:27,419 - model - INFO - Checking cache for KNN with key: KNN_[('algorithm', 'auto'), ('metric', 'manhattan'), ('n_neighbors', 7), ('p', 1), ('weights', 'distance')]_-8158932413647881925
2025-11-20 17:14:27,421 - model - INFO - Using cached results for KNN
2025-11-20 17:14:27,421 - model - INFO - Model object not cached, retraining KNN
2025-11-20 17:14:27,424 - model - INFO - Applied RobustScaler to features for KNN
2025-11-20 17:14:27,425 - model - INFO - Training KNN model with params: {'algorithm': 'auto', 'metric': 'manhattan', 'n_neighbors': 7, 'p': 1, 'weights': 'distance'}
2025-11-20 17:14:27,425 - model - INFO - Stored trained model with ID: KNN_11
2025-11-20 17:14:27,479 - model - INFO - KNN Validation: Optimal K=7, CV Score=10699451.8847
2025-11-20 17:14:27,480 - model - INFO - Cached model object for KNN_11
2025-11-20 17:14:27,480 - model - INFO - Model KNN trained successfully. CV Score: 10699451.8847
2025-11-20 17:14:29,755 - model - INFO - Completed evaluation for KNN: R² = 0.8475
2025-11-20 17:14:29,943 - model - ERROR - Failed to generate model comparison visualizations: [Errno 2] No such file or directory: 'visualizations/model_comparison_with_knn.png'
2025-11-20 17:14:29,944 - model - INFO - Saved model comparison report to reports/model_comparison_report_20251120_171429.json
2025-11-20 17:14:29,945 - model - INFO - Model comparison completed. Best model: random_forest (R² = 0.9718)
2025-11-20 17:14:38,670 - model - INFO - Training linear with dataset size: 6357 samples, 11 features
2025-11-20 17:14:38,671 - model - INFO - Checking cache for linear with key: linear_[('fit_intercept', True), ('polynomial_degree', 1)]_-8158932413647881925
2025-11-20 17:14:38,672 - model - INFO - Using cached results for linear
2025-11-20 17:14:38,672 - model - INFO - Model object not cached, retraining linear
2025-11-20 17:14:38,675 - model - INFO - Applied RobustScaler to features for linear
2025-11-20 17:14:38,675 - model - INFO - Training linear model with params: {'fit_intercept': True, 'polynomial_degree': 1}
2025-11-20 17:14:38,676 - model - INFO - Stored trained model with ID: linear_0
2025-11-20 17:14:38,699 - model - INFO - Cached model object for linear_0
2025-11-20 17:14:38,699 - model - INFO - Model linear trained successfully. CV Score: 11212237.0290
2025-11-20 17:14:41,144 - model - INFO - Training ridge with dataset size: 6357 samples, 11 features
2025-11-20 17:14:41,144 - model - INFO - Checking cache for ridge with key: ridge_[('alpha', 0.001), ('fit_intercept', True), ('polynomial_degree', 1), ('solver', 'auto')]_-8158932413647881925
2025-11-20 17:14:41,145 - model - INFO - Using cached results for ridge
2025-11-20 17:14:41,145 - model - INFO - Model object not cached, retraining ridge
2025-11-20 17:14:41,148 - model - INFO - Applied RobustScaler to features for ridge
2025-11-20 17:14:41,148 - model - INFO - Training ridge model with params: {'alpha': 0.001, 'fit_intercept': True, 'polynomial_degree': 1, 'solver': 'auto'}
2025-11-20 17:14:41,149 - model - INFO - Stored trained model with ID: ridge_1
2025-11-20 17:14:41,181 - model - INFO - Cached model object for ridge_1
2025-11-20 17:14:41,181 - model - INFO - Model ridge trained successfully. CV Score: 11212236.7833
2025-11-20 17:14:43,552 - model - INFO - Training lasso with dataset size: 6357 samples, 11 features
2025-11-20 17:14:43,552 - model - INFO - Checking cache for lasso with key: lasso_[('alpha', 0.001), ('fit_intercept', True), ('max_iter', 1000), ('polynomial_degree', 1), ('selection', 'cyclic')]_-8158932413647881925
2025-11-20 17:14:43,552 - model - INFO - Using cached results for lasso
2025-11-20 17:14:43,552 - model - INFO - Model object not cached, retraining lasso
2025-11-20 17:14:43,555 - model - INFO - Applied RobustScaler to features for lasso
2025-11-20 17:14:43,555 - model - INFO - Training lasso model with params: {'alpha': 0.001, 'fit_intercept': True, 'polynomial_degree': 1, 'selection': 'cyclic', 'max_iter': 1000}
2025-11-20 17:14:43,588 - model - INFO - Stored trained model with ID: lasso_2
2025-11-20 17:14:43,716 - model - INFO - Cached model object for lasso_2
2025-11-20 17:14:43,716 - model - INFO - Model lasso trained successfully. CV Score: 11212236.7357
2025-11-20 17:14:48,371 - model - INFO - Training decision_tree with dataset size: 6357 samples, 11 features
2025-11-20 17:14:48,372 - model - INFO - Checking cache for decision_tree with key: decision_tree_[('ccp_alpha', 0.0), ('criterion', 'squared_error'), ('max_depth', 10), ('max_features', 'sqrt'), ('min_samples_leaf', 1), ('min_samples_split', 2), ('splitter', 'best')]_-8158932413647881925
2025-11-20 17:14:48,372 - model - INFO - Using cached results for decision_tree
2025-11-20 17:14:48,372 - model - INFO - Model object not cached, retraining decision_tree
2025-11-20 17:14:48,373 - model - INFO - Training decision_tree model with params: {'max_depth': 10, 'min_samples_split': 2, 'min_samples_leaf': 1, 'max_features': 'sqrt', 'criterion': 'squared_error', 'ccp_alpha': 0.0, 'splitter': 'best'}
2025-11-20 17:15:01,528 - model - INFO - Stored trained model with ID: decision_tree_3
2025-11-20 17:15:01,594 - model - INFO - Cached model object for decision_tree_3
2025-11-20 17:15:01,594 - model - INFO - Model decision_tree trained successfully. CV Score: 8854333.7443
2025-11-20 17:15:04,431 - model - INFO - Training random_forest with dataset size: 6357 samples, 11 features
2025-11-20 17:15:04,431 - model - INFO - Checking cache for random_forest with key: random_forest_[('bootstrap', True), ('ccp_alpha', 0.0), ('criterion', 'squared_error'), ('max_depth', 10), ('max_features', 'sqrt'), ('max_samples', None), ('min_impurity_decrease', 0.0), ('min_samples_leaf', 1), ('min_samples_split', 2), ('n_estimators', 100)]_-8158932413647881925
2025-11-20 17:15:04,432 - model - INFO - Using cached results for random_forest
2025-11-20 17:15:04,432 - model - INFO - Model object not cached, retraining random_forest
2025-11-20 17:15:04,432 - model - INFO - RandomForest max_samples set to: None
2025-11-20 17:15:04,432 - model - INFO - Training random_forest model with params: {'n_estimators': 100, 'max_depth': 10, 'min_samples_split': 2, 'min_samples_leaf': 1, 'max_features': 'sqrt', 'bootstrap': True, 'criterion': 'squared_error', 'ccp_alpha': 0.0, 'max_samples': None, 'min_impurity_decrease': 0.0}
2025-11-20 17:15:04,855 - model - INFO - Applied bootstrap sampling with max_samples=None
2025-11-20 17:15:04,855 - model - INFO - Stored trained model with ID: random_forest_4
2025-11-20 17:15:06,691 - model - INFO - Cached model object for random_forest_4
2025-11-20 17:15:06,691 - model - INFO - Model random_forest trained successfully. CV Score: 2036000.2735
2025-11-20 17:15:43,104 - model - INFO - Training KNN with dataset size: 6357 samples, 11 features
2025-11-20 17:15:43,105 - model - INFO - Checking cache for KNN with key: KNN_[('algorithm', 'auto'), ('metric', 'euclidean'), ('n_neighbors', 3), ('p', 1), ('weights', 'uniform')]_-8158932413647881925
2025-11-20 17:15:43,105 - model - INFO - Using cached results for KNN
2025-11-20 17:15:43,105 - model - INFO - Model object not cached, retraining KNN
2025-11-20 17:15:43,108 - model - INFO - Applied RobustScaler to features for KNN
2025-11-20 17:15:43,108 - model - INFO - Training KNN model with params: {'n_neighbors': 3, 'metric': 'euclidean', 'weights': 'uniform', 'algorithm': 'auto', 'p': 1}
2025-11-20 17:15:43,110 - model - INFO - Stored trained model with ID: KNN_5
2025-11-20 17:15:43,295 - model - INFO - KNN Validation: Optimal K=3, CV Score=8040551.0352
2025-11-20 17:15:43,296 - model - INFO - Cached model object for KNN_5
2025-11-20 17:15:43,296 - model - INFO - Model KNN trained successfully. CV Score: 8040551.0352
2025-11-20 17:15:49,415 - model - INFO - Model linear_0 evaluation completed. Score: 0.8572
2025-11-20 17:15:49,417 - model - INFO - Model ridge_1 evaluation completed. Score: 0.8572
2025-11-20 17:15:49,418 - model - INFO - Model lasso_2 evaluation completed. Score: 0.8572
2025-11-20 17:15:49,419 - model - INFO - Model decision_tree_3 evaluation completed. Score: 0.9162
2025-11-20 17:15:49,439 - model - INFO - Model random_forest_4 evaluation completed. Score: 0.9741
2025-11-20 17:15:49,466 - model - INFO - Model KNN_5 evaluation completed. Score: 0.8009
2025-11-20 17:15:49,466 - model - INFO - Starting comprehensive model comparison with 6 models
2025-11-20 17:15:49,466 - model - INFO - Training and evaluating linear
2025-11-20 17:15:49,466 - model - INFO - Training linear with dataset size: 1590 samples, 11 features
2025-11-20 17:15:49,466 - model - INFO - Checking cache for linear with key: linear_[]_-8158932413647881925
2025-11-20 17:15:49,467 - model - INFO - Using cached results for linear
2025-11-20 17:15:49,467 - model - INFO - Model object not cached, retraining linear
2025-11-20 17:15:49,469 - model - INFO - Applied RobustScaler to features for linear
2025-11-20 17:15:49,469 - model - INFO - Training linear model with params: {}
2025-11-20 17:15:49,470 - model - INFO - Stored trained model with ID: linear_6
2025-11-20 17:15:49,482 - model - INFO - Cached model object for linear_6
2025-11-20 17:15:49,482 - model - INFO - Model linear trained successfully. CV Score: 11334988.6883
2025-11-20 17:15:50,135 - model - INFO - Completed evaluation for linear: R² = 0.4446
2025-11-20 17:15:50,135 - model - INFO - Training and evaluating ridge
2025-11-20 17:15:50,135 - model - INFO - Training ridge with dataset size: 1590 samples, 11 features
2025-11-20 17:15:50,135 - model - INFO - Checking cache for ridge with key: ridge_[]_-8158932413647881925
2025-11-20 17:15:50,135 - model - INFO - Using cached results for ridge
2025-11-20 17:15:50,136 - model - INFO - Model object not cached, retraining ridge
2025-11-20 17:15:50,137 - model - INFO - Applied RobustScaler to features for ridge
2025-11-20 17:15:50,137 - model - INFO - Training ridge model with params: {}
2025-11-20 17:15:50,138 - model - INFO - Stored trained model with ID: ridge_7
2025-11-20 17:15:50,151 - model - INFO - Cached model object for ridge_7
2025-11-20 17:15:50,151 - model - INFO - Model ridge trained successfully. CV Score: 11330376.8985
2025-11-20 17:15:50,811 - model - INFO - Completed evaluation for ridge: R² = 0.4538
2025-11-20 17:15:50,811 - model - INFO - Training and evaluating lasso
2025-11-20 17:15:50,811 - model - INFO - Training lasso with dataset size: 1590 samples, 11 features
2025-11-20 17:15:50,811 - model - INFO - Checking cache for lasso with key: lasso_[]_-8158932413647881925
2025-11-20 17:15:50,812 - model - INFO - Using cached results for lasso
2025-11-20 17:15:50,812 - model - INFO - Model object not cached, retraining lasso
2025-11-20 17:15:50,813 - model - INFO - Applied RobustScaler to features for lasso
2025-11-20 17:15:50,813 - model - INFO - Training lasso model with params: {}
2025-11-20 17:15:50,816 - model - INFO - Stored trained model with ID: lasso_8
2025-11-20 17:15:50,832 - model - INFO - Cached model object for lasso_8
2025-11-20 17:15:50,832 - model - INFO - Model lasso trained successfully. CV Score: 11334116.2622
2025-11-20 17:15:51,620 - model - INFO - Completed evaluation for lasso: R² = 0.4457
2025-11-20 17:15:51,620 - model - INFO - Training and evaluating decision_tree
2025-11-20 17:15:51,620 - model - INFO - Training decision_tree with dataset size: 1590 samples, 11 features
2025-11-20 17:15:51,621 - model - INFO - Checking cache for decision_tree with key: decision_tree_[('max_depth', 10), ('max_features', 'sqrt'), ('min_samples_leaf', 2), ('min_samples_split', 5)]_-8158932413647881925
2025-11-20 17:15:51,621 - model - INFO - Using cached results for decision_tree
2025-11-20 17:15:51,621 - model - INFO - Model object not cached, retraining decision_tree
2025-11-20 17:15:51,621 - model - INFO - Training decision_tree model with params: {'max_depth': 10, 'min_samples_split': 5, 'min_samples_leaf': 2, 'max_features': 'sqrt'}
2025-11-20 17:15:52,399 - model - INFO - Stored trained model with ID: decision_tree_9
2025-11-20 17:15:52,411 - model - INFO - Cached model object for decision_tree_9
2025-11-20 17:15:52,411 - model - INFO - Model decision_tree trained successfully. CV Score: 11583431.5800
2025-11-20 17:15:53,166 - model - INFO - Completed evaluation for decision_tree: R² = 0.9587
2025-11-20 17:15:53,167 - model - INFO - Training and evaluating random_forest
2025-11-20 17:15:53,167 - model - INFO - Training random_forest with dataset size: 1590 samples, 11 features
2025-11-20 17:15:53,167 - model - INFO - Checking cache for random_forest with key: random_forest_[('bootstrap', True), ('max_depth', 10), ('max_features', 'sqrt'), ('max_samples', 0.5), ('min_samples_leaf', 2), ('min_samples_split', 5), ('n_estimators', 100)]_-8158932413647881925
2025-11-20 17:15:53,167 - model - INFO - Using cached results for random_forest
2025-11-20 17:15:53,167 - model - INFO - Model object not cached, retraining random_forest
2025-11-20 17:15:53,167 - model - INFO - RandomForest max_samples set to: 0.5
2025-11-20 17:15:53,167 - model - INFO - Training random_forest model with params: {'max_depth': 10, 'min_samples_split': 5, 'min_samples_leaf': 2, 'max_features': 'sqrt', 'n_estimators': 100, 'bootstrap': True, 'max_samples': 0.5}
2025-11-20 17:15:53,252 - model - INFO - Applied bootstrap sampling with max_samples=795
2025-11-20 17:15:53,252 - model - INFO - Stored trained model with ID: random_forest_10
2025-11-20 17:15:53,699 - model - INFO - Cached model object for random_forest_10
2025-11-20 17:15:53,699 - model - INFO - Model random_forest trained successfully. CV Score: 4633745.8637
2025-11-20 17:16:01,572 - model - INFO - Completed evaluation for random_forest: R² = 0.9718
2025-11-20 17:16:01,573 - model - INFO - Training and evaluating KNN
2025-11-20 17:16:01,573 - model - INFO - Starting hyperparameter tuning for KNN
2025-11-20 17:16:05,036 - model - INFO - Tuning completed. Best score: 10699451.8847, Overfitting risk: low
2025-11-20 17:16:05,036 - model - INFO - Training KNN with dataset size: 1590 samples, 11 features
2025-11-20 17:16:05,037 - model - INFO - Checking cache for KNN with key: KNN_[('algorithm', 'auto'), ('metric', 'manhattan'), ('n_neighbors', 7), ('p', 1), ('weights', 'distance')]_-8158932413647881925
2025-11-20 17:16:05,042 - model - INFO - Using cached results for KNN
2025-11-20 17:16:05,042 - model - INFO - Model object not cached, retraining KNN
2025-11-20 17:16:05,047 - model - INFO - Applied RobustScaler to features for KNN
2025-11-20 17:16:05,047 - model - INFO - Training KNN model with params: {'algorithm': 'auto', 'metric': 'manhattan', 'n_neighbors': 7, 'p': 1, 'weights': 'distance'}
2025-11-20 17:16:05,048 - model - INFO - Stored trained model with ID: KNN_11
2025-11-20 17:16:05,091 - model - INFO - KNN Validation: Optimal K=7, CV Score=10699451.8847
2025-11-20 17:16:05,092 - model - INFO - Cached model object for KNN_11
2025-11-20 17:16:05,092 - model - INFO - Model KNN trained successfully. CV Score: 10699451.8847
2025-11-20 17:16:07,110 - model - INFO - Completed evaluation for KNN: R² = 0.8475
2025-11-20 17:16:07,301 - model - ERROR - Failed to generate model comparison visualizations: [Errno 2] No such file or directory: 'visualizations/model_comparison_with_knn.png'
2025-11-20 17:16:07,303 - model - INFO - Saved model comparison report to reports/model_comparison_report_20251120_171607.json
2025-11-20 17:16:07,303 - model - INFO - Model comparison completed. Best model: random_forest (R² = 0.9718)
2025-11-23 14:22:56,842 - model - INFO - Training linear with dataset size: 6357 samples, 11 features
2025-11-23 14:22:56,842 - model - INFO - Checking cache for linear with key: linear_[('fit_intercept', True), ('polynomial_degree', 1)]_-8506169667264841732
2025-11-23 14:22:56,847 - model - INFO - Using cached results for linear
2025-11-23 14:22:56,847 - model - INFO - Model object not cached, retraining linear
2025-11-23 14:22:56,851 - model - INFO - Applied RobustScaler to features for linear
2025-11-23 14:22:56,851 - model - INFO - Training linear model with params: {'fit_intercept': True, 'polynomial_degree': 1}
2025-11-23 14:22:56,860 - model - INFO - Stored trained model with ID: linear_0
2025-11-23 14:22:56,884 - model - INFO - Cached model object for linear_0
2025-11-23 14:22:56,884 - model - INFO - Model linear trained successfully. CV Score: 11212237.0290
2025-11-23 14:23:00,289 - model - INFO - Training ridge with dataset size: 6357 samples, 11 features
2025-11-23 14:23:00,289 - model - INFO - Checking cache for ridge with key: ridge_[('alpha', 0.001), ('fit_intercept', True), ('polynomial_degree', 1), ('solver', 'auto')]_-8506169667264841732
2025-11-23 14:23:00,289 - model - INFO - Using cached results for ridge
2025-11-23 14:23:00,289 - model - INFO - Model object not cached, retraining ridge
2025-11-23 14:23:00,292 - model - INFO - Applied RobustScaler to features for ridge
2025-11-23 14:23:00,292 - model - INFO - Training ridge model with params: {'alpha': 0.001, 'fit_intercept': True, 'polynomial_degree': 1, 'solver': 'auto'}
2025-11-23 14:23:00,296 - model - INFO - Stored trained model with ID: ridge_1
2025-11-23 14:23:00,317 - model - INFO - Cached model object for ridge_1
2025-11-23 14:23:00,317 - model - INFO - Model ridge trained successfully. CV Score: 11212236.7833
2025-11-23 14:23:02,706 - model - INFO - Training lasso with dataset size: 6357 samples, 11 features
2025-11-23 14:23:02,707 - model - INFO - Checking cache for lasso with key: lasso_[('alpha', 0.001), ('fit_intercept', True), ('max_iter', 1000), ('polynomial_degree', 1), ('selection', 'cyclic')]_-8506169667264841732
2025-11-23 14:23:02,707 - model - INFO - Using cached results for lasso
2025-11-23 14:23:02,707 - model - INFO - Model object not cached, retraining lasso
2025-11-23 14:23:02,710 - model - INFO - Applied RobustScaler to features for lasso
2025-11-23 14:23:02,710 - model - INFO - Training lasso model with params: {'alpha': 0.001, 'fit_intercept': True, 'polynomial_degree': 1, 'selection': 'cyclic', 'max_iter': 1000}
2025-11-23 14:23:02,742 - model - INFO - Stored trained model with ID: lasso_2
2025-11-23 14:23:02,875 - model - INFO - Cached model object for lasso_2
2025-11-23 14:23:02,875 - model - INFO - Model lasso trained successfully. CV Score: 11212236.7357
2025-11-23 14:23:07,543 - model - INFO - Training decision_tree with dataset size: 6357 samples, 11 features
2025-11-23 14:23:07,543 - model - INFO - Checking cache for decision_tree with key: decision_tree_[('ccp_alpha', 0.0), ('criterion', 'squared_error'), ('max_depth', 10), ('max_features', 'sqrt'), ('min_samples_leaf', 1), ('min_samples_split', 2), ('splitter', 'best')]_-8506169667264841732
2025-11-23 14:23:07,543 - model - INFO - Using cached results for decision_tree
2025-11-23 14:23:07,544 - model - INFO - Model object not cached, retraining decision_tree
2025-11-23 14:23:07,544 - model - INFO - Training decision_tree model with params: {'max_depth': 10, 'min_samples_split': 2, 'min_samples_leaf': 1, 'max_features': 'sqrt', 'criterion': 'squared_error', 'ccp_alpha': 0.0, 'splitter': 'best'}
2025-11-23 14:23:20,514 - model - INFO - Stored trained model with ID: decision_tree_3
2025-11-23 14:23:20,569 - model - INFO - Cached model object for decision_tree_3
2025-11-23 14:23:20,569 - model - INFO - Model decision_tree trained successfully. CV Score: 8854333.7443
2025-11-23 14:23:23,380 - model - INFO - Training random_forest with dataset size: 6357 samples, 11 features
2025-11-23 14:23:23,381 - model - INFO - Checking cache for random_forest with key: random_forest_[('bootstrap', True), ('ccp_alpha', 0.0), ('criterion', 'squared_error'), ('max_depth', 10), ('max_features', 'sqrt'), ('max_samples', None), ('min_impurity_decrease', 0.0), ('min_samples_leaf', 1), ('min_samples_split', 2), ('n_estimators', 100)]_-8506169667264841732
2025-11-23 14:23:23,381 - model - INFO - Using cached results for random_forest
2025-11-23 14:23:23,381 - model - INFO - Model object not cached, retraining random_forest
2025-11-23 14:23:23,381 - model - INFO - RandomForest max_samples set to: None
2025-11-23 14:23:23,381 - model - INFO - Training random_forest model with params: {'n_estimators': 100, 'max_depth': 10, 'min_samples_split': 2, 'min_samples_leaf': 1, 'max_features': 'sqrt', 'bootstrap': True, 'criterion': 'squared_error', 'ccp_alpha': 0.0, 'max_samples': None, 'min_impurity_decrease': 0.0}
2025-11-23 14:23:23,801 - model - INFO - Applied bootstrap sampling with max_samples=None
2025-11-23 14:23:23,801 - model - INFO - Stored trained model with ID: random_forest_4
2025-11-23 14:23:25,578 - model - INFO - Cached model object for random_forest_4
2025-11-23 14:23:25,578 - model - INFO - Model random_forest trained successfully. CV Score: 2036000.2735
2025-11-23 14:24:01,242 - model - INFO - Training KNN with dataset size: 6357 samples, 11 features
2025-11-23 14:24:01,242 - model - INFO - Checking cache for KNN with key: KNN_[('algorithm', 'auto'), ('metric', 'euclidean'), ('n_neighbors', 3), ('p', 1), ('weights', 'uniform')]_-8506169667264841732
2025-11-23 14:24:01,242 - model - INFO - Using cached results for KNN
2025-11-23 14:24:01,243 - model - INFO - Model object not cached, retraining KNN
2025-11-23 14:24:01,246 - model - INFO - Applied RobustScaler to features for KNN
2025-11-23 14:24:01,246 - model - INFO - Training KNN model with params: {'n_neighbors': 3, 'metric': 'euclidean', 'weights': 'uniform', 'algorithm': 'auto', 'p': 1}
2025-11-23 14:24:01,249 - model - INFO - Stored trained model with ID: KNN_5
2025-11-23 14:24:01,432 - model - INFO - KNN Validation: Optimal K=3, CV Score=8040551.0352
2025-11-23 14:24:01,433 - model - INFO - Cached model object for KNN_5
2025-11-23 14:24:01,433 - model - INFO - Model KNN trained successfully. CV Score: 8040551.0352
2025-11-23 14:24:07,539 - model - INFO - Model linear_0 evaluation completed. Score: 0.8572
2025-11-23 14:24:07,540 - model - INFO - Model ridge_1 evaluation completed. Score: 0.8572
2025-11-23 14:24:07,541 - model - INFO - Model lasso_2 evaluation completed. Score: 0.8572
2025-11-23 14:24:07,542 - model - INFO - Model decision_tree_3 evaluation completed. Score: 0.9162
2025-11-23 14:24:07,553 - model - INFO - Model random_forest_4 evaluation completed. Score: 0.9741
2025-11-23 14:24:07,580 - model - INFO - Model KNN_5 evaluation completed. Score: 0.8009
2025-11-23 14:24:07,580 - model - INFO - Starting comprehensive model comparison with 6 models
2025-11-23 14:24:07,580 - model - INFO - Training and evaluating linear
2025-11-23 14:24:07,580 - model - INFO - Training linear with dataset size: 1590 samples, 11 features
2025-11-23 14:24:07,580 - model - INFO - Checking cache for linear with key: linear_[]_-8506169667264841732
2025-11-23 14:24:07,582 - model - INFO - Using cached results for linear
2025-11-23 14:24:07,582 - model - INFO - Model object not cached, retraining linear
2025-11-23 14:24:07,584 - model - INFO - Applied RobustScaler to features for linear
2025-11-23 14:24:07,584 - model - INFO - Training linear model with params: {}
2025-11-23 14:24:07,585 - model - INFO - Stored trained model with ID: linear_6
2025-11-23 14:24:07,597 - model - INFO - Cached model object for linear_6
2025-11-23 14:24:07,597 - model - INFO - Model linear trained successfully. CV Score: 11334988.6883
2025-11-23 14:24:08,248 - model - INFO - Completed evaluation for linear: R² = 0.4446
2025-11-23 14:24:08,248 - model - INFO - Training and evaluating ridge
2025-11-23 14:24:08,248 - model - INFO - Training ridge with dataset size: 1590 samples, 11 features
2025-11-23 14:24:08,248 - model - INFO - Checking cache for ridge with key: ridge_[]_-8506169667264841732
2025-11-23 14:24:08,249 - model - INFO - Using cached results for ridge
2025-11-23 14:24:08,249 - model - INFO - Model object not cached, retraining ridge
2025-11-23 14:24:08,250 - model - INFO - Applied RobustScaler to features for ridge
2025-11-23 14:24:08,251 - model - INFO - Training ridge model with params: {}
2025-11-23 14:24:08,251 - model - INFO - Stored trained model with ID: ridge_7
2025-11-23 14:24:08,263 - model - INFO - Cached model object for ridge_7
2025-11-23 14:24:08,263 - model - INFO - Model ridge trained successfully. CV Score: 11330376.8985
2025-11-23 14:24:09,105 - model - INFO - Completed evaluation for ridge: R² = 0.4538
2025-11-23 14:24:09,105 - model - INFO - Training and evaluating lasso
2025-11-23 14:24:09,105 - model - INFO - Training lasso with dataset size: 1590 samples, 11 features
2025-11-23 14:24:09,105 - model - INFO - Checking cache for lasso with key: lasso_[]_-8506169667264841732
2025-11-23 14:24:09,106 - model - INFO - Using cached results for lasso
2025-11-23 14:24:09,106 - model - INFO - Model object not cached, retraining lasso
2025-11-23 14:24:09,107 - model - INFO - Applied RobustScaler to features for lasso
2025-11-23 14:24:09,107 - model - INFO - Training lasso model with params: {}
2025-11-23 14:24:09,110 - model - INFO - Stored trained model with ID: lasso_8
2025-11-23 14:24:09,125 - model - INFO - Cached model object for lasso_8
2025-11-23 14:24:09,126 - model - INFO - Model lasso trained successfully. CV Score: 11334116.2622
2025-11-23 14:24:09,897 - model - INFO - Completed evaluation for lasso: R² = 0.4457
2025-11-23 14:24:09,898 - model - INFO - Training and evaluating decision_tree
2025-11-23 14:24:09,898 - model - INFO - Training decision_tree with dataset size: 1590 samples, 11 features
2025-11-23 14:24:09,898 - model - INFO - Checking cache for decision_tree with key: decision_tree_[('max_depth', 10), ('max_features', 'sqrt'), ('min_samples_leaf', 2), ('min_samples_split', 5)]_-8506169667264841732
2025-11-23 14:24:09,898 - model - INFO - Using cached results for decision_tree
2025-11-23 14:24:09,898 - model - INFO - Model object not cached, retraining decision_tree
2025-11-23 14:24:09,898 - model - INFO - Training decision_tree model with params: {'max_depth': 10, 'min_samples_split': 5, 'min_samples_leaf': 2, 'max_features': 'sqrt'}
2025-11-23 14:24:10,684 - model - INFO - Stored trained model with ID: decision_tree_9
2025-11-23 14:24:10,696 - model - INFO - Cached model object for decision_tree_9
2025-11-23 14:24:10,697 - model - INFO - Model decision_tree trained successfully. CV Score: 11583431.5800
2025-11-23 14:24:11,432 - model - INFO - Completed evaluation for decision_tree: R² = 0.9587
2025-11-23 14:24:11,432 - model - INFO - Training and evaluating random_forest
2025-11-23 14:24:11,432 - model - INFO - Training random_forest with dataset size: 1590 samples, 11 features
2025-11-23 14:24:11,432 - model - INFO - Checking cache for random_forest with key: random_forest_[('bootstrap', True), ('max_depth', 10), ('max_features', 'sqrt'), ('max_samples', 0.5), ('min_samples_leaf', 2), ('min_samples_split', 5), ('n_estimators', 100)]_-8506169667264841732
2025-11-23 14:24:11,432 - model - INFO - Using cached results for random_forest
2025-11-23 14:24:11,432 - model - INFO - Model object not cached, retraining random_forest
2025-11-23 14:24:11,433 - model - INFO - RandomForest max_samples set to: 0.5
2025-11-23 14:24:11,433 - model - INFO - Training random_forest model with params: {'max_depth': 10, 'min_samples_split': 5, 'min_samples_leaf': 2, 'max_features': 'sqrt', 'n_estimators': 100, 'bootstrap': True, 'max_samples': 0.5}
2025-11-23 14:24:11,517 - model - INFO - Applied bootstrap sampling with max_samples=795
2025-11-23 14:24:11,517 - model - INFO - Stored trained model with ID: random_forest_10
2025-11-23 14:24:11,976 - model - INFO - Cached model object for random_forest_10
2025-11-23 14:24:11,976 - model - INFO - Model random_forest trained successfully. CV Score: 4633745.8637
2025-11-23 14:24:19,547 - model - INFO - Completed evaluation for random_forest: R² = 0.9718
2025-11-23 14:24:19,547 - model - INFO - Training and evaluating KNN
2025-11-23 14:24:19,547 - model - INFO - Starting hyperparameter tuning for KNN
2025-11-23 14:24:24,003 - model - INFO - Tuning completed. Best score: 10699451.8847, Overfitting risk: low
2025-11-23 14:24:24,003 - model - INFO - Training KNN with dataset size: 1590 samples, 11 features
2025-11-23 14:24:24,003 - model - INFO - Checking cache for KNN with key: KNN_[('algorithm', 'auto'), ('metric', 'manhattan'), ('n_neighbors', 7), ('p', 1), ('weights', 'distance')]_-8506169667264841732
2025-11-23 14:24:24,004 - model - INFO - Using cached results for KNN
2025-11-23 14:24:24,004 - model - INFO - Model object not cached, retraining KNN
2025-11-23 14:24:24,006 - model - INFO - Applied RobustScaler to features for KNN
2025-11-23 14:24:24,006 - model - INFO - Training KNN model with params: {'algorithm': 'auto', 'metric': 'manhattan', 'n_neighbors': 7, 'p': 1, 'weights': 'distance'}
2025-11-23 14:24:24,007 - model - INFO - Stored trained model with ID: KNN_11
2025-11-23 14:24:24,047 - model - INFO - KNN Validation: Optimal K=7, CV Score=10699451.8847
2025-11-23 14:24:24,048 - model - INFO - Cached model object for KNN_11
2025-11-23 14:24:24,048 - model - INFO - Model KNN trained successfully. CV Score: 10699451.8847
2025-11-23 14:24:26,048 - model - INFO - Completed evaluation for KNN: R² = 0.8475
2025-11-23 14:24:26,232 - model - ERROR - Failed to generate model comparison visualizations: [Errno 2] No such file or directory: 'visualizations/model_comparison_with_knn.png'
2025-11-23 14:24:26,235 - model - INFO - Saved model comparison report to reports/model_comparison_report_20251123_142426.json
2025-11-23 14:24:26,235 - model - INFO - Model comparison completed. Best model: random_forest (R² = 0.9718)
2025-11-23 14:24:34,909 - model - INFO - Training linear with dataset size: 6357 samples, 11 features
2025-11-23 14:24:34,909 - model - INFO - Checking cache for linear with key: linear_[('fit_intercept', True), ('polynomial_degree', 1)]_-8506169667264841732
2025-11-23 14:24:34,910 - model - INFO - Using cached results for linear
2025-11-23 14:24:34,910 - model - INFO - Model object not cached, retraining linear
2025-11-23 14:24:34,913 - model - INFO - Applied RobustScaler to features for linear
2025-11-23 14:24:34,913 - model - INFO - Training linear model with params: {'fit_intercept': True, 'polynomial_degree': 1}
2025-11-23 14:24:34,914 - model - INFO - Stored trained model with ID: linear_0
2025-11-23 14:24:34,937 - model - INFO - Cached model object for linear_0
2025-11-23 14:24:34,937 - model - INFO - Model linear trained successfully. CV Score: 11212237.0290
2025-11-23 14:24:37,632 - model - INFO - Training ridge with dataset size: 6357 samples, 11 features
2025-11-23 14:24:37,632 - model - INFO - Checking cache for ridge with key: ridge_[('alpha', 0.001), ('fit_intercept', True), ('polynomial_degree', 1), ('solver', 'auto')]_-8506169667264841732
2025-11-23 14:24:37,633 - model - INFO - Using cached results for ridge
2025-11-23 14:24:37,633 - model - INFO - Model object not cached, retraining ridge
2025-11-23 14:24:37,637 - model - INFO - Applied RobustScaler to features for ridge
2025-11-23 14:24:37,637 - model - INFO - Training ridge model with params: {'alpha': 0.001, 'fit_intercept': True, 'polynomial_degree': 1, 'solver': 'auto'}
2025-11-23 14:24:37,637 - model - INFO - Stored trained model with ID: ridge_1
2025-11-23 14:24:37,657 - model - INFO - Cached model object for ridge_1
2025-11-23 14:24:37,657 - model - INFO - Model ridge trained successfully. CV Score: 11212236.7833
2025-11-23 14:24:40,171 - model - INFO - Training lasso with dataset size: 6357 samples, 11 features
2025-11-23 14:24:40,172 - model - INFO - Checking cache for lasso with key: lasso_[('alpha', 0.001), ('fit_intercept', True), ('max_iter', 1000), ('polynomial_degree', 1), ('selection', 'cyclic')]_-8506169667264841732
2025-11-23 14:24:40,172 - model - INFO - Using cached results for lasso
2025-11-23 14:24:40,172 - model - INFO - Model object not cached, retraining lasso
2025-11-23 14:24:40,176 - model - INFO - Applied RobustScaler to features for lasso
2025-11-23 14:24:40,176 - model - INFO - Training lasso model with params: {'alpha': 0.001, 'fit_intercept': True, 'polynomial_degree': 1, 'selection': 'cyclic', 'max_iter': 1000}
2025-11-23 14:24:40,208 - model - INFO - Stored trained model with ID: lasso_2
2025-11-23 14:24:40,345 - model - INFO - Cached model object for lasso_2
2025-11-23 14:24:40,346 - model - INFO - Model lasso trained successfully. CV Score: 11212236.7357
2025-11-23 14:24:45,092 - model - INFO - Training decision_tree with dataset size: 6357 samples, 11 features
2025-11-23 14:24:45,092 - model - INFO - Checking cache for decision_tree with key: decision_tree_[('ccp_alpha', 0.0), ('criterion', 'squared_error'), ('max_depth', 10), ('max_features', 'sqrt'), ('min_samples_leaf', 1), ('min_samples_split', 2), ('splitter', 'best')]_-8506169667264841732
2025-11-23 14:24:45,093 - model - INFO - Using cached results for decision_tree
2025-11-23 14:24:45,093 - model - INFO - Model object not cached, retraining decision_tree
2025-11-23 14:24:45,093 - model - INFO - Training decision_tree model with params: {'max_depth': 10, 'min_samples_split': 2, 'min_samples_leaf': 1, 'max_features': 'sqrt', 'criterion': 'squared_error', 'ccp_alpha': 0.0, 'splitter': 'best'}
2025-11-23 14:24:58,106 - model - INFO - Stored trained model with ID: decision_tree_3
2025-11-23 14:24:58,139 - model - INFO - Cached model object for decision_tree_3
2025-11-23 14:24:58,139 - model - INFO - Model decision_tree trained successfully. CV Score: 8854333.7443
2025-11-23 14:25:01,104 - model - INFO - Training random_forest with dataset size: 6357 samples, 11 features
2025-11-23 14:25:01,104 - model - INFO - Checking cache for random_forest with key: random_forest_[('bootstrap', True), ('ccp_alpha', 0.0), ('criterion', 'squared_error'), ('max_depth', 10), ('max_features', 'sqrt'), ('max_samples', None), ('min_impurity_decrease', 0.0), ('min_samples_leaf', 1), ('min_samples_split', 2), ('n_estimators', 100)]_-8506169667264841732
2025-11-23 14:25:01,104 - model - INFO - Using cached results for random_forest
2025-11-23 14:25:01,105 - model - INFO - Model object not cached, retraining random_forest
2025-11-23 14:25:01,105 - model - INFO - RandomForest max_samples set to: None
2025-11-23 14:25:01,105 - model - INFO - Training random_forest model with params: {'n_estimators': 100, 'max_depth': 10, 'min_samples_split': 2, 'min_samples_leaf': 1, 'max_features': 'sqrt', 'bootstrap': True, 'criterion': 'squared_error', 'ccp_alpha': 0.0, 'max_samples': None, 'min_impurity_decrease': 0.0}
2025-11-23 14:25:01,520 - model - INFO - Applied bootstrap sampling with max_samples=None
2025-11-23 14:25:01,520 - model - INFO - Stored trained model with ID: random_forest_4
2025-11-23 14:25:03,339 - model - INFO - Cached model object for random_forest_4
2025-11-23 14:25:03,339 - model - INFO - Model random_forest trained successfully. CV Score: 2036000.2735
2025-11-23 14:25:39,298 - model - INFO - Training KNN with dataset size: 6357 samples, 11 features
2025-11-23 14:25:39,298 - model - INFO - Checking cache for KNN with key: KNN_[('algorithm', 'auto'), ('metric', 'euclidean'), ('n_neighbors', 3), ('p', 1), ('weights', 'uniform')]_-8506169667264841732
2025-11-23 14:25:39,299 - model - INFO - Using cached results for KNN
2025-11-23 14:25:39,299 - model - INFO - Model object not cached, retraining KNN
2025-11-23 14:25:39,302 - model - INFO - Applied RobustScaler to features for KNN
2025-11-23 14:25:39,302 - model - INFO - Training KNN model with params: {'n_neighbors': 3, 'metric': 'euclidean', 'weights': 'uniform', 'algorithm': 'auto', 'p': 1}
2025-11-23 14:25:39,304 - model - INFO - Stored trained model with ID: KNN_5
2025-11-23 14:25:39,484 - model - INFO - KNN Validation: Optimal K=3, CV Score=8040551.0352
2025-11-23 14:25:39,485 - model - INFO - Cached model object for KNN_5
2025-11-23 14:25:39,485 - model - INFO - Model KNN trained successfully. CV Score: 8040551.0352
2025-11-23 14:25:45,992 - model - INFO - Model linear_0 evaluation completed. Score: 0.8572
2025-11-23 14:25:45,994 - model - INFO - Model ridge_1 evaluation completed. Score: 0.8572
2025-11-23 14:25:45,994 - model - INFO - Model lasso_2 evaluation completed. Score: 0.8572
2025-11-23 14:25:45,995 - model - INFO - Model decision_tree_3 evaluation completed. Score: 0.9162
2025-11-23 14:25:46,008 - model - INFO - Model random_forest_4 evaluation completed. Score: 0.9741
2025-11-23 14:25:46,034 - model - INFO - Model KNN_5 evaluation completed. Score: 0.8009
2025-11-23 14:25:46,034 - model - INFO - Starting comprehensive model comparison with 6 models
2025-11-23 14:25:46,034 - model - INFO - Training and evaluating linear
2025-11-23 14:25:46,034 - model - INFO - Training linear with dataset size: 1590 samples, 11 features
2025-11-23 14:25:46,034 - model - INFO - Checking cache for linear with key: linear_[]_-8506169667264841732
2025-11-23 14:25:46,035 - model - INFO - Using cached results for linear
2025-11-23 14:25:46,035 - model - INFO - Model object not cached, retraining linear
2025-11-23 14:25:46,037 - model - INFO - Applied RobustScaler to features for linear
2025-11-23 14:25:46,037 - model - INFO - Training linear model with params: {}
2025-11-23 14:25:46,037 - model - INFO - Stored trained model with ID: linear_6
2025-11-23 14:25:46,050 - model - INFO - Cached model object for linear_6
2025-11-23 14:25:46,050 - model - INFO - Model linear trained successfully. CV Score: 11334988.6883
2025-11-23 14:25:46,719 - model - INFO - Completed evaluation for linear: R² = 0.4446
2025-11-23 14:25:46,719 - model - INFO - Training and evaluating ridge
2025-11-23 14:25:46,719 - model - INFO - Training ridge with dataset size: 1590 samples, 11 features
2025-11-23 14:25:46,719 - model - INFO - Checking cache for ridge with key: ridge_[]_-8506169667264841732
2025-11-23 14:25:46,720 - model - INFO - Using cached results for ridge
2025-11-23 14:25:46,720 - model - INFO - Model object not cached, retraining ridge
2025-11-23 14:25:46,721 - model - INFO - Applied RobustScaler to features for ridge
2025-11-23 14:25:46,721 - model - INFO - Training ridge model with params: {}
2025-11-23 14:25:46,722 - model - INFO - Stored trained model with ID: ridge_7
2025-11-23 14:25:46,735 - model - INFO - Cached model object for ridge_7
2025-11-23 14:25:46,735 - model - INFO - Model ridge trained successfully. CV Score: 11330376.8985
2025-11-23 14:25:47,435 - model - INFO - Completed evaluation for ridge: R² = 0.4538
2025-11-23 14:25:47,435 - model - INFO - Training and evaluating lasso
2025-11-23 14:25:47,435 - model - INFO - Training lasso with dataset size: 1590 samples, 11 features
2025-11-23 14:25:47,435 - model - INFO - Checking cache for lasso with key: lasso_[]_-8506169667264841732
2025-11-23 14:25:47,435 - model - INFO - Using cached results for lasso
2025-11-23 14:25:47,435 - model - INFO - Model object not cached, retraining lasso
2025-11-23 14:25:47,437 - model - INFO - Applied RobustScaler to features for lasso
2025-11-23 14:25:47,437 - model - INFO - Training lasso model with params: {}
2025-11-23 14:25:47,439 - model - INFO - Stored trained model with ID: lasso_8
2025-11-23 14:25:47,456 - model - INFO - Cached model object for lasso_8
2025-11-23 14:25:47,456 - model - INFO - Model lasso trained successfully. CV Score: 11334116.2622
2025-11-23 14:25:48,251 - model - INFO - Completed evaluation for lasso: R² = 0.4457
2025-11-23 14:25:48,251 - model - INFO - Training and evaluating decision_tree
2025-11-23 14:25:48,251 - model - INFO - Training decision_tree with dataset size: 1590 samples, 11 features
2025-11-23 14:25:48,251 - model - INFO - Checking cache for decision_tree with key: decision_tree_[('max_depth', 10), ('max_features', 'sqrt'), ('min_samples_leaf', 2), ('min_samples_split', 5)]_-8506169667264841732
2025-11-23 14:25:48,252 - model - INFO - Using cached results for decision_tree
2025-11-23 14:25:48,252 - model - INFO - Model object not cached, retraining decision_tree
2025-11-23 14:25:48,252 - model - INFO - Training decision_tree model with params: {'max_depth': 10, 'min_samples_split': 5, 'min_samples_leaf': 2, 'max_features': 'sqrt'}
2025-11-23 14:25:49,039 - model - INFO - Stored trained model with ID: decision_tree_9
2025-11-23 14:25:49,051 - model - INFO - Cached model object for decision_tree_9
2025-11-23 14:25:49,051 - model - INFO - Model decision_tree trained successfully. CV Score: 11583431.5800
2025-11-23 14:25:49,786 - model - INFO - Completed evaluation for decision_tree: R² = 0.9587
2025-11-23 14:25:49,786 - model - INFO - Training and evaluating random_forest
2025-11-23 14:25:49,786 - model - INFO - Training random_forest with dataset size: 1590 samples, 11 features
2025-11-23 14:25:49,786 - model - INFO - Checking cache for random_forest with key: random_forest_[('bootstrap', True), ('max_depth', 10), ('max_features', 'sqrt'), ('max_samples', 0.5), ('min_samples_leaf', 2), ('min_samples_split', 5), ('n_estimators', 100)]_-8506169667264841732
2025-11-23 14:25:49,786 - model - INFO - Using cached results for random_forest
2025-11-23 14:25:49,786 - model - INFO - Model object not cached, retraining random_forest
2025-11-23 14:25:49,787 - model - INFO - RandomForest max_samples set to: 0.5
2025-11-23 14:25:49,787 - model - INFO - Training random_forest model with params: {'max_depth': 10, 'min_samples_split': 5, 'min_samples_leaf': 2, 'max_features': 'sqrt', 'n_estimators': 100, 'bootstrap': True, 'max_samples': 0.5}
2025-11-23 14:25:49,873 - model - INFO - Applied bootstrap sampling with max_samples=795
2025-11-23 14:25:49,873 - model - INFO - Stored trained model with ID: random_forest_10
2025-11-23 14:25:50,316 - model - INFO - Cached model object for random_forest_10
2025-11-23 14:25:50,316 - model - INFO - Model random_forest trained successfully. CV Score: 4633745.8637
2025-11-23 14:25:57,871 - model - INFO - Completed evaluation for random_forest: R² = 0.9718
2025-11-23 14:25:57,872 - model - INFO - Training and evaluating KNN
2025-11-23 14:25:57,872 - model - INFO - Starting hyperparameter tuning for KNN
2025-11-23 14:26:00,797 - model - INFO - Tuning completed. Best score: 10699451.8847, Overfitting risk: low
2025-11-23 14:26:00,798 - model - INFO - Training KNN with dataset size: 1590 samples, 11 features
2025-11-23 14:26:00,798 - model - INFO - Checking cache for KNN with key: KNN_[('algorithm', 'auto'), ('metric', 'manhattan'), ('n_neighbors', 7), ('p', 1), ('weights', 'distance')]_-8506169667264841732
2025-11-23 14:26:00,798 - model - INFO - Using cached results for KNN
2025-11-23 14:26:00,798 - model - INFO - Model object not cached, retraining KNN
2025-11-23 14:26:00,800 - model - INFO - Applied RobustScaler to features for KNN
2025-11-23 14:26:00,800 - model - INFO - Training KNN model with params: {'algorithm': 'auto', 'metric': 'manhattan', 'n_neighbors': 7, 'p': 1, 'weights': 'distance'}
2025-11-23 14:26:00,801 - model - INFO - Stored trained model with ID: KNN_11
2025-11-23 14:26:00,840 - model - INFO - KNN Validation: Optimal K=7, CV Score=10699451.8847
2025-11-23 14:26:00,841 - model - INFO - Cached model object for KNN_11
2025-11-23 14:26:00,841 - model - INFO - Model KNN trained successfully. CV Score: 10699451.8847
2025-11-23 14:26:03,181 - model - INFO - Completed evaluation for KNN: R² = 0.8475
2025-11-23 14:26:03,370 - model - ERROR - Failed to generate model comparison visualizations: [Errno 2] No such file or directory: 'visualizations/model_comparison_with_knn.png'
2025-11-23 14:26:03,373 - model - INFO - Saved model comparison report to reports/model_comparison_report_20251123_142603.json
2025-11-23 14:26:03,373 - model - INFO - Model comparison completed. Best model: random_forest (R² = 0.9718)
2025-11-23 14:31:43,477 - model - INFO - Training linear with dataset size: 6357 samples, 11 features
2025-11-23 14:31:43,477 - model - INFO - Checking cache for linear with key: linear_[('fit_intercept', True), ('polynomial_degree', 1)]_2710022772877471124
2025-11-23 14:31:43,478 - model - INFO - Using cached results for linear
2025-11-23 14:31:43,478 - model - INFO - Model object not cached, retraining linear
2025-11-23 14:31:43,481 - model - INFO - Applied RobustScaler to features for linear
2025-11-23 14:31:43,481 - model - INFO - Training linear model with params: {'fit_intercept': True, 'polynomial_degree': 1}
2025-11-23 14:31:43,483 - model - INFO - Stored trained model with ID: linear_0
2025-11-23 14:31:43,503 - model - INFO - Cached model object for linear_0
2025-11-23 14:31:43,503 - model - INFO - Model linear trained successfully. CV Score: 11212237.0290
2025-11-23 14:31:46,416 - model - INFO - Training ridge with dataset size: 6357 samples, 11 features
2025-11-23 14:31:46,416 - model - INFO - Checking cache for ridge with key: ridge_[('alpha', 0.001), ('fit_intercept', True), ('polynomial_degree', 1), ('solver', 'auto')]_2710022772877471124
2025-11-23 14:31:46,417 - model - INFO - Using cached results for ridge
2025-11-23 14:31:46,417 - model - INFO - Model object not cached, retraining ridge
2025-11-23 14:31:46,420 - model - INFO - Applied RobustScaler to features for ridge
2025-11-23 14:31:46,420 - model - INFO - Training ridge model with params: {'alpha': 0.001, 'fit_intercept': True, 'polynomial_degree': 1, 'solver': 'auto'}
2025-11-23 14:31:46,423 - model - INFO - Stored trained model with ID: ridge_1
2025-11-23 14:31:46,442 - model - INFO - Cached model object for ridge_1
2025-11-23 14:31:46,442 - model - INFO - Model ridge trained successfully. CV Score: 11212236.7833
2025-11-23 14:31:49,073 - model - INFO - Training lasso with dataset size: 6357 samples, 11 features
2025-11-23 14:31:49,073 - model - INFO - Checking cache for lasso with key: lasso_[('alpha', 0.001), ('fit_intercept', True), ('max_iter', 1000), ('polynomial_degree', 1), ('selection', 'cyclic')]_2710022772877471124
2025-11-23 14:31:49,073 - model - INFO - Using cached results for lasso
2025-11-23 14:31:49,073 - model - INFO - Model object not cached, retraining lasso
2025-11-23 14:31:49,076 - model - INFO - Applied RobustScaler to features for lasso
2025-11-23 14:31:49,076 - model - INFO - Training lasso model with params: {'alpha': 0.001, 'fit_intercept': True, 'polynomial_degree': 1, 'selection': 'cyclic', 'max_iter': 1000}
2025-11-23 14:31:49,108 - model - INFO - Stored trained model with ID: lasso_2
2025-11-23 14:31:49,242 - model - INFO - Cached model object for lasso_2
2025-11-23 14:31:49,242 - model - INFO - Model lasso trained successfully. CV Score: 11212236.7357
2025-11-23 14:31:53,928 - model - INFO - Training decision_tree with dataset size: 6357 samples, 11 features
2025-11-23 14:31:53,928 - model - INFO - Checking cache for decision_tree with key: decision_tree_[('ccp_alpha', 0.0), ('criterion', 'squared_error'), ('max_depth', 10), ('max_features', 'sqrt'), ('min_samples_leaf', 1), ('min_samples_split', 2), ('splitter', 'best')]_2710022772877471124
2025-11-23 14:31:53,928 - model - INFO - Using cached results for decision_tree
2025-11-23 14:31:53,928 - model - INFO - Model object not cached, retraining decision_tree
2025-11-23 14:31:53,929 - model - INFO - Training decision_tree model with params: {'max_depth': 10, 'min_samples_split': 2, 'min_samples_leaf': 1, 'max_features': 'sqrt', 'criterion': 'squared_error', 'ccp_alpha': 0.0, 'splitter': 'best'}
2025-11-23 14:31:53,936 - model - INFO - Stored trained model with ID: decision_tree_3
2025-11-23 14:32:06,976 - model - INFO - Cached model object for decision_tree_3
2025-11-23 14:32:06,977 - model - INFO - Model decision_tree trained successfully. CV Score: 8854333.7443
2025-11-23 14:32:09,964 - model - INFO - Training random_forest with dataset size: 6357 samples, 11 features
2025-11-23 14:32:09,964 - model - INFO - Checking cache for random_forest with key: random_forest_[('bootstrap', True), ('ccp_alpha', 0.0), ('criterion', 'squared_error'), ('max_depth', 10), ('max_features', 'sqrt'), ('max_samples', None), ('min_impurity_decrease', 0.0), ('min_samples_leaf', 1), ('min_samples_split', 2), ('n_estimators', 100)]_2710022772877471124
2025-11-23 14:32:09,964 - model - INFO - Using cached results for random_forest
2025-11-23 14:32:09,964 - model - INFO - Model object not cached, retraining random_forest
2025-11-23 14:32:09,964 - model - INFO - RandomForest max_samples set to: None
2025-11-23 14:32:09,964 - model - INFO - Training random_forest model with params: {'n_estimators': 100, 'max_depth': 10, 'min_samples_split': 2, 'min_samples_leaf': 1, 'max_features': 'sqrt', 'bootstrap': True, 'criterion': 'squared_error', 'ccp_alpha': 0.0, 'max_samples': None, 'min_impurity_decrease': 0.0}
2025-11-23 14:32:10,389 - model - INFO - Stored trained model with ID: random_forest_4
2025-11-23 14:32:12,153 - model - INFO - Applied bootstrap sampling with max_samples=None
2025-11-23 14:32:12,194 - model - INFO - Cached model object for random_forest_4
2025-11-23 14:32:12,194 - model - INFO - Model random_forest trained successfully. CV Score: 2036000.2735
2025-11-23 14:32:47,973 - model - INFO - Training KNN with dataset size: 6357 samples, 11 features
2025-11-23 14:32:47,973 - model - INFO - Checking cache for KNN with key: KNN_[('algorithm', 'auto'), ('metric', 'euclidean'), ('n_neighbors', 3), ('p', 1), ('weights', 'uniform')]_2710022772877471124
2025-11-23 14:32:47,973 - model - INFO - Using cached results for KNN
2025-11-23 14:32:47,974 - model - INFO - Model object not cached, retraining KNN
2025-11-23 14:32:47,977 - model - INFO - Applied RobustScaler to features for KNN
2025-11-23 14:32:47,977 - model - INFO - Training KNN model with params: {'n_neighbors': 3, 'metric': 'euclidean', 'weights': 'uniform', 'algorithm': 'auto', 'p': 1}
2025-11-23 14:32:47,980 - model - INFO - Stored trained model with ID: KNN_5
2025-11-23 14:32:48,160 - model - INFO - KNN Validation: Optimal K=3, CV Score=8040551.0352
2025-11-23 14:32:48,160 - model - INFO - Cached model object for KNN_5
2025-11-23 14:32:48,160 - model - INFO - Model KNN trained successfully. CV Score: 8040551.0352
2025-11-23 14:32:54,305 - model - INFO - Model linear_0 evaluation completed. Score: 0.8572
2025-11-23 14:32:54,306 - model - INFO - Model ridge_1 evaluation completed. Score: 0.8572
2025-11-23 14:32:54,307 - model - INFO - Model lasso_2 evaluation completed. Score: 0.8572
2025-11-23 14:32:54,308 - model - INFO - Model decision_tree_3 evaluation completed. Score: 0.9162
2025-11-23 14:32:54,319 - model - INFO - Model random_forest_4 evaluation completed. Score: 0.9741
2025-11-23 14:32:54,344 - model - INFO - Model KNN_5 evaluation completed. Score: 0.8009
2025-11-23 14:32:54,345 - model - INFO - Starting comprehensive model comparison with 6 models
2025-11-23 14:32:54,345 - model - INFO - Training and evaluating linear
2025-11-23 14:32:54,345 - model - INFO - Training linear with dataset size: 1590 samples, 11 features
2025-11-23 14:32:54,345 - model - INFO - Checking cache for linear with key: linear_[]_2710022772877471124
2025-11-23 14:32:54,345 - model - INFO - Using cached results for linear
2025-11-23 14:32:54,345 - model - INFO - Model object not cached, retraining linear
2025-11-23 14:32:54,347 - model - INFO - Applied RobustScaler to features for linear
2025-11-23 14:32:54,347 - model - INFO - Training linear model with params: {}
2025-11-23 14:32:54,348 - model - INFO - Stored trained model with ID: linear_6
2025-11-23 14:32:54,360 - model - INFO - Cached model object for linear_6
2025-11-23 14:32:54,360 - model - INFO - Model linear trained successfully. CV Score: 11334988.6883
2025-11-23 14:32:54,992 - model - INFO - Completed evaluation for linear: R² = 0.4446
2025-11-23 14:32:54,992 - model - INFO - Training and evaluating ridge
2025-11-23 14:32:54,992 - model - INFO - Training ridge with dataset size: 1590 samples, 11 features
2025-11-23 14:32:54,992 - model - INFO - Checking cache for ridge with key: ridge_[]_2710022772877471124
2025-11-23 14:32:54,992 - model - INFO - Using cached results for ridge
2025-11-23 14:32:54,993 - model - INFO - Model object not cached, retraining ridge
2025-11-23 14:32:54,994 - model - INFO - Applied RobustScaler to features for ridge
2025-11-23 14:32:54,994 - model - INFO - Training ridge model with params: {}
2025-11-23 14:32:54,995 - model - INFO - Stored trained model with ID: ridge_7
2025-11-23 14:32:55,007 - model - INFO - Cached model object for ridge_7
2025-11-23 14:32:55,007 - model - INFO - Model ridge trained successfully. CV Score: 11330376.8985
2025-11-23 14:32:55,824 - model - INFO - Completed evaluation for ridge: R² = 0.4538
2025-11-23 14:32:55,824 - model - INFO - Training and evaluating lasso
2025-11-23 14:32:55,824 - model - INFO - Training lasso with dataset size: 1590 samples, 11 features
2025-11-23 14:32:55,824 - model - INFO - Checking cache for lasso with key: lasso_[]_2710022772877471124
2025-11-23 14:32:55,825 - model - INFO - Using cached results for lasso
2025-11-23 14:32:55,825 - model - INFO - Model object not cached, retraining lasso
2025-11-23 14:32:55,826 - model - INFO - Applied RobustScaler to features for lasso
2025-11-23 14:32:55,826 - model - INFO - Training lasso model with params: {}
2025-11-23 14:32:55,829 - model - INFO - Stored trained model with ID: lasso_8
2025-11-23 14:32:55,844 - model - INFO - Cached model object for lasso_8
2025-11-23 14:32:55,844 - model - INFO - Model lasso trained successfully. CV Score: 11334116.2622
2025-11-23 14:32:56,612 - model - INFO - Completed evaluation for lasso: R² = 0.4457
2025-11-23 14:32:56,612 - model - INFO - Training and evaluating decision_tree
2025-11-23 14:32:56,612 - model - INFO - Training decision_tree with dataset size: 1590 samples, 11 features
2025-11-23 14:32:56,612 - model - INFO - Checking cache for decision_tree with key: decision_tree_[('max_depth', 10), ('max_features', 'sqrt'), ('min_samples_leaf', 2), ('min_samples_split', 5)]_2710022772877471124
2025-11-23 14:32:56,613 - model - INFO - Using cached results for decision_tree
2025-11-23 14:32:56,613 - model - INFO - Model object not cached, retraining decision_tree
2025-11-23 14:32:56,613 - model - INFO - Training decision_tree model with params: {'max_depth': 10, 'min_samples_split': 5, 'min_samples_leaf': 2, 'max_features': 'sqrt'}
2025-11-23 14:32:56,615 - model - INFO - Stored trained model with ID: decision_tree_9
2025-11-23 14:32:57,401 - model - INFO - Cached model object for decision_tree_9
2025-11-23 14:32:57,401 - model - INFO - Model decision_tree trained successfully. CV Score: 11583431.5800
2025-11-23 14:32:58,111 - model - INFO - Completed evaluation for decision_tree: R² = 0.9587
2025-11-23 14:32:58,111 - model - INFO - Training and evaluating random_forest
2025-11-23 14:32:58,111 - model - INFO - Training random_forest with dataset size: 1590 samples, 11 features
2025-11-23 14:32:58,111 - model - INFO - Checking cache for random_forest with key: random_forest_[('bootstrap', True), ('max_depth', 10), ('max_features', 'sqrt'), ('max_samples', 0.5), ('min_samples_leaf', 2), ('min_samples_split', 5), ('n_estimators', 100)]_2710022772877471124
2025-11-23 14:32:58,112 - model - INFO - Using cached results for random_forest
2025-11-23 14:32:58,112 - model - INFO - Model object not cached, retraining random_forest
2025-11-23 14:32:58,112 - model - INFO - RandomForest max_samples set to: 0.5
2025-11-23 14:32:58,112 - model - INFO - Training random_forest model with params: {'max_depth': 10, 'min_samples_split': 5, 'min_samples_leaf': 2, 'max_features': 'sqrt', 'n_estimators': 100, 'bootstrap': True, 'max_samples': 0.5}
2025-11-23 14:32:58,196 - model - INFO - Stored trained model with ID: random_forest_10
2025-11-23 14:32:58,575 - model - INFO - Applied bootstrap sampling with max_samples=795
2025-11-23 14:32:58,590 - model - INFO - Cached model object for random_forest_10
2025-11-23 14:32:58,590 - model - INFO - Model random_forest trained successfully. CV Score: 5174621.7193
